/*
SQLyog Ultimate v12.09 (64 bit)
MySQL - 5.7.17-log : Database - tspdb
*********************************************************************
*/

/*!40101 SET NAMES utf8 */;

/*!40101 SET SQL_MODE=''*/;

/*!40014 SET @OLD_UNIQUE_CHECKS=@@UNIQUE_CHECKS, UNIQUE_CHECKS=0 */;
/*!40101 SET @OLD_SQL_MODE=@@SQL_MODE, SQL_MODE='NO_AUTO_VALUE_ON_ZERO' */;
/*!40111 SET @OLD_SQL_NOTES=@@SQL_NOTES, SQL_NOTES=0 */;
/*Table structure for table `mbr_member` */

CREATE TABLE `mbr_member` (
  `member_id` varchar(32) NOT NULL COMMENT '会员ID',
  `tenant_id` varchar(32) NOT NULL COMMENT '租户ID',
  `member_type` varchar(50) NOT NULL COMMENT '会员类型',
  `register_time` datetime NOT NULL COMMENT '注册时间',
  `start_date` date NOT NULL COMMENT '有效日期始',
  `end_date` date NOT NULL COMMENT '有效日期止',
  `attribute1` varchar(500) DEFAULT NULL,
  `attribute2` varchar(500) DEFAULT NULL,
  `attribute3` varchar(500) DEFAULT NULL,
  `attribute4` varchar(500) DEFAULT NULL,
  `attribute5` varchar(500) DEFAULT NULL,
  `attribute6` varchar(500) DEFAULT NULL,
  `attribute7` varchar(500) DEFAULT NULL,
  `attribute8` varchar(500) DEFAULT NULL,
  `attribute9` varchar(500) DEFAULT NULL,
  `attribute10` varchar(500) DEFAULT NULL,
  PRIMARY KEY (`member_id`),
  KEY `mbr_member_n1` (`tenant_id`),
  KEY `mbr_member_n2` (`start_date`,`end_date`)
) ENGINE=InnoDB DEFAULT CHARSET=utf8 COMMENT='会员';

/*Data for the table `mbr_member` */

insert  into `mbr_member`(`member_id`,`tenant_id`,`member_type`,`register_time`,`start_date`,`end_date`,`attribute1`,`attribute2`,`attribute3`,`attribute4`,`attribute5`,`attribute6`,`attribute7`,`attribute8`,`attribute9`,`attribute10`) values ('4c4c5b25280d4376bf73c351628f9a41','367bd463597b4a2ab23a808088adb750','diamond','2017-05-01 22:51:23','2017-05-01','2018-05-01',NULL,NULL,NULL,NULL,NULL,NULL,NULL,NULL,NULL,NULL);

/*Table structure for table `mbr_member_auth` */

CREATE TABLE `mbr_member_auth` (
  `auth_id` varchar(32) NOT NULL COMMENT '会员权限ID',
  `member_type` varchar(50) NOT NULL COMMENT '会员类型',
  `member_auth_type` varchar(50) NOT NULL COMMENT '会员权限类型',
  `member_auth_name` varchar(100) NOT NULL COMMENT '会员权限名称',
  `member_auth_value` varchar(100) NOT NULL COMMENT '会员权限值',
  `create_date` datetime NOT NULL COMMENT '创建日期',
  `created_by` varchar(32) NOT NULL COMMENT '创建人',
  `last_update_date` datetime NOT NULL COMMENT '最后更新日期',
  `last_updated_by` varchar(32) NOT NULL COMMENT '最后更新人',
  `attribute1` varchar(500) DEFAULT NULL,
  `attribute2` varchar(500) DEFAULT NULL,
  `attribute3` varchar(500) DEFAULT NULL,
  `attribute4` varchar(500) DEFAULT NULL,
  `attribute5` varchar(500) DEFAULT NULL,
  `attribute6` varchar(500) DEFAULT NULL,
  `attribute7` varchar(500) DEFAULT NULL,
  `attribute8` varchar(500) DEFAULT NULL,
  `attribute9` varchar(500) DEFAULT NULL,
  `attribute10` varchar(500) DEFAULT NULL,
  PRIMARY KEY (`auth_id`),
  UNIQUE KEY `mbr_member_auth_u1` (`member_type`,`member_auth_type`),
  KEY `mbr_member_auth_n1` (`member_type`)
) ENGINE=InnoDB DEFAULT CHARSET=utf8 COMMENT='会员权限';

/*Data for the table `mbr_member_auth` */

insert  into `mbr_member_auth`(`auth_id`,`member_type`,`member_auth_type`,`member_auth_name`,`member_auth_value`,`create_date`,`created_by`,`last_update_date`,`last_updated_by`,`attribute1`,`attribute2`,`attribute3`,`attribute4`,`attribute5`,`attribute6`,`attribute7`,`attribute8`,`attribute9`,`attribute10`) values ('16278b5840e8451db5363a0f0d98c6f3','general','see_rent_count','2.无限次查看出租人的出租次数','0','2017-04-29 22:28:32','2282a5af0e1f403297948eca95877a03','2017-04-29 22:32:54','2282a5af0e1f403297948eca95877a03',NULL,NULL,NULL,NULL,NULL,NULL,NULL,NULL,NULL,NULL),('438b7ebf193045f4a7d4d375757fdda1','platinum','see_wechat_number','1.每天10次查看出租人微信号机会','10','2017-04-29 22:34:24','2282a5af0e1f403297948eca95877a03','2017-04-29 22:34:52','2282a5af0e1f403297948eca95877a03',NULL,NULL,NULL,NULL,NULL,NULL,NULL,NULL,NULL,NULL),('509ddb559acc4ecda53c17d32db208e2','platinum','see_rent_count','2.无限次查看出租人的出租次数','0','2017-04-29 22:36:08','2282a5af0e1f403297948eca95877a03','2017-04-29 22:36:08','2282a5af0e1f403297948eca95877a03',NULL,NULL,NULL,NULL,NULL,NULL,NULL,NULL,NULL,NULL),('a1f14896a9e4462b928d44a03f306200','platinum','see_social_credit','3.无限次查看出租人的社交信息','0','2017-04-29 22:36:24','2282a5af0e1f403297948eca95877a03','2017-04-29 22:36:24','2282a5af0e1f403297948eca95877a03',NULL,NULL,NULL,NULL,NULL,NULL,NULL,NULL,NULL,NULL),('a9593e642ddf4b4a90e544d846e3cbb4','diamond','see_social_credit','3.无限次查看出租人的社交信息','0','2017-04-29 22:36:32','2282a5af0e1f403297948eca95877a03','2017-04-29 22:36:32','2282a5af0e1f403297948eca95877a03',NULL,NULL,NULL,NULL,NULL,NULL,NULL,NULL,NULL,NULL),('b2dcd358575d41f48ba4af2b7525c0a8','general','see_social_credit','3.无限次查看出租人的社交信息','0','2017-04-29 22:32:37','2282a5af0e1f403297948eca95877a03','2017-04-29 22:32:47','2282a5af0e1f403297948eca95877a03',NULL,NULL,NULL,NULL,NULL,NULL,NULL,NULL,NULL,NULL),('b78d0beef47a497aa2f860a4db55b67a','platinum','say_hello','4.每天50次与陌生人打招呼机会','50','2017-04-29 22:36:55','2282a5af0e1f403297948eca95877a03','2017-04-29 22:38:57','2282a5af0e1f403297948eca95877a03',NULL,NULL,NULL,NULL,NULL,NULL,NULL,NULL,NULL,NULL),('c839e18170ab43129c957c1d7d248c12','general','see_wechat_number','1.每天5次查看出租人微信号机会','5','2017-04-29 22:27:38','2282a5af0e1f403297948eca95877a03','2017-04-29 22:34:36','2282a5af0e1f403297948eca95877a03',NULL,NULL,NULL,NULL,NULL,NULL,NULL,NULL,NULL,NULL),('ce67ae861e99400899d5eb391b8b30c2','diamond','see_rent_count','2.无限次查看出租人的出租次数','0','2017-04-29 22:36:13','2282a5af0e1f403297948eca95877a03','2017-04-29 22:39:05','2282a5af0e1f403297948eca95877a03',NULL,NULL,NULL,NULL,NULL,NULL,NULL,NULL,NULL,NULL),('ce8bbf42a2634d2390106986169605c7','diamond','say_hello','4.无限次与陌生人打招呼机会','0','2017-04-29 22:37:32','2282a5af0e1f403297948eca95877a03','2017-04-29 22:37:32','2282a5af0e1f403297948eca95877a03',NULL,NULL,NULL,NULL,NULL,NULL,NULL,NULL,NULL,NULL),('ddb9ab9868b4435390baea8b50783960','general','say_hello','4.每天25次与陌生人打招呼机会','25','2017-04-29 22:33:50','2282a5af0e1f403297948eca95877a03','2017-04-29 22:37:08','2282a5af0e1f403297948eca95877a03',NULL,NULL,NULL,NULL,NULL,NULL,NULL,NULL,NULL,NULL),('fde3c09ee0c54612ab6a40289600ae0a','diamond','see_wechat_number','1.无限次查看出租人微信号机会','0','2017-04-29 22:35:15','2282a5af0e1f403297948eca95877a03','2017-04-29 22:35:15','2282a5af0e1f403297948eca95877a03',NULL,NULL,NULL,NULL,NULL,NULL,NULL,NULL,NULL,NULL);

/*Table structure for table `mbr_member_service` */

CREATE TABLE `mbr_member_service` (
  `service_id` varchar(32) NOT NULL COMMENT '会员服务ID',
  `member_type` varchar(50) NOT NULL COMMENT '会员类型',
  `member_duration` int(11) NOT NULL COMMENT '会员服务时长[单位是月]',
  `member_price` double NOT NULL COMMENT '会员服务价格[单位是元]',
  `service_name` varchar(100) NOT NULL COMMENT '会员服务名称',
  `service_name_ext` varchar(100) DEFAULT NULL COMMENT '会员服务名称扩展',
  `create_date` datetime NOT NULL COMMENT '创建日期',
  `created_by` varchar(32) NOT NULL COMMENT '创建人',
  `last_update_date` datetime NOT NULL COMMENT '最后更新日期',
  `last_updated_by` varchar(32) NOT NULL COMMENT '最后更新人',
  `attribute1` varchar(500) DEFAULT NULL,
  `attribute2` varchar(500) DEFAULT NULL,
  `attribute3` varchar(500) DEFAULT NULL,
  `attribute4` varchar(500) DEFAULT NULL,
  `attribute5` varchar(500) DEFAULT NULL,
  `attribute6` varchar(500) DEFAULT NULL,
  `attribute7` varchar(500) DEFAULT NULL,
  `attribute8` varchar(500) DEFAULT NULL,
  `attribute9` varchar(500) DEFAULT NULL,
  `attribute10` varchar(500) DEFAULT NULL,
  PRIMARY KEY (`service_id`),
  UNIQUE KEY `mbr_member_service_u1` (`member_type`,`member_duration`),
  KEY `mbr_member_service_n1` (`member_type`)
) ENGINE=InnoDB DEFAULT CHARSET=utf8 COMMENT='会员服务';

/*Data for the table `mbr_member_service` */

insert  into `mbr_member_service`(`service_id`,`member_type`,`member_duration`,`member_price`,`service_name`,`service_name_ext`,`create_date`,`created_by`,`last_update_date`,`last_updated_by`,`attribute1`,`attribute2`,`attribute3`,`attribute4`,`attribute5`,`attribute6`,`attribute7`,`attribute8`,`attribute9`,`attribute10`) values ('01b2a3fc143e41439fa1e690645a545f','platinum',12,488,'12个月488元','优惠78%','2017-04-29 17:15:00','2282a5af0e1f403297948eca95877a03','2017-04-29 17:46:25','2282a5af0e1f403297948eca95877a03',NULL,NULL,NULL,NULL,NULL,NULL,NULL,NULL,NULL,NULL),('06e22443c0984b8cbef4f906aaf6d62b','platinum',6,388,'6个月388元','优惠66%','2017-04-29 17:14:48','2282a5af0e1f403297948eca95877a03','2017-04-29 17:46:09','2282a5af0e1f403297948eca95877a03',NULL,NULL,NULL,NULL,NULL,NULL,NULL,NULL,NULL,NULL),('29ff0732e24f4beb98fa218186c96929','diamond',12,588,'12个月588元','优惠83%','2017-04-29 17:48:02','2282a5af0e1f403297948eca95877a03','2017-04-29 17:48:02','2282a5af0e1f403297948eca95877a03',NULL,NULL,NULL,NULL,NULL,NULL,NULL,NULL,NULL,NULL),('39afd73b7a314a36a0444c8d0c2757c5','general',12,388,'12个月388元','优惠63%','2017-04-29 16:58:30','2282a5af0e1f403297948eca95877a03','2017-04-29 17:44:58','2282a5af0e1f403297948eca95877a03',NULL,NULL,NULL,NULL,NULL,NULL,NULL,NULL,NULL,NULL),('41cccae8ef754c8fb40d01be7359d7c4','diamond',3,388,'3个月388元','优惠55%','2017-04-29 17:47:21','2282a5af0e1f403297948eca95877a03','2017-04-29 17:47:21','2282a5af0e1f403297948eca95877a03',NULL,NULL,NULL,NULL,NULL,NULL,NULL,NULL,NULL,NULL),('4c427839e28444be976077e0f52390e9','general',6,288,'6个月288元','优惠45%','2017-04-29 16:58:21','2282a5af0e1f403297948eca95877a03','2017-04-29 17:44:44','2282a5af0e1f403297948eca95877a03',NULL,NULL,NULL,NULL,NULL,NULL,NULL,NULL,NULL,NULL),('63880580a6bc44efb5b98696e580980c','general',3,188,'3个月188元','优惠29%','2017-04-29 16:58:26','2282a5af0e1f403297948eca95877a03','2017-04-29 17:44:27','2282a5af0e1f403297948eca95877a03',NULL,NULL,NULL,NULL,NULL,NULL,NULL,NULL,NULL,NULL),('67ba9cc1a3464010b3cf9fa033844362','diamond',6,488,'6个月488元','优惠72%','2017-04-29 17:47:41','2282a5af0e1f403297948eca95877a03','2017-04-29 17:47:41','2282a5af0e1f403297948eca95877a03',NULL,NULL,NULL,NULL,NULL,NULL,NULL,NULL,NULL,NULL),('8a475dba3cb04b47851cb98f9cb41edf','general',1,88,'1个月88元','','2017-04-29 16:58:35','2282a5af0e1f403297948eca95877a03','2017-04-29 17:44:10','2282a5af0e1f403297948eca95877a03',NULL,NULL,NULL,NULL,NULL,NULL,NULL,NULL,NULL,NULL),('9f58c463fc7c45eda61c4fba22223238','platinum',1,188,'1个月188元','','2017-04-29 17:14:22','2282a5af0e1f403297948eca95877a03','2017-04-29 17:45:41','2282a5af0e1f403297948eca95877a03',NULL,NULL,NULL,NULL,NULL,NULL,NULL,NULL,NULL,NULL),('b1bb8d5904724aeaa2be2944a38c5732','diamond',1,288,'1个月288元','','2017-04-29 17:47:03','2282a5af0e1f403297948eca95877a03','2017-04-29 17:47:03','2282a5af0e1f403297948eca95877a03',NULL,NULL,NULL,NULL,NULL,NULL,NULL,NULL,NULL,NULL),('df2476969c1d4c45920622810478813f','platinum',3,288,'3个月288元','优惠49%','2017-04-29 17:14:34','2282a5af0e1f403297948eca95877a03','2017-04-29 17:45:54','2282a5af0e1f403297948eca95877a03',NULL,NULL,NULL,NULL,NULL,NULL,NULL,NULL,NULL,NULL);

/*Table structure for table `oe_operating_entity` */

CREATE TABLE `oe_operating_entity` (
  `entity_id` varchar(32) NOT NULL COMMENT '运营实体ID',
  `entity_name` varchar(100) NOT NULL COMMENT '运营实体名称',
  `operator` varchar(20) NOT NULL COMMENT '运营人',
  `email` varchar(50) NOT NULL COMMENT '邮箱',
  `mobilephone` varchar(20) NOT NULL COMMENT '手机',
  `start_date` date NOT NULL COMMENT '有效日期始',
  `end_date` date DEFAULT NULL COMMENT '有效日期止',
  `status` varchar(50) NOT NULL COMMENT '状态[valid:有效;unvalid:无效]',
  `description` varchar(200) DEFAULT NULL COMMENT '说明',
  `create_date` datetime NOT NULL COMMENT '创建日期',
  `created_by` varchar(32) NOT NULL COMMENT '创建人',
  `last_update_date` datetime NOT NULL COMMENT '最后更新日期',
  `last_updated_by` varchar(32) NOT NULL COMMENT '最后更新人',
  `attribute1` varchar(500) DEFAULT NULL,
  `attribute2` varchar(500) DEFAULT NULL,
  `attribute3` varchar(500) DEFAULT NULL,
  `attribute4` varchar(500) DEFAULT NULL,
  `attribute5` varchar(500) DEFAULT NULL,
  `attribute6` varchar(500) DEFAULT NULL,
  `attribute7` varchar(500) DEFAULT NULL,
  `attribute8` varchar(500) DEFAULT NULL,
  `attribute9` varchar(500) DEFAULT NULL,
  `attribute10` varchar(500) DEFAULT NULL,
  PRIMARY KEY (`entity_id`),
  KEY `oe_operating_entity_n1` (`entity_name`),
  KEY `oe_operating_entity_n2` (`operator`),
  KEY `oe_operating_entity_n3` (`mobilephone`),
  KEY `oe_operating_entity_n4` (`email`),
  KEY `oe_operating_entity_n5` (`status`)
) ENGINE=InnoDB DEFAULT CHARSET=utf8 COMMENT='运营实体表';

/*Data for the table `oe_operating_entity` */

insert  into `oe_operating_entity`(`entity_id`,`entity_name`,`operator`,`email`,`mobilephone`,`start_date`,`end_date`,`status`,`description`,`create_date`,`created_by`,`last_update_date`,`last_updated_by`,`attribute1`,`attribute2`,`attribute3`,`attribute4`,`attribute5`,`attribute6`,`attribute7`,`attribute8`,`attribute9`,`attribute10`) values ('4a55b2f373364910bdff5f4f01ec213a','TimeSharePlatform','艾铮','aisunny1986@yeah.net','15853257351','2017-04-16','2018-04-15','valid','时间分享平台','2017-04-15 14:58:17','2282a5af0e1f403297948eca95877a03','2017-04-16 04:22:07','2282a5af0e1f403297948eca95877a03','','','','','','','','','','');

/*Table structure for table `oe_wechat_public` */

CREATE TABLE `oe_wechat_public` (
  `entity_id` varchar(32) NOT NULL COMMENT '运营实体ID',
  `wx_public_no_type` varchar(50) NOT NULL COMMENT '微信公众号类型[subscibe:订阅号;service:服务号;application:应用号]',
  `wx_public_no_id` varchar(50) DEFAULT NULL COMMENT '微信公众号-ID',
  `wx_public_no_code` varchar(50) DEFAULT NULL COMMENT '微信公众号-微信号',
  `wx_public_no_name` varchar(50) DEFAULT NULL COMMENT '微信公众号-名称',
  `wx_public_no_desc` varchar(100) DEFAULT NULL COMMENT '微信公众号-说明',
  `wx_country` varchar(50) DEFAULT NULL COMMENT '微信公众号-运营地区-国家',
  `wx_province` varchar(50) DEFAULT NULL COMMENT '微信公众号-运营地区-省',
  `wx_city` varchar(50) DEFAULT NULL COMMENT '微信公众号-运营地区-市',
  `wx_authentication_status` char(1) DEFAULT NULL COMMENT '微信认证状态[Y:已认证;N:未认证]',
  `wx_payment_status` char(1) DEFAULT NULL COMMENT '微信支付状态[Y:已开通;N:未开通]',
  `wx_developer_app_id` varchar(100) DEFAULT NULL COMMENT '微信开发者-应用ID',
  `wx_developer_app_secret` varchar(100) DEFAULT NULL COMMENT '微信开发者-应用秘钥',
  `wx_server_url` varchar(100) DEFAULT NULL COMMENT '微信服务器配置-地址',
  `wx_server_token` varchar(100) DEFAULT NULL COMMENT '微信服务器配置-令牌',
  `wx_server_encoding_aes_key` varchar(100) DEFAULT NULL COMMENT '微信服微信务器配置-消息加密秘钥',
  `wx_server_encoding_type` varchar(50) DEFAULT NULL COMMENT '微信服务器配置-消息加密方式[明文模式;兼容模式;安全模式]',
  `wx_mch_id` varchar(100) DEFAULT NULL COMMENT '微信支付商户号',
  `create_date` datetime NOT NULL COMMENT '创建日期',
  `created_by` varchar(32) NOT NULL COMMENT '创建人',
  `last_update_date` datetime NOT NULL COMMENT '最后更新日期',
  `last_updated_by` varchar(32) NOT NULL COMMENT '最后更新人',
  `attribute1` varchar(500) DEFAULT NULL,
  `attribute2` varchar(500) DEFAULT NULL,
  `attribute3` varchar(500) DEFAULT NULL,
  `attribute4` varchar(500) DEFAULT NULL,
  `attribute5` varchar(500) DEFAULT NULL,
  `attribute6` varchar(500) DEFAULT NULL,
  `attribute7` varchar(500) DEFAULT NULL,
  `attribute8` varchar(500) DEFAULT NULL,
  `attribute9` varchar(500) DEFAULT NULL,
  `attribute10` varchar(500) DEFAULT NULL,
  PRIMARY KEY (`entity_id`),
  KEY `oe_operating_entity_n2` (`wx_public_no_name`),
  KEY `oe_operating_entity_n3` (`wx_country`),
  KEY `oe_operating_entity_n4` (`wx_province`),
  KEY `oe_operating_entity_n5` (`wx_city`)
) ENGINE=InnoDB DEFAULT CHARSET=utf8 COMMENT='运营实体微信公众号表';

/*Data for the table `oe_wechat_public` */

insert  into `oe_wechat_public`(`entity_id`,`wx_public_no_type`,`wx_public_no_id`,`wx_public_no_code`,`wx_public_no_name`,`wx_public_no_desc`,`wx_country`,`wx_province`,`wx_city`,`wx_authentication_status`,`wx_payment_status`,`wx_developer_app_id`,`wx_developer_app_secret`,`wx_server_url`,`wx_server_token`,`wx_server_encoding_aes_key`,`wx_server_encoding_type`,`wx_mch_id`,`create_date`,`created_by`,`last_update_date`,`last_updated_by`,`attribute1`,`attribute2`,`attribute3`,`attribute4`,`attribute5`,`attribute6`,`attribute7`,`attribute8`,`attribute9`,`attribute10`) values ('4a55b2f373364910bdff5f4f01ec213a','subscibe','gh_d4c5ac837a87','TimeSharePlatform','TimeSharePlatform','时间分享平台','CN','370000','370200','N','N','wx7d3bc8ad5516c0b3','c23565f98385cb249a1d5b230e392127','http://t16971b592.51mypc.cn/TSPS','','','plaintext','','2017-04-25 08:44:26','2282a5af0e1f403297948eca95877a03','2017-04-25 08:45:50','2282a5af0e1f403297948eca95877a03','','','','','','','','','','');

/*Table structure for table `sys_data_dict_item` */

CREATE TABLE `sys_data_dict_item` (
  `item_code` varchar(50) NOT NULL COMMENT '数据字典项编码',
  `type_code` varchar(50) NOT NULL COMMENT '数据字典类型编码',
  `item_name` varchar(100) NOT NULL COMMENT '数据字典项名称',
  `display_order` int(11) DEFAULT NULL COMMENT '显示顺序',
  `enabled_flag` char(1) NOT NULL COMMENT '启用标识[Y:启用;N:禁用]',
  PRIMARY KEY (`item_code`,`type_code`),
  KEY `SYS_DATA_DICTI_ITEM_N1` (`enabled_flag`)
) ENGINE=InnoDB DEFAULT CHARSET=utf8 COMMENT='数据字典项';

/*Data for the table `sys_data_dict_item` */

insert  into `sys_data_dict_item`(`item_code`,`type_code`,`item_name`,`display_order`,`enabled_flag`) values ('1','member_duration','1个月',10,'Y'),('10','rent_scope','聊天',10,'Y'),('10','tenant_label','吃货',10,'Y'),('100','rent_scope','健身',100,'Y'),('11','tenant_label','酒神',11,'Y'),('110','rent_scope','瑜伽',110,'Y'),('12','member_duration','12个月',40,'Y'),('120','rent_scope','游泳',120,'Y'),('130','rent_scope','跑步',130,'Y'),('140','rent_scope','旅游',140,'Y'),('150','rent_scope','网游',150,'Y'),('20','rent_scope','约饭',20,'Y'),('20','tenant_label','麦霸',20,'Y'),('3','member_duration','3个月',20,'Y'),('30','rent_scope','逛街',30,'Y'),('30','tenant_label','模特',30,'Y'),('31','tenant_label','主播',31,'Y'),('32','tenant_label','白领',32,'Y'),('33','tenant_label','创业者',33,'Y'),('34','tenant_label','程序猿',34,'Y'),('35','tenant_label','设计师',35,'Y'),('36','tenant_label','工程师',36,'Y'),('37','tenant_label','公务员',37,'Y'),('38','tenant_label','演员',38,'Y'),('39','tenant_label','歌手',39,'Y'),('40','rent_scope','看电影',40,'Y'),('40','tenant_label','70后',40,'Y'),('41','tenant_label','80后',41,'Y'),('42','tenant_label','90后',42,'Y'),('43','tenant_label','00后',43,'Y'),('50','rent_scope','K歌',50,'Y'),('50','tenant_label','外貌协会',50,'Y'),('51','tenant_label','时尚达人',51,'Y'),('52','tenant_label','宅男',52,'Y'),('53','tenant_label','宅女',53,'Y'),('54','tenant_label','逗比',54,'Y'),('55','tenant_label','段子手',55,'Y'),('56','tenant_label','八卦',56,'Y'),('57','tenant_label','运动达人',57,'Y'),('6','member_duration','6个月',30,'Y'),('60','rent_scope','棋牌',60,'Y'),('70','rent_scope','麻将',70,'Y'),('80','rent_scope','台球',80,'Y'),('90','rent_scope','羽毛球',90,'Y'),('application','wx_public_no_type','应用号',30,'Y'),('aquarius','constellation','水瓶座',110,'Y'),('aries','constellation','白羊座',10,'Y'),('audit_nopass','audit_status','审核未通过',30,'Y'),('audit_pass','audit_status','审核已通过',20,'Y'),('authenticated_nopass','authentication_status','认证不通过',40,'Y'),('authenticated_pass','authentication_status','认证通过',30,'Y'),('authenticating','authentication_status','认证中',20,'Y'),('auto','code_rule','自动',10,'Y'),('blue','skin','蓝色',10,'Y'),('blue-light','skin','浅蓝色',20,'Y'),('cancer','constellation','巨蟹座',40,'Y'),('capricornus','constellation','摩羯座',100,'Y'),('checkbox','element_type','复选框',40,'Y'),('chicken','chines_zodiac','鸡',100,'Y'),('compatible','wx_server_encoding_type','兼容模式',20,'Y'),('cow','chines_zodiac','牛',20,'Y'),('date','element_type','日期控件',70,'Y'),('datetime','element_type','日期时间控件',90,'Y'),('diamond','member_type','钻石会员',30,'Y'),('dog','chines_zodiac','狗',110,'Y'),('dragon','chines_zodiac','龙',50,'Y'),('equal','operation_symbol','等于',10,'Y'),('exception','log_type','异常日志',20,'Y'),('fa-adjust','font_icon','fa-adjust',NULL,'Y'),('fa-anchor','font_icon','fa-anchor',NULL,'Y'),('fa-archive','font_icon','fa-archive',NULL,'Y'),('fa-area-chart','font_icon','fa-area-chart',NULL,'Y'),('fa-arrows','font_icon','fa-arrows',NULL,'Y'),('fa-arrows-h','font_icon','fa-arrows-h',NULL,'Y'),('fa-arrows-v','font_icon','fa-arrows-v',NULL,'Y'),('fa-asterisk','font_icon','fa-asterisk',NULL,'Y'),('fa-at','font_icon','fa-at',NULL,'Y'),('fa-automobile','font_icon','fa-automobile',NULL,'Y'),('fa-balance-scale','font_icon','fa-balance-scale',NULL,'Y'),('fa-ban','font_icon','fa-ban',NULL,'Y'),('fa-bank','font_icon','fa-bank',NULL,'Y'),('fa-bar-chart','font_icon','fa-bar-chart',NULL,'Y'),('fa-bar-chart-o','font_icon','fa-bar-chart-o',NULL,'Y'),('fa-barcode','font_icon','fa-barcode',NULL,'Y'),('fa-bars','font_icon','fa-bars',NULL,'Y'),('fa-battery-0','font_icon','fa-battery-0',NULL,'Y'),('fa-battery-1','font_icon','fa-battery-1',NULL,'Y'),('fa-battery-2','font_icon','fa-battery-2',NULL,'Y'),('fa-battery-3','font_icon','fa-battery-3',NULL,'Y'),('fa-battery-4','font_icon','fa-battery-4',NULL,'Y'),('fa-battery-empty','font_icon','fa-battery-empty',NULL,'Y'),('fa-battery-full','font_icon','fa-battery-full',NULL,'Y'),('fa-battery-half','font_icon','fa-battery-half',NULL,'Y'),('fa-battery-quarter','font_icon','fa-battery-quarter',NULL,'Y'),('fa-battery-three-quarters','font_icon','fa-battery-three-quarters',NULL,'Y'),('fa-bed','font_icon','fa-bed',NULL,'Y'),('fa-beer','font_icon','fa-beer',NULL,'Y'),('fa-bell','font_icon','fa-bell',NULL,'Y'),('fa-bell-o','font_icon','fa-bell-o',NULL,'Y'),('fa-bell-slash','font_icon','fa-bell-slash',NULL,'Y'),('fa-bell-slash-o','font_icon','fa-bell-slash-o',NULL,'Y'),('fa-bicycle','font_icon','fa-bicycle',NULL,'Y'),('fa-binoculars','font_icon','fa-binoculars',NULL,'Y'),('fa-birthday-cake','font_icon','fa-birthday-cake',NULL,'Y'),('fa-bolt','font_icon','fa-bolt',NULL,'Y'),('fa-bomb','font_icon','fa-bomb',NULL,'Y'),('fa-book','font_icon','fa-book',NULL,'Y'),('fa-bookmark','font_icon','fa-bookmark',NULL,'Y'),('fa-bookmark-o','font_icon','fa-bookmark-o',NULL,'Y'),('fa-briefcase','font_icon','fa-briefcase',NULL,'Y'),('fa-bug','font_icon','fa-bug',NULL,'Y'),('fa-building','font_icon','fa-building',NULL,'Y'),('fa-building-o','font_icon','fa-building-o',NULL,'Y'),('fa-bullhorn','font_icon','fa-bullhorn',NULL,'Y'),('fa-bullseye','font_icon','fa-bullseye',NULL,'Y'),('fa-bus','font_icon','fa-bus',NULL,'Y'),('fa-cab','font_icon','fa-cab',NULL,'Y'),('fa-calculator','font_icon','fa-calculator',NULL,'Y'),('fa-calendar','font_icon','fa-calendar',NULL,'Y'),('fa-calendar-check-o','font_icon','fa-calendar-check-o',NULL,'Y'),('fa-calendar-minus-o','font_icon','fa-calendar-minus-o',NULL,'Y'),('fa-calendar-o','font_icon','fa-calendar-o',NULL,'Y'),('fa-calendar-plus-o','font_icon','fa-calendar-plus-o',NULL,'Y'),('fa-calendar-times-o','font_icon','fa-calendar-times-o',NULL,'Y'),('fa-camera','font_icon','fa-camera',NULL,'Y'),('fa-camera-retro','font_icon','fa-camera-retro',NULL,'Y'),('fa-car','font_icon','fa-car',NULL,'Y'),('fa-caret-square-o-down','font_icon','fa-caret-square-o-down',NULL,'Y'),('fa-caret-square-o-left','font_icon','fa-caret-square-o-left',NULL,'Y'),('fa-caret-square-o-right','font_icon','fa-caret-square-o-right',NULL,'Y'),('fa-caret-square-o-up','font_icon','fa-caret-square-o-up',NULL,'Y'),('fa-cart-arrow-down','font_icon','fa-cart-arrow-down',NULL,'Y'),('fa-cart-plus','font_icon','fa-cart-plus',NULL,'Y'),('fa-cc\"','font_icon','fa-cc\"',NULL,'Y'),('fa-certificate','font_icon','fa-certificate',NULL,'Y'),('fa-check','font_icon','fa-check',NULL,'Y'),('fa-check-circle','font_icon','fa-check-circle',NULL,'Y'),('fa-check-circle-o','font_icon','fa-check-circle-o',NULL,'Y'),('fa-check-square','font_icon','fa-check-square',NULL,'Y'),('fa-check-square-o','font_icon','fa-check-square-o',NULL,'Y'),('fa-child','font_icon','fa-child',NULL,'Y'),('fa-circle','font_icon','fa-circle',NULL,'Y'),('fa-circle-o','font_icon','fa-circle-o',NULL,'Y'),('fa-circle-o-notch','font_icon','fa-circle-o-notch',NULL,'Y'),('fa-circle-thin','font_icon','fa-circle-thin',NULL,'Y'),('fa-clock-o','font_icon','fa-clock-o',NULL,'Y'),('fa-clone','font_icon','fa-clone',NULL,'Y'),('fa-close','font_icon','fa-close',NULL,'Y'),('fa-cloud','font_icon','fa-cloud',NULL,'Y'),('fa-cloud-download','font_icon','fa-cloud-download',NULL,'Y'),('fa-cloud-upload','font_icon','fa-cloud-upload',NULL,'Y'),('fa-code','font_icon','fa-code',NULL,'Y'),('fa-code-fork','font_icon','fa-code-fork',NULL,'Y'),('fa-coffee','font_icon','fa-coffee',NULL,'Y'),('fa-cog','font_icon','fa-cog',NULL,'Y'),('fa-cogs','font_icon','fa-cogs',NULL,'Y'),('fa-comment','font_icon','fa-comment',NULL,'Y'),('fa-comment-o','font_icon','fa-comment-o',NULL,'Y'),('fa-commenting','font_icon','fa-commenting',NULL,'Y'),('fa-commenting-o','font_icon','fa-commenting-o',NULL,'Y'),('fa-comments','font_icon','fa-comments',NULL,'Y'),('fa-comments-o','font_icon','fa-comments-o',NULL,'Y'),('fa-compass','font_icon','fa-compass',NULL,'Y'),('fa-copyright','font_icon','fa-copyright',NULL,'Y'),('fa-creative-commons','font_icon','fa-creative-commons',NULL,'Y'),('fa-credit-card','font_icon','fa-credit-card',NULL,'Y'),('fa-crop','font_icon','fa-crop',NULL,'Y'),('fa-crosshairs','font_icon','fa-crosshairs',NULL,'Y'),('fa-cube','font_icon','fa-cube',NULL,'Y'),('fa-cubes','font_icon','fa-cubes',NULL,'Y'),('fa-cutlery','font_icon','fa-cutlery',NULL,'Y'),('fa-dashboard','font_icon','fa-dashboard',NULL,'Y'),('fa-database','font_icon','fa-database',NULL,'Y'),('fa-desktop','font_icon','fa-desktop',NULL,'Y'),('fa-diamond','font_icon','fa-diamond',NULL,'Y'),('fa-dot-circle-o','font_icon','fa-dot-circle-o',NULL,'Y'),('fa-download','font_icon','fa-download',NULL,'Y'),('fa-edit','font_icon','fa-edit',NULL,'Y'),('fa-ellipsis-h','font_icon','fa-ellipsis-h',NULL,'Y'),('fa-ellipsis-v','font_icon','fa-ellipsis-v',NULL,'Y'),('fa-envelope','font_icon','fa-envelope',NULL,'Y'),('fa-envelope-o','font_icon','fa-envelope-o',NULL,'Y'),('fa-envelope-square','font_icon','fa-envelope-square',NULL,'Y'),('fa-eraser','font_icon','fa-eraser',NULL,'Y'),('fa-exchange','font_icon','fa-exchange',NULL,'Y'),('fa-exclamation','font_icon','fa-exclamation',NULL,'Y'),('fa-exclamation-circle','font_icon','fa-exclamation-circle',NULL,'Y'),('fa-exclamation-triangle','font_icon','fa-exclamation-triangle',NULL,'Y'),('fa-external-link','font_icon','fa-external-link',NULL,'Y'),('fa-external-link-square','font_icon','fa-external-link-square',NULL,'Y'),('fa-eye','font_icon','fa-eye',NULL,'Y'),('fa-eye-slash','font_icon','fa-eye-slash',NULL,'Y'),('fa-eyedropper','font_icon','fa-eyedropper',NULL,'Y'),('fa-fax','font_icon','fa-fax',NULL,'Y'),('fa-feed','font_icon','fa-feed',NULL,'Y'),('fa-female','font_icon','fa-female',NULL,'Y'),('fa-fighter-jet','font_icon','fa-fighter-jet',NULL,'Y'),('fa-file-archive-o','font_icon','fa-file-archive-o',NULL,'Y'),('fa-file-audio-o','font_icon','fa-file-audio-o',NULL,'Y'),('fa-file-code-o','font_icon','fa-file-code-o',NULL,'Y'),('fa-file-excel-o','font_icon','fa-file-excel-o',NULL,'Y'),('fa-file-image-o','font_icon','fa-file-image-o',NULL,'Y'),('fa-file-movie-o','font_icon','fa-file-movie-o',NULL,'Y'),('fa-file-pdf-o','font_icon','fa-file-pdf-o',NULL,'Y'),('fa-file-photo-o','font_icon','fa-file-photo-o',NULL,'Y'),('fa-file-picture-o','font_icon','fa-file-picture-o',NULL,'Y'),('fa-file-powerpoint-o','font_icon','fa-file-powerpoint-o',NULL,'Y'),('fa-file-sound-o','font_icon','fa-file-sound-o',NULL,'Y'),('fa-file-video-o','font_icon','fa-file-video-o',NULL,'Y'),('fa-file-word-o','font_icon','fa-file-word-o',NULL,'Y'),('fa-file-zip-o','font_icon','fa-file-zip-o',NULL,'Y'),('fa-film','font_icon','fa-film',NULL,'Y'),('fa-filter','font_icon','fa-filter',NULL,'Y'),('fa-fire','font_icon','fa-fire',NULL,'Y'),('fa-fire-extinguisher','font_icon','fa-fire-extinguisher',NULL,'Y'),('fa-flag','font_icon','fa-flag',NULL,'Y'),('fa-flag-checkered','font_icon','fa-flag-checkered',NULL,'Y'),('fa-flag-o','font_icon','fa-flag-o',NULL,'Y'),('fa-flash','font_icon','fa-flash',NULL,'Y'),('fa-flask','font_icon','fa-flask',NULL,'Y'),('fa-folder','font_icon','fa-folder',NULL,'Y'),('fa-folder-o','font_icon','fa-folder-o',NULL,'Y'),('fa-folder-open','font_icon','fa-folder-open',NULL,'Y'),('fa-folder-open-o','font_icon','fa-folder-open-o',NULL,'Y'),('fa-frown-o','font_icon','fa-frown-o',NULL,'Y'),('fa-futbol-o','font_icon','fa-futbol-o',NULL,'Y'),('fa-gamepad','font_icon','fa-gamepad',NULL,'Y'),('fa-gavel','font_icon','fa-gavel',NULL,'Y'),('fa-gear','font_icon','fa-gear',NULL,'Y'),('fa-gears','font_icon','fa-gears',NULL,'Y'),('fa-gift','font_icon','fa-gift',NULL,'Y'),('fa-glass','font_icon','fa-glass',NULL,'Y'),('fa-globe','font_icon','fa-globe',NULL,'Y'),('fa-graduation-cap','font_icon','fa-graduation-cap',NULL,'Y'),('fa-group','font_icon','fa-group',NULL,'Y'),('fa-hand-grab-o','font_icon','fa-hand-grab-o',NULL,'Y'),('fa-hand-lizard-o','font_icon','fa-hand-lizard-o',NULL,'Y'),('fa-hand-paper-o','font_icon','fa-hand-paper-o',NULL,'Y'),('fa-hand-peace-o','font_icon','fa-hand-peace-o',NULL,'Y'),('fa-hand-pointer-o','font_icon','fa-hand-pointer-o',NULL,'Y'),('fa-hand-rock-o','font_icon','fa-hand-rock-o',NULL,'Y'),('fa-hand-scissors-o','font_icon','fa-hand-scissors-o',NULL,'Y'),('fa-hand-spock-o','font_icon','fa-hand-spock-o',NULL,'Y'),('fa-hand-stop-o','font_icon','fa-hand-stop-o',NULL,'Y'),('fa-hdd-o','font_icon','fa-hdd-o',NULL,'Y'),('fa-headphones','font_icon','fa-headphones',NULL,'Y'),('fa-heart','font_icon','fa-heart',NULL,'Y'),('fa-heart-o','font_icon','fa-heart-o',NULL,'Y'),('fa-heartbeat','font_icon','fa-heartbeat',NULL,'Y'),('fa-history','font_icon','fa-history',NULL,'Y'),('fa-home','font_icon','fa-home',NULL,'Y'),('fa-hotel','font_icon','fa-hotel',NULL,'Y'),('fa-hourglass','font_icon','fa-hourglass',NULL,'Y'),('fa-hourglass-1','font_icon','fa-hourglass-1',NULL,'Y'),('fa-hourglass-2','font_icon','fa-hourglass-2',NULL,'Y'),('fa-hourglass-3','font_icon','fa-hourglass-3',NULL,'Y'),('fa-hourglass-end','font_icon','fa-hourglass-end',NULL,'Y'),('fa-hourglass-half','font_icon','fa-hourglass-half',NULL,'Y'),('fa-hourglass-o','font_icon','fa-hourglass-o',NULL,'Y'),('fa-hourglass-start','font_icon','fa-hourglass-start',NULL,'Y'),('fa-i-cursor','font_icon','fa-i-cursor',NULL,'Y'),('fa-image','font_icon','fa-image',NULL,'Y'),('fa-inbox','font_icon','fa-inbox',NULL,'Y'),('fa-industry','font_icon','fa-industry',NULL,'Y'),('fa-info','font_icon','fa-info',NULL,'Y'),('fa-info-circle','font_icon','fa-info-circle',NULL,'Y'),('fa-institution','font_icon','fa-institution',NULL,'Y'),('fa-key','font_icon','fa-key',NULL,'Y'),('fa-keyboard-o','font_icon','fa-keyboard-o',NULL,'Y'),('fa-language','font_icon','fa-language',NULL,'Y'),('fa-laptop','font_icon','fa-laptop',NULL,'Y'),('fa-leaf','font_icon','fa-leaf',NULL,'Y'),('fa-legal','font_icon','fa-legal',NULL,'Y'),('fa-lemon-o','font_icon','fa-lemon-o',NULL,'Y'),('fa-level-down','font_icon','fa-level-down',NULL,'Y'),('fa-level-up','font_icon','fa-level-up',NULL,'Y'),('fa-life-bouy','font_icon','fa-life-bouy',NULL,'Y'),('fa-life-buoy','font_icon','fa-life-buoy',NULL,'Y'),('fa-life-ring','font_icon','fa-life-ring',NULL,'Y'),('fa-life-saver','font_icon','fa-life-saver',NULL,'Y'),('fa-lightbulb-o','font_icon','fa-lightbulb-o',NULL,'Y'),('fa-line-chart','font_icon','fa-line-chart',NULL,'Y'),('fa-location-arrow','font_icon','fa-location-arrow',NULL,'Y'),('fa-lock','font_icon','fa-lock',NULL,'Y'),('fa-magic','font_icon','fa-magic',NULL,'Y'),('fa-magnet','font_icon','fa-magnet',NULL,'Y'),('fa-mail-forward','font_icon','fa-mail-forward',NULL,'Y'),('fa-mail-reply','font_icon','fa-mail-reply',NULL,'Y'),('fa-mail-reply-all','font_icon','fa-mail-reply-all',NULL,'Y'),('fa-male','font_icon','fa-male',NULL,'Y'),('fa-map','font_icon','fa-map',NULL,'Y'),('fa-map-marker','font_icon','fa-map-marker',NULL,'Y'),('fa-map-o','font_icon','fa-map-o',NULL,'Y'),('fa-map-pin','font_icon','fa-map-pin',NULL,'Y'),('fa-map-signs','font_icon','fa-map-signs',NULL,'Y'),('fa-meh-o','font_icon','fa-meh-o',NULL,'Y'),('fa-microphone','font_icon','fa-microphone',NULL,'Y'),('fa-microphone-slash','font_icon','fa-microphone-slash',NULL,'Y'),('fa-minus','font_icon','fa-minus',NULL,'Y'),('fa-minus-circle','font_icon','fa-minus-circle',NULL,'Y'),('fa-minus-square','font_icon','fa-minus-square',NULL,'Y'),('fa-minus-square-o','font_icon','fa-minus-square-o',NULL,'Y'),('fa-mobile','font_icon','fa-mobile',NULL,'Y'),('fa-mobile-phone','font_icon','fa-mobile-phone',NULL,'Y'),('fa-money','font_icon','fa-money',NULL,'Y'),('fa-moon-o','font_icon','fa-moon-o',NULL,'Y'),('fa-mortar-board','font_icon','fa-mortar-board',NULL,'Y'),('fa-motorcycle','font_icon','fa-motorcycle',NULL,'Y'),('fa-mouse-pointer','font_icon','fa-mouse-pointer',NULL,'Y'),('fa-music','font_icon','fa-music',NULL,'Y'),('fa-navicon','font_icon','fa-navicon',NULL,'Y'),('fa-newspaper-o','font_icon','fa-newspaper-o',NULL,'Y'),('fa-object-group','font_icon','fa-object-group',NULL,'Y'),('fa-object-ungroup','font_icon','fa-object-ungroup',NULL,'Y'),('fa-paint-brush','font_icon','fa-paint-brush',NULL,'Y'),('fa-paper-plane','font_icon','fa-paper-plane',NULL,'Y'),('fa-paper-plane-o','font_icon','fa-paper-plane-o',NULL,'Y'),('fa-paw','font_icon','fa-paw',NULL,'Y'),('fa-pencil','font_icon','fa-pencil',NULL,'Y'),('fa-pencil-square','font_icon','fa-pencil-square',NULL,'Y'),('fa-pencil-square-o','font_icon','fa-pencil-square-o',NULL,'Y'),('fa-phone','font_icon','fa-phone',NULL,'Y'),('fa-phone-square','font_icon','fa-phone-square',NULL,'Y'),('fa-photo','font_icon','fa-photo',NULL,'Y'),('fa-picture-o','font_icon','fa-picture-o',NULL,'Y'),('fa-pie-chart','font_icon','fa-pie-chart',NULL,'Y'),('fa-plane','font_icon','fa-plane',NULL,'Y'),('fa-plug','font_icon','fa-plug',NULL,'Y'),('fa-plus','font_icon','fa-plus',NULL,'Y'),('fa-plus-circle','font_icon','fa-plus-circle',NULL,'Y'),('fa-plus-square','font_icon','fa-plus-square',NULL,'Y'),('fa-plus-square-o','font_icon','fa-plus-square-o',NULL,'Y'),('fa-power-off','font_icon','fa-power-off',NULL,'Y'),('fa-print','font_icon','fa-print',NULL,'Y'),('fa-puzzle-piece','font_icon','fa-puzzle-piece',NULL,'Y'),('fa-qrcode','font_icon','fa-qrcode',NULL,'Y'),('fa-question','font_icon','fa-question',NULL,'Y'),('fa-question-circle','font_icon','fa-question-circle',NULL,'Y'),('fa-quote-left','font_icon','fa-quote-left',NULL,'Y'),('fa-quote-right','font_icon','fa-quote-right',NULL,'Y'),('fa-random','font_icon','fa-random',NULL,'Y'),('fa-recycle','font_icon','fa-recycle',NULL,'Y'),('fa-refresh','font_icon','fa-refresh',NULL,'Y'),('fa-registered','font_icon','fa-registered',NULL,'Y'),('fa-remove','font_icon','fa-remove',NULL,'Y'),('fa-reorder','font_icon','fa-reorder',NULL,'Y'),('fa-reply','font_icon','fa-reply',NULL,'Y'),('fa-reply-all','font_icon','fa-reply-all',NULL,'Y'),('fa-retweet','font_icon','fa-retweet',NULL,'Y'),('fa-road','font_icon','fa-road',NULL,'Y'),('fa-rocket','font_icon','fa-rocket',NULL,'Y'),('fa-rss','font_icon','fa-rss',NULL,'Y'),('fa-rss-square','font_icon','fa-rss-square',NULL,'Y'),('fa-search','font_icon','fa-search',NULL,'Y'),('fa-search-minus','font_icon','fa-search-minus',NULL,'Y'),('fa-search-plus','font_icon','fa-search-plus',NULL,'Y'),('fa-send','font_icon','fa-send',NULL,'Y'),('fa-send-o','font_icon','fa-send-o',NULL,'Y'),('fa-server','font_icon','fa-server',NULL,'Y'),('fa-share','font_icon','fa-share',NULL,'Y'),('fa-share-alt','font_icon','fa-share-alt',NULL,'Y'),('fa-share-alt-square','font_icon','fa-share-alt-square',NULL,'Y'),('fa-share-square','font_icon','fa-share-square',NULL,'Y'),('fa-share-square-o','font_icon','fa-share-square-o',NULL,'Y'),('fa-shield','font_icon','fa-shield',NULL,'Y'),('fa-ship','font_icon','fa-ship',NULL,'Y'),('fa-shopping-cart','font_icon','fa-shopping-cart',NULL,'Y'),('fa-sign-in','font_icon','fa-sign-in',NULL,'Y'),('fa-sign-out','font_icon','fa-sign-out',NULL,'Y'),('fa-signal','font_icon','fa-signal',NULL,'Y'),('fa-sitemap','font_icon','fa-sitemap',NULL,'Y'),('fa-sliders','font_icon','fa-sliders',NULL,'Y'),('fa-smile-o','font_icon','fa-smile-o',NULL,'Y'),('fa-soccer-ball-o','font_icon','fa-soccer-ball-o',NULL,'Y'),('fa-sort','font_icon','fa-sort',NULL,'Y'),('fa-sort-alpha-asc','font_icon','fa-sort-alpha-asc',NULL,'Y'),('fa-sort-alpha-desc','font_icon','fa-sort-alpha-desc',NULL,'Y'),('fa-sort-amount-asc','font_icon','fa-sort-amount-asc',NULL,'Y'),('fa-sort-amount-desc','font_icon','fa-sort-amount-desc',NULL,'Y'),('fa-sort-asc','font_icon','fa-sort-asc',NULL,'Y'),('fa-sort-desc','font_icon','fa-sort-desc',NULL,'Y'),('fa-sort-down','font_icon','fa-sort-down',NULL,'Y'),('fa-sort-numeric-asc','font_icon','fa-sort-numeric-asc',NULL,'Y'),('fa-sort-numeric-desc','font_icon','fa-sort-numeric-desc',NULL,'Y'),('fa-sort-up','font_icon','fa-sort-up',NULL,'Y'),('fa-space-shuttle','font_icon','fa-space-shuttle',NULL,'Y'),('fa-spinner','font_icon','fa-spinner',NULL,'Y'),('fa-spoon','font_icon','fa-spoon',NULL,'Y'),('fa-square','font_icon','fa-square',NULL,'Y'),('fa-square-o','font_icon','fa-square-o',NULL,'Y'),('fa-star','font_icon','fa-star',NULL,'Y'),('fa-star-half','font_icon','fa-star-half',NULL,'Y'),('fa-star-half-empty','font_icon','fa-star-half-empty',NULL,'Y'),('fa-star-half-full','font_icon','fa-star-half-full',NULL,'Y'),('fa-star-half-o','font_icon','fa-star-half-o',NULL,'Y'),('fa-star-o','font_icon','fa-star-o',NULL,'Y'),('fa-sticky-note','font_icon','fa-sticky-note',NULL,'Y'),('fa-sticky-note-o','font_icon','fa-sticky-note-o',NULL,'Y'),('fa-street-view','font_icon','fa-street-view',NULL,'Y'),('fa-suitcase','font_icon','fa-suitcase',NULL,'Y'),('fa-sun-o','font_icon','fa-sun-o',NULL,'Y'),('fa-support','font_icon','fa-support',NULL,'Y'),('fa-tablet','font_icon','fa-tablet',NULL,'Y'),('fa-tachometer','font_icon','fa-tachometer',NULL,'Y'),('fa-tag','font_icon','fa-tag',NULL,'Y'),('fa-tags','font_icon','fa-tags',NULL,'Y'),('fa-tasks','font_icon','fa-tasks',NULL,'Y'),('fa-taxi','font_icon','fa-taxi',NULL,'Y'),('fa-television','font_icon','fa-television',NULL,'Y'),('fa-terminal','font_icon','fa-terminal',NULL,'Y'),('fa-thumb-tack','font_icon','fa-thumb-tack',NULL,'Y'),('fa-thumbs-down','font_icon','fa-thumbs-down',NULL,'Y'),('fa-thumbs-o-down','font_icon','fa-thumbs-o-down',NULL,'Y'),('fa-thumbs-o-up','font_icon','fa-thumbs-o-up',NULL,'Y'),('fa-thumbs-up','font_icon','fa-thumbs-up',NULL,'Y'),('fa-ticket','font_icon','fa-ticket',NULL,'Y'),('fa-times','font_icon','fa-times',NULL,'Y'),('fa-times-circle','font_icon','fa-times-circle',NULL,'Y'),('fa-times-circle-o','font_icon','fa-times-circle-o',NULL,'Y'),('fa-tint','font_icon','fa-tint',NULL,'Y'),('fa-toggle-down','font_icon','fa-toggle-down',NULL,'Y'),('fa-toggle-left','font_icon','fa-toggle-left',NULL,'Y'),('fa-toggle-off','font_icon','fa-toggle-off',NULL,'Y'),('fa-toggle-on','font_icon','fa-toggle-on',NULL,'Y'),('fa-toggle-right','font_icon','fa-toggle-right',NULL,'Y'),('fa-toggle-up','font_icon','fa-toggle-up',NULL,'Y'),('fa-trademark','font_icon','fa-trademark',NULL,'Y'),('fa-trash','font_icon','fa-trash',NULL,'Y'),('fa-trash-o','font_icon','fa-trash-o',NULL,'Y'),('fa-tree','font_icon','fa-tree',NULL,'Y'),('fa-trophy','font_icon','fa-trophy',NULL,'Y'),('fa-truck','font_icon','fa-truck',NULL,'Y'),('fa-tty','font_icon','fa-tty',NULL,'Y'),('fa-tv\"','font_icon','fa-tv\"',NULL,'Y'),('fa-umbrella','font_icon','fa-umbrella',NULL,'Y'),('fa-university','font_icon','fa-university',NULL,'Y'),('fa-unlock','font_icon','fa-unlock',NULL,'Y'),('fa-unlock-alt','font_icon','fa-unlock-alt',NULL,'Y'),('fa-unsorted','font_icon','fa-unsorted',NULL,'Y'),('fa-upload','font_icon','fa-upload',NULL,'Y'),('fa-user','font_icon','fa-user',NULL,'Y'),('fa-user-plus','font_icon','fa-user-plus',NULL,'Y'),('fa-user-secret','font_icon','fa-user-secret',NULL,'Y'),('fa-user-times','font_icon','fa-user-times',NULL,'Y'),('fa-users','font_icon','fa-users',NULL,'Y'),('fa-video-camera','font_icon','fa-video-camera',NULL,'Y'),('fa-volume-down','font_icon','fa-volume-down',NULL,'Y'),('fa-volume-off','font_icon','fa-volume-off',NULL,'Y'),('fa-volume-up','font_icon','fa-volume-up',NULL,'Y'),('fa-warning','font_icon','fa-warning',NULL,'Y'),('fa-wheelchair','font_icon','fa-wheelchair',NULL,'Y'),('fa-wifi','font_icon','fa-wifi',NULL,'Y'),('fa-wrench','font_icon','fa-wrench',NULL,'Y'),('female','sex','女',20,'Y'),('gemini','constellation','双子座',30,'Y'),('general','member_type','普通会员',10,'Y'),('greater','operation_symbol','大于',30,'Y'),('greater_equal','operation_symbol','大于等于',40,'Y'),('green','skin','绿色',70,'Y'),('green-light','skin','浅绿色',80,'Y'),('horse','chines_zodiac','马',70,'Y'),('include','operation_symbol','包含',70,'Y'),('leo','constellation','狮子座',50,'Y'),('less','operation_symbol','小于',50,'Y'),('less_equal','operation_symbol','小于等于',60,'Y'),('libra','constellation','天秤座',70,'Y'),('login','log_type','登录日志',30,'Y'),('logout','log_type','注销日志',40,'Y'),('lov','element_type','值列表',50,'Y'),('male','sex','男',10,'Y'),('manual','code_rule','手动',20,'Y'),('menu','resource_type','菜单资源',20,'Y'),('menu_struct','resource_type','菜单结构',10,'Y'),('monkey','chines_zodiac','猴',90,'Y'),('mouse','chines_zodiac','鼠',10,'Y'),('N','wx_authentication_status','未认证',20,'Y'),('N','wx_payment_status','未开通',20,'Y'),('N','yes_or_no','否',20,'Y'),('not_include','operation_symbol','不包含',80,'Y'),('OperatingEntity','user_type','运营实体',20,'Y'),('operating_entity','resource_type','运营实体',40,'Y'),('operation','log_type','操作日志',10,'Y'),('operation','resource_type','操作资源',30,'Y'),('pig','chines_zodiac','猪',120,'Y'),('pisces','constellation','双鱼座',120,'Y'),('plaintext','wx_server_encoding_type','明文模式',10,'Y'),('platform','user_type','平台',10,'Y'),('platinum','member_type','白金会员',20,'Y'),('published','service_status','已发布',20,'Y'),('rabbit','chines_zodiac','兔',40,'Y'),('radio','element_type','单选按钮',30,'Y'),('red','skin','红色',30,'Y'),('red-light','skin','浅红色',40,'Y'),('sagittarius','constellation','射手座',90,'Y'),('say_hello','member_auth','与陌生人打招呼',40,'Y'),('scorpio','constellation','天蝎座',80,'Y'),('security','wx_server_encoding_type','安全模式',30,'Y'),('see_rent_count','member_auth','查看出租次数',20,'Y'),('see_social_credit','member_auth','查看社交信用',30,'Y'),('see_wechat_number','member_auth','查看微信号',10,'Y'),('select','element_type','下拉列表框',20,'Y'),('service','wx_public_no_type','服务号',20,'Y'),('sheep','chines_zodiac','羊',80,'Y'),('snake','chines_zodiac','蛇',60,'Y'),('subscibe','wx_public_no_type','订阅号',10,'Y'),('system','log_source','系统',10,'Y'),('taurus','constellation','金牛座',20,'Y'),('text','element_type','文本框',10,'Y'),('tiger','chines_zodiac','虎',30,'Y'),('time','element_type','时间控件',80,'Y'),('tree','element_type','树列表',60,'Y'),('unaudited','audit_status','未审核',10,'Y'),('unautherized','authentication_status','未认证',10,'Y'),('unequal','operation_symbol','不等于',20,'Y'),('unpublished','service_status','未发布',10,'Y'),('unvalid','tenant_status','无效',20,'Y'),('unvalid','user_status','无效',20,'Y'),('user','log_source','用户',20,'Y'),('valid','tenant_status','有效',10,'Y'),('valid','user_status','有效',10,'Y'),('virgo','constellation','处女座',60,'Y'),('Y','wx_authentication_status','已认证',10,'Y'),('Y','wx_payment_status','已开通',10,'Y'),('Y','yes_or_no','是',10,'Y'),('yellow','skin','黄色',50,'Y'),('yellow-light','skin','浅黄色',60,'Y');

/*Table structure for table `sys_data_dict_item_attribute` */

CREATE TABLE `sys_data_dict_item_attribute` (
  `type_code` varchar(50) NOT NULL COMMENT '数据字典类型编码',
  `item_code` varchar(50) NOT NULL COMMENT '数据字典项编码',
  `attribute_code` varchar(50) NOT NULL COMMENT '数据字典属性编码',
  `attribute_value` varchar(1000) NOT NULL COMMENT '数据字典项属性值',
  PRIMARY KEY (`type_code`,`item_code`,`attribute_code`)
) ENGINE=InnoDB DEFAULT CHARSET=utf8 COMMENT='数据字典项属性';

/*Data for the table `sys_data_dict_item_attribute` */

insert  into `sys_data_dict_item_attribute`(`type_code`,`item_code`,`attribute_code`,`attribute_value`) values ('user_type','platform','date','2017-03-08'),('user_type','platform','datetime','2017-03-16 14:20:47'),('user_type','platform','time','05:30:47');

/*Table structure for table `sys_data_dict_type` */

CREATE TABLE `sys_data_dict_type` (
  `type_code` varchar(50) NOT NULL COMMENT '数据字典类型编码',
  `type_name` varchar(100) NOT NULL COMMENT '数据字典类型名称',
  `description` varchar(200) DEFAULT NULL COMMENT '说明',
  PRIMARY KEY (`type_code`)
) ENGINE=InnoDB DEFAULT CHARSET=utf8 COMMENT='数据字典类型';

/*Data for the table `sys_data_dict_type` */

insert  into `sys_data_dict_type`(`type_code`,`type_name`,`description`) values ('audit_status','审核状态','审核状态'),('authentication_status','认证状态','认证状态'),('chines_zodiac','生肖','生肖'),('code_rule','编码规则','编码规则'),('constellation','星座','星座'),('element_type','元素类型','元素类型'),('log_source','日志来源','日志来源'),('log_type','日志类型','日志类型'),('member_auth','会员权限','会员权限'),('member_duration','会员时长','会员时长'),('member_type','会员类型','会员类型'),('operation_symbol','操作符','操作符'),('rent_scope','出租范围','出租范围'),('resource_type','资源类型','资源类型'),('service_status','服务状态','服务状态'),('sex','性别','性别'),('skin','皮肤','皮肤'),('tenant_label','租户标签','租户标签'),('tenant_status','租户状态','租户状态'),('user_status','用户状态','用户状态'),('user_type','用户类型','用户类型'),('wx_authentication_status','微信认证状态','微信认证状态'),('wx_payment_status','微信支付状态','微信支付状态'),('wx_public_no_type','微信公众号类型','微信公众号类型'),('wx_server_encoding_type','微信消息加密方式','微信消息加密方式'),('yes_or_no','是否','是否');

/*Table structure for table `sys_data_dict_type_attribute` */

CREATE TABLE `sys_data_dict_type_attribute` (
  `attribute_code` varchar(50) NOT NULL COMMENT '数据字典属性编码',
  `type_code` varchar(50) NOT NULL COMMENT '数据字典类型编码',
  `attribute_name` varchar(100) NOT NULL COMMENT '数据字典属性名称',
  `element_type` varchar(50) NOT NULL COMMENT '元素类型',
  `ddt_code` varchar(50) DEFAULT NULL COMMENT '数据字典类型编码',
  `ds_code` varchar(50) DEFAULT NULL COMMENT '数据结构编码',
  `lov_code` varchar(50) DEFAULT NULL COMMENT '值列表编码',
  `description` varchar(200) DEFAULT NULL COMMENT '说明',
  PRIMARY KEY (`type_code`,`attribute_code`)
) ENGINE=InnoDB DEFAULT CHARSET=utf8 COMMENT='数据字典属性';

/*Data for the table `sys_data_dict_type_attribute` */

insert  into `sys_data_dict_type_attribute`(`attribute_code`,`type_code`,`attribute_name`,`element_type`,`ddt_code`,`ds_code`,`lov_code`,`description`) values ('date','user_type','日期','date','','','',''),('datetime','user_type','日期时间','datetime','','','',''),('time','user_type','时间','time','','','','');

/*Table structure for table `sys_data_struct_attribute` */

CREATE TABLE `sys_data_struct_attribute` (
  `attribute_code` varchar(50) NOT NULL COMMENT '数据结构属性编码',
  `struct_code` varchar(50) NOT NULL COMMENT '数据结构编码',
  `attribute_name` varchar(100) NOT NULL COMMENT '数据结构属性名称',
  `element_type` varchar(50) NOT NULL COMMENT '元素类型',
  `ddt_code` varchar(50) DEFAULT NULL COMMENT '数据字典类型编码',
  `ds_code` varchar(50) DEFAULT NULL COMMENT '数据结构编码',
  `lov_code` varchar(50) DEFAULT NULL COMMENT '值列表编码',
  `description` varchar(200) DEFAULT NULL COMMENT '说明',
  PRIMARY KEY (`attribute_code`,`struct_code`)
) ENGINE=InnoDB DEFAULT CHARSET=utf8 COMMENT='数据结构属性';

/*Data for the table `sys_data_struct_attribute` */

insert  into `sys_data_struct_attribute`(`attribute_code`,`struct_code`,`attribute_name`,`element_type`,`ddt_code`,`ds_code`,`lov_code`,`description`) values ('font_icon_code','menu_resource','字体图标','lov','','','lov_font_icon','字体图标'),('function_code','menu_resource','功能','lov','','','lov_function','功能');

/*Table structure for table `sys_data_struct_define` */

CREATE TABLE `sys_data_struct_define` (
  `struct_code` varchar(50) NOT NULL COMMENT '数据结构编码',
  `struct_name` varchar(100) NOT NULL COMMENT '数据结构名称',
  `node_code_rule` varchar(50) NOT NULL COMMENT '节点编码规则',
  `rule_prefix` varchar(10) DEFAULT NULL COMMENT '节点编码规则-前缀',
  `rule_length` varchar(10) DEFAULT NULL COMMENT '节点编码规则-长度',
  `description` varchar(200) DEFAULT NULL COMMENT '说明',
  PRIMARY KEY (`struct_code`)
) ENGINE=InnoDB DEFAULT CHARSET=utf8 COMMENT='数据结构定义';

/*Data for the table `sys_data_struct_define` */

insert  into `sys_data_struct_define`(`struct_code`,`struct_name`,`node_code_rule`,`rule_prefix`,`rule_length`,`description`) values ('administrative_area','行政区域','manual','','','行政区域'),('menu_resource','菜单资源','auto','M','2','菜单资源');

/*Table structure for table `sys_data_struct_node` */

CREATE TABLE `sys_data_struct_node` (
  `node_code` varchar(50) NOT NULL COMMENT '数据结构节点编码',
  `parent_node_code` varchar(50) NOT NULL COMMENT '数据结构父节点编码',
  `struct_code` varchar(50) NOT NULL COMMENT '数据结构编码',
  `node_name` varchar(100) NOT NULL COMMENT '数据结构节点名称',
  `display_order` int(11) DEFAULT NULL COMMENT '显示顺序',
  `enabled_flag` char(1) NOT NULL COMMENT '启用标识[Y:启用;N:禁用]',
  `description` varchar(200) DEFAULT NULL COMMENT '说明',
  PRIMARY KEY (`node_code`,`struct_code`),
  KEY `SYS_DATA_STRUCT_NODE_N1` (`parent_node_code`),
  KEY `SYS_DATA_STRUCT_NODE_N2` (`enabled_flag`)
) ENGINE=InnoDB DEFAULT CHARSET=utf8 COMMENT='数据结构节点';

/*Data for the table `sys_data_struct_node` */

insert  into `sys_data_struct_node`(`node_code`,`parent_node_code`,`struct_code`,`node_name`,`display_order`,`enabled_flag`,`description`) values ('110000','CN','administrative_area','北京市',110000,'Y','北京市'),('120000','CN','administrative_area','天津市',120000,'Y','天津市'),('130000','CN','administrative_area','河北省',130000,'Y','河北省'),('130100','130000','administrative_area','石家庄市',130100,'Y','石家庄市'),('130200','130000','administrative_area','唐山市',130200,'Y','唐山市'),('130300','130000','administrative_area','秦皇岛市',130300,'Y','秦皇岛市'),('130400','130000','administrative_area','邯郸市',130400,'Y','邯郸市'),('130500','130000','administrative_area','邢台市',130500,'Y','邢台市'),('130600','130000','administrative_area','保定市',130600,'Y','保定市'),('130700','130000','administrative_area','张家口市',130700,'Y','张家口市'),('130800','130000','administrative_area','承德市',130800,'Y','承德市'),('130900','130000','administrative_area','沧州市',130900,'Y','沧州市'),('131000','130000','administrative_area','廊坊市',131000,'Y','廊坊市'),('131100','130000','administrative_area','衡水市',131100,'Y','衡水市'),('139000','130000','administrative_area','省直辖县级行政区划',139000,'Y','省直辖县级行政区划'),('140000','CN','administrative_area','山西省',140000,'Y','山西省'),('140100','140000','administrative_area','太原市',140100,'Y','太原市'),('140200','140000','administrative_area','大同市',140200,'Y','大同市'),('140300','140000','administrative_area','阳泉市',140300,'Y','阳泉市'),('140400','140000','administrative_area','长治市',140400,'Y','长治市'),('140500','140000','administrative_area','晋城市',140500,'Y','晋城市'),('140600','140000','administrative_area','朔州市',140600,'Y','朔州市'),('140700','140000','administrative_area','晋中市',140700,'Y','晋中市'),('140800','140000','administrative_area','运城市',140800,'Y','运城市'),('140900','140000','administrative_area','忻州市',140900,'Y','忻州市'),('141000','140000','administrative_area','临汾市',141000,'Y','临汾市'),('141100','140000','administrative_area','吕梁市',141100,'Y','吕梁市'),('150000','CN','administrative_area','内蒙古自治区',150000,'Y','内蒙古自治区'),('150100','150000','administrative_area','呼和浩特市',150100,'Y','呼和浩特市'),('150200','150000','administrative_area','包头市',150200,'Y','包头市'),('150300','150000','administrative_area','乌海市',150300,'Y','乌海市'),('150400','150000','administrative_area','赤峰市',150400,'Y','赤峰市'),('150500','150000','administrative_area','通辽市',150500,'Y','通辽市'),('150600','150000','administrative_area','鄂尔多斯市',150600,'Y','鄂尔多斯市'),('150700','150000','administrative_area','呼伦贝尔市',150700,'Y','呼伦贝尔市'),('150800','150000','administrative_area','巴彦淖尔市',150800,'Y','巴彦淖尔市'),('150900','150000','administrative_area','乌兰察布市',150900,'Y','乌兰察布市'),('152200','150000','administrative_area','兴安盟',152200,'Y','兴安盟'),('152500','150000','administrative_area','锡林郭勒盟',152500,'Y','锡林郭勒盟'),('152900','150000','administrative_area','阿拉善盟',152900,'Y','阿拉善盟'),('210000','CN','administrative_area','辽宁省',210000,'Y','辽宁省'),('210100','210000','administrative_area','沈阳市',210100,'Y','沈阳市'),('210200','210000','administrative_area','大连市',210200,'Y','大连市'),('210300','210000','administrative_area','鞍山市',210300,'Y','鞍山市'),('210400','210000','administrative_area','抚顺市',210400,'Y','抚顺市'),('210500','210000','administrative_area','本溪市',210500,'Y','本溪市'),('210600','210000','administrative_area','丹东市',210600,'Y','丹东市'),('210700','210000','administrative_area','锦州市',210700,'Y','锦州市'),('210800','210000','administrative_area','营口市',210800,'Y','营口市'),('210900','210000','administrative_area','阜新市',210900,'Y','阜新市'),('211000','210000','administrative_area','辽阳市',211000,'Y','辽阳市'),('211100','210000','administrative_area','盘锦市',211100,'Y','盘锦市'),('211200','210000','administrative_area','铁岭市',211200,'Y','铁岭市'),('211300','210000','administrative_area','朝阳市',211300,'Y','朝阳市'),('211400','210000','administrative_area','葫芦岛市',211400,'Y','葫芦岛市'),('220000','CN','administrative_area','吉林省',220000,'Y','吉林省'),('220100','220000','administrative_area','长春市',220100,'Y','长春市'),('220200','220000','administrative_area','吉林市',220200,'Y','吉林市'),('220300','220000','administrative_area','四平市',220300,'Y','四平市'),('220400','220000','administrative_area','辽源市',220400,'Y','辽源市'),('220500','220000','administrative_area','通化市',220500,'Y','通化市'),('220600','220000','administrative_area','白山市',220600,'Y','白山市'),('220700','220000','administrative_area','松原市',220700,'Y','松原市'),('220800','220000','administrative_area','白城市',220800,'Y','白城市'),('222400','220000','administrative_area','延边朝鲜族自治州',222400,'Y','延边朝鲜族自治州'),('230000','CN','administrative_area','黑龙江省',230000,'Y','黑龙江省'),('230100','230000','administrative_area','哈尔滨市',230100,'Y','哈尔滨市'),('230200','230000','administrative_area','齐齐哈尔市',230200,'Y','齐齐哈尔市'),('230300','230000','administrative_area','鸡西市',230300,'Y','鸡西市'),('230400','230000','administrative_area','鹤岗市',230400,'Y','鹤岗市'),('230500','230000','administrative_area','双鸭山市',230500,'Y','双鸭山市'),('230600','230000','administrative_area','大庆市',230600,'Y','大庆市'),('230700','230000','administrative_area','伊春市',230700,'Y','伊春市'),('230800','230000','administrative_area','佳木斯市',230800,'Y','佳木斯市'),('230900','230000','administrative_area','七台河市',230900,'Y','七台河市'),('231000','230000','administrative_area','牡丹江市',231000,'Y','牡丹江市'),('231100','230000','administrative_area','黑河市',231100,'Y','黑河市'),('231200','230000','administrative_area','绥化市',231200,'Y','绥化市'),('232700','230000','administrative_area','大兴安岭地区',232700,'Y','大兴安岭地区'),('310000','CN','administrative_area','上海市',310000,'Y','上海市'),('320000','CN','administrative_area','江苏省',320000,'Y','江苏省'),('320100','320000','administrative_area','南京市',320100,'Y','南京市'),('320200','320000','administrative_area','无锡市',320200,'Y','无锡市'),('320300','320000','administrative_area','徐州市',320300,'Y','徐州市'),('320400','320000','administrative_area','常州市',320400,'Y','常州市'),('320500','320000','administrative_area','苏州市',320500,'Y','苏州市'),('320600','320000','administrative_area','南通市',320600,'Y','南通市'),('320700','320000','administrative_area','连云港市',320700,'Y','连云港市'),('320800','320000','administrative_area','淮安市',320800,'Y','淮安市'),('320900','320000','administrative_area','盐城市',320900,'Y','盐城市'),('321000','320000','administrative_area','扬州市',321000,'Y','扬州市'),('321100','320000','administrative_area','镇江市',321100,'Y','镇江市'),('321200','320000','administrative_area','泰州市',321200,'Y','泰州市'),('321300','320000','administrative_area','宿迁市',321300,'Y','宿迁市'),('330000','CN','administrative_area','浙江省',330000,'Y','浙江省'),('330100','330000','administrative_area','杭州市',330100,'Y','杭州市'),('330200','330000','administrative_area','宁波市',330200,'Y','宁波市'),('330300','330000','administrative_area','温州市',330300,'Y','温州市'),('330400','330000','administrative_area','嘉兴市',330400,'Y','嘉兴市'),('330500','330000','administrative_area','湖州市',330500,'Y','湖州市'),('330600','330000','administrative_area','绍兴市',330600,'Y','绍兴市'),('330700','330000','administrative_area','金华市',330700,'Y','金华市'),('330800','330000','administrative_area','衢州市',330800,'Y','衢州市'),('330900','330000','administrative_area','舟山市',330900,'Y','舟山市'),('331000','330000','administrative_area','台州市',331000,'Y','台州市'),('331100','330000','administrative_area','丽水市',331100,'Y','丽水市'),('340000','CN','administrative_area','安徽省',340000,'Y','安徽省'),('340100','340000','administrative_area','合肥市',340100,'Y','合肥市'),('340200','340000','administrative_area','芜湖市',340200,'Y','芜湖市'),('340300','340000','administrative_area','蚌埠市',340300,'Y','蚌埠市'),('340400','340000','administrative_area','淮南市',340400,'Y','淮南市'),('340500','340000','administrative_area','马鞍山市',340500,'Y','马鞍山市'),('340600','340000','administrative_area','淮北市',340600,'Y','淮北市'),('340700','340000','administrative_area','铜陵市',340700,'Y','铜陵市'),('340800','340000','administrative_area','安庆市',340800,'Y','安庆市'),('341000','340000','administrative_area','黄山市',341000,'Y','黄山市'),('341100','340000','administrative_area','滁州市',341100,'Y','滁州市'),('341200','340000','administrative_area','阜阳市',341200,'Y','阜阳市'),('341300','340000','administrative_area','宿州市',341300,'Y','宿州市'),('341500','340000','administrative_area','六安市',341500,'Y','六安市'),('341600','340000','administrative_area','亳州市',341600,'Y','亳州市'),('341700','340000','administrative_area','池州市',341700,'Y','池州市'),('341800','340000','administrative_area','宣城市',341800,'Y','宣城市'),('350000','CN','administrative_area','福建省',350000,'Y','福建省'),('350100','350000','administrative_area','福州市',350100,'Y','福州市'),('350200','350000','administrative_area','厦门市',350200,'Y','厦门市'),('350300','350000','administrative_area','莆田市',350300,'Y','莆田市'),('350400','350000','administrative_area','三明市',350400,'Y','三明市'),('350500','350000','administrative_area','泉州市',350500,'Y','泉州市'),('350600','350000','administrative_area','漳州市',350600,'Y','漳州市'),('350700','350000','administrative_area','南平市',350700,'Y','南平市'),('350800','350000','administrative_area','龙岩市',350800,'Y','龙岩市'),('350900','350000','administrative_area','宁德市',350900,'Y','宁德市'),('360000','CN','administrative_area','江西省',360000,'Y','江西省'),('360100','360000','administrative_area','南昌市',360100,'Y','南昌市'),('360200','360000','administrative_area','景德镇市',360200,'Y','景德镇市'),('360300','360000','administrative_area','萍乡市',360300,'Y','萍乡市'),('360400','360000','administrative_area','九江市',360400,'Y','九江市'),('360500','360000','administrative_area','新余市',360500,'Y','新余市'),('360600','360000','administrative_area','鹰潭市',360600,'Y','鹰潭市'),('360700','360000','administrative_area','赣州市',360700,'Y','赣州市'),('360800','360000','administrative_area','吉安市',360800,'Y','吉安市'),('360900','360000','administrative_area','宜春市',360900,'Y','宜春市'),('361000','360000','administrative_area','抚州市',361000,'Y','抚州市'),('361100','360000','administrative_area','上饶市',361100,'Y','上饶市'),('370000','CN','administrative_area','山东省',370000,'Y','山东省'),('370100','370000','administrative_area','济南市',370100,'Y','济南市'),('370200','370000','administrative_area','青岛市',370200,'Y','青岛市'),('370300','370000','administrative_area','淄博市',370300,'Y','淄博市'),('370400','370000','administrative_area','枣庄市',370400,'Y','枣庄市'),('370500','370000','administrative_area','东营市',370500,'Y','东营市'),('370600','370000','administrative_area','烟台市',370600,'Y','烟台市'),('370700','370000','administrative_area','潍坊市',370700,'Y','潍坊市'),('370800','370000','administrative_area','济宁市',370800,'Y','济宁市'),('370900','370000','administrative_area','泰安市',370900,'Y','泰安市'),('371000','370000','administrative_area','威海市',371000,'Y','威海市'),('371100','370000','administrative_area','日照市',371100,'Y','日照市'),('371200','370000','administrative_area','莱芜市',371200,'Y','莱芜市'),('371300','370000','administrative_area','临沂市',371300,'Y','临沂市'),('371400','370000','administrative_area','德州市',371400,'Y','德州市'),('371500','370000','administrative_area','聊城市',371500,'Y','聊城市'),('371600','370000','administrative_area','滨州市',371600,'Y','滨州市'),('371700','370000','administrative_area','菏泽市',371700,'Y','菏泽市'),('410000','CN','administrative_area','河南省',410000,'Y','河南省'),('410100','410000','administrative_area','郑州市',410100,'Y','郑州市'),('410200','410000','administrative_area','开封市',410200,'Y','开封市'),('410300','410000','administrative_area','洛阳市',410300,'Y','洛阳市'),('410400','410000','administrative_area','平顶山市',410400,'Y','平顶山市'),('410500','410000','administrative_area','安阳市',410500,'Y','安阳市'),('410600','410000','administrative_area','鹤壁市',410600,'Y','鹤壁市'),('410700','410000','administrative_area','新乡市',410700,'Y','新乡市'),('410800','410000','administrative_area','焦作市',410800,'Y','焦作市'),('410900','410000','administrative_area','濮阳市',410900,'Y','濮阳市'),('411000','410000','administrative_area','许昌市',411000,'Y','许昌市'),('411100','410000','administrative_area','漯河市',411100,'Y','漯河市'),('411200','410000','administrative_area','三门峡市',411200,'Y','三门峡市'),('411300','410000','administrative_area','南阳市',411300,'Y','南阳市'),('411400','410000','administrative_area','商丘市',411400,'Y','商丘市'),('411500','410000','administrative_area','信阳市',411500,'Y','信阳市'),('411600','410000','administrative_area','周口市',411600,'Y','周口市'),('411700','410000','administrative_area','驻马店市',411700,'Y','驻马店市'),('419000','410000','administrative_area','省直辖县级行政区划',419000,'Y','省直辖县级行政区划'),('420000','CN','administrative_area','湖北省',420000,'Y','湖北省'),('420100','420000','administrative_area','武汉市',420100,'Y','武汉市'),('420200','420000','administrative_area','黄石市',420200,'Y','黄石市'),('420300','420000','administrative_area','十堰市',420300,'Y','十堰市'),('420500','420000','administrative_area','宜昌市',420500,'Y','宜昌市'),('420600','420000','administrative_area','襄阳市',420600,'Y','襄阳市'),('420700','420000','administrative_area','鄂州市',420700,'Y','鄂州市'),('420800','420000','administrative_area','荆门市',420800,'Y','荆门市'),('420900','420000','administrative_area','孝感市',420900,'Y','孝感市'),('421000','420000','administrative_area','荆州市',421000,'Y','荆州市'),('421100','420000','administrative_area','黄冈市',421100,'Y','黄冈市'),('421200','420000','administrative_area','咸宁市',421200,'Y','咸宁市'),('421300','420000','administrative_area','随州市',421300,'Y','随州市'),('422800','420000','administrative_area','恩施土家族苗族自治州',422800,'Y','恩施土家族苗族自治州'),('429000','420000','administrative_area','省直辖县级行政区划',429000,'Y','省直辖县级行政区划'),('430000','CN','administrative_area','湖南省',430000,'Y','湖南省'),('430100','430000','administrative_area','长沙市',430100,'Y','长沙市'),('430200','430000','administrative_area','株洲市',430200,'Y','株洲市'),('430300','430000','administrative_area','湘潭市',430300,'Y','湘潭市'),('430400','430000','administrative_area','衡阳市',430400,'Y','衡阳市'),('430500','430000','administrative_area','邵阳市',430500,'Y','邵阳市'),('430600','430000','administrative_area','岳阳市',430600,'Y','岳阳市'),('430700','430000','administrative_area','常德市',430700,'Y','常德市'),('430800','430000','administrative_area','张家界市',430800,'Y','张家界市'),('430900','430000','administrative_area','益阳市',430900,'Y','益阳市'),('431000','430000','administrative_area','郴州市',431000,'Y','郴州市'),('431100','430000','administrative_area','永州市',431100,'Y','永州市'),('431200','430000','administrative_area','怀化市',431200,'Y','怀化市'),('431300','430000','administrative_area','娄底市',431300,'Y','娄底市'),('433100','430000','administrative_area','湘西土家族苗族自治州',433100,'Y','湘西土家族苗族自治州'),('440000','CN','administrative_area','广东省',440000,'Y','广东省'),('440100','440000','administrative_area','广州市',440100,'Y','广州市'),('440200','440000','administrative_area','韶关市',440200,'Y','韶关市'),('440300','440000','administrative_area','深圳市',440300,'Y','深圳市'),('440400','440000','administrative_area','珠海市',440400,'Y','珠海市'),('440500','440000','administrative_area','汕头市',440500,'Y','汕头市'),('440600','440000','administrative_area','佛山市',440600,'Y','佛山市'),('440700','440000','administrative_area','江门市',440700,'Y','江门市'),('440800','440000','administrative_area','湛江市',440800,'Y','湛江市'),('440900','440000','administrative_area','茂名市',440900,'Y','茂名市'),('441200','440000','administrative_area','肇庆市',441200,'Y','肇庆市'),('441300','440000','administrative_area','惠州市',441300,'Y','惠州市'),('441400','440000','administrative_area','梅州市',441400,'Y','梅州市'),('441500','440000','administrative_area','汕尾市',441500,'Y','汕尾市'),('441600','440000','administrative_area','河源市',441600,'Y','河源市'),('441700','440000','administrative_area','阳江市',441700,'Y','阳江市'),('441800','440000','administrative_area','清远市',441800,'Y','清远市'),('441900','440000','administrative_area','东莞市',441900,'Y','东莞市'),('442000','440000','administrative_area','中山市',442000,'Y','中山市'),('445100','440000','administrative_area','潮州市',445100,'Y','潮州市'),('445200','440000','administrative_area','揭阳市',445200,'Y','揭阳市'),('445300','440000','administrative_area','云浮市',445300,'Y','云浮市'),('450000','CN','administrative_area','广西省',450000,'Y','广西省'),('450100','450000','administrative_area','南宁市',450100,'Y','南宁市'),('450200','450000','administrative_area','柳州市',450200,'Y','柳州市'),('450300','450000','administrative_area','桂林市',450300,'Y','桂林市'),('450400','450000','administrative_area','梧州市',450400,'Y','梧州市'),('450500','450000','administrative_area','北海市',450500,'Y','北海市'),('450600','450000','administrative_area','防城港市',450600,'Y','防城港市'),('450700','450000','administrative_area','钦州市',450700,'Y','钦州市'),('450800','450000','administrative_area','贵港市',450800,'Y','贵港市'),('450900','450000','administrative_area','玉林市',450900,'Y','玉林市'),('451000','450000','administrative_area','百色市',451000,'Y','百色市'),('451100','450000','administrative_area','贺州市',451100,'Y','贺州市'),('451200','450000','administrative_area','河池市',451200,'Y','河池市'),('451300','450000','administrative_area','来宾市',451300,'Y','来宾市'),('451400','450000','administrative_area','崇左市',451400,'Y','崇左市'),('460000','CN','administrative_area','海南省',460000,'Y','海南省'),('460100','460000','administrative_area','海口市',460100,'Y','海口市'),('460200','460000','administrative_area','三亚市',460200,'Y','三亚市'),('460300','460000','administrative_area','三沙市',460300,'Y','三沙市'),('460400','460000','administrative_area','儋州市',460400,'Y','儋州市'),('469000','460000','administrative_area','省直辖县级行政区划',469000,'Y','省直辖县级行政区划'),('500000','CN','administrative_area','重庆市',500000,'Y','重庆市'),('510000','CN','administrative_area','四川省',510000,'Y','四川省'),('510100','510000','administrative_area','成都市',510100,'Y','成都市'),('510300','510000','administrative_area','自贡市',510300,'Y','自贡市'),('510400','510000','administrative_area','攀枝花市',510400,'Y','攀枝花市'),('510500','510000','administrative_area','泸州市',510500,'Y','泸州市'),('510600','510000','administrative_area','德阳市',510600,'Y','德阳市'),('510700','510000','administrative_area','绵阳市',510700,'Y','绵阳市'),('510800','510000','administrative_area','广元市',510800,'Y','广元市'),('510900','510000','administrative_area','遂宁市',510900,'Y','遂宁市'),('511000','510000','administrative_area','内江市',511000,'Y','内江市'),('511100','510000','administrative_area','乐山市',511100,'Y','乐山市'),('511300','510000','administrative_area','南充市',511300,'Y','南充市'),('511400','510000','administrative_area','眉山市',511400,'Y','眉山市'),('511500','510000','administrative_area','宜宾市',511500,'Y','宜宾市'),('511600','510000','administrative_area','广安市',511600,'Y','广安市'),('511700','510000','administrative_area','达州市',511700,'Y','达州市'),('511800','510000','administrative_area','雅安市',511800,'Y','雅安市'),('511900','510000','administrative_area','巴中市',511900,'Y','巴中市'),('512000','510000','administrative_area','资阳市',512000,'Y','资阳市'),('513200','510000','administrative_area','阿坝藏族羌族自治州',513200,'Y','阿坝藏族羌族自治州'),('513300','510000','administrative_area','甘孜藏族自治州',513300,'Y','甘孜藏族自治州'),('513400','510000','administrative_area','凉山彝族自治州',513400,'Y','凉山彝族自治州'),('520000','CN','administrative_area','贵州省',520000,'Y','贵州省'),('520100','520000','administrative_area','贵阳市',520100,'Y','贵阳市'),('520200','520000','administrative_area','六盘水市',520200,'Y','六盘水市'),('520300','520000','administrative_area','遵义市',520300,'Y','遵义市'),('520400','520000','administrative_area','安顺市',520400,'Y','安顺市'),('520500','520000','administrative_area','毕节市',520500,'Y','毕节市'),('520600','520000','administrative_area','铜仁市',520600,'Y','铜仁市'),('522300','520000','administrative_area','黔西南布依族苗族自治州',522300,'Y','黔西南布依族苗族自治州'),('522600','520000','administrative_area','黔东南苗族侗族自治州',522600,'Y','黔东南苗族侗族自治州'),('530000','CN','administrative_area','云南省',530000,'Y','云南省'),('530100','530000','administrative_area','昆明市',530100,'Y','昆明市'),('530300','530000','administrative_area','曲靖市',530300,'Y','曲靖市'),('530400','530000','administrative_area','玉溪市',530400,'Y','玉溪市'),('530500','530000','administrative_area','保山市',530500,'Y','保山市'),('530600','530000','administrative_area','昭通市',530600,'Y','昭通市'),('530700','530000','administrative_area','丽江市',530700,'Y','丽江市'),('530800','530000','administrative_area','普洱市',530800,'Y','普洱市'),('530900','530000','administrative_area','临沧市',530900,'Y','临沧市'),('532300','530000','administrative_area','楚雄彝族自治州',532300,'Y','楚雄彝族自治州'),('532500','530000','administrative_area','红河哈尼族彝族自治州',532500,'Y','红河哈尼族彝族自治州'),('532600','530000','administrative_area','文山壮族苗族自治州',532600,'Y','文山壮族苗族自治州'),('532800','530000','administrative_area','西双版纳傣族自治州',532800,'Y','西双版纳傣族自治州'),('533100','530000','administrative_area','德宏傣族景颇族自治州',533100,'Y','德宏傣族景颇族自治州'),('533300','530000','administrative_area','怒江傈僳族自治州',533300,'Y','怒江傈僳族自治州'),('533400','530000','administrative_area','迪庆藏族自治州',533400,'Y','迪庆藏族自治州'),('540000','CN','administrative_area','西藏自治区',540000,'Y','西藏自治区'),('540100','540000','administrative_area','拉萨市',540100,'Y','拉萨市'),('540200','540000','administrative_area','日喀则市',540200,'Y','日喀则市'),('540300','540000','administrative_area','昌都市',540300,'Y','昌都市'),('540400','540000','administrative_area','林芝市',540400,'Y','林芝市'),('540500','540000','administrative_area','山南市',540500,'Y','山南市'),('542400','540000','administrative_area','那曲地区',542400,'Y','那曲地区'),('542500','540000','administrative_area','阿里地区',542500,'Y','阿里地区'),('610000','CN','administrative_area','陕西省',610000,'Y','陕西省'),('610100','610000','administrative_area','西安市',610100,'Y','西安市'),('610200','610000','administrative_area','铜川市',610200,'Y','铜川市'),('610300','610000','administrative_area','宝鸡市',610300,'Y','宝鸡市'),('610400','610000','administrative_area','咸阳市',610400,'Y','咸阳市'),('610500','610000','administrative_area','渭南市',610500,'Y','渭南市'),('610600','610000','administrative_area','延安市',610600,'Y','延安市'),('610700','610000','administrative_area','汉中市',610700,'Y','汉中市'),('610800','610000','administrative_area','榆林市',610800,'Y','榆林市'),('610900','610000','administrative_area','安康市',610900,'Y','安康市'),('611000','610000','administrative_area','商洛市',611000,'Y','商洛市'),('620000','CN','administrative_area','甘肃省',620000,'Y','甘肃省'),('620100','620000','administrative_area','兰州市',620100,'Y','兰州市'),('620200','620000','administrative_area','嘉峪关市',620200,'Y','嘉峪关市'),('620300','620000','administrative_area','金昌市',620300,'Y','金昌市'),('620400','620000','administrative_area','白银市',620400,'Y','白银市'),('620500','620000','administrative_area','天水市',620500,'Y','天水市'),('620600','620000','administrative_area','武威市',620600,'Y','武威市'),('620700','620000','administrative_area','张掖市',620700,'Y','张掖市'),('620800','620000','administrative_area','平凉市',620800,'Y','平凉市'),('620900','620000','administrative_area','酒泉市',620900,'Y','酒泉市'),('621000','620000','administrative_area','庆阳市',621000,'Y','庆阳市'),('621100','620000','administrative_area','定西市',621100,'Y','定西市'),('621200','620000','administrative_area','陇南市',621200,'Y','陇南市'),('622900','620000','administrative_area','临夏回族自治州',622900,'Y','临夏回族自治州'),('630000','CN','administrative_area','青海省',630000,'Y','青海省'),('630100','630000','administrative_area','西宁市',630100,'Y','西宁市'),('630200','630000','administrative_area','海东市',630200,'Y','海东市'),('632200','630000','administrative_area','海北藏族自治州',632200,'Y','海北藏族自治州'),('632300','630000','administrative_area','黄南藏族自治州',632300,'Y','黄南藏族自治州'),('632500','630000','administrative_area','海南藏族自治州',632500,'Y','海南藏族自治州'),('632600','630000','administrative_area','果洛藏族自治州',632600,'Y','果洛藏族自治州'),('632700','630000','administrative_area','玉树藏族自治州',632700,'Y','玉树藏族自治州'),('632800','630000','administrative_area','海西蒙古族藏族自治州',632800,'Y','海西蒙古族藏族自治州'),('640000','CN','administrative_area','宁夏回族自治区',640000,'Y','宁夏回族自治区'),('640100','640000','administrative_area','银川市',640100,'Y','银川市'),('640200','640000','administrative_area','石嘴山市',640200,'Y','石嘴山市'),('640300','640000','administrative_area','吴忠市',640300,'Y','吴忠市'),('640400','640000','administrative_area','固原市',640400,'Y','固原市'),('640500','640000','administrative_area','中卫市',640500,'Y','中卫市'),('650000','CN','administrative_area','新疆维吾尔自治区',650000,'Y','新疆维吾尔自治区'),('650100','650000','administrative_area','乌鲁木齐市',650100,'Y','乌鲁木齐市'),('650200','650000','administrative_area','克拉玛依市',650200,'Y','克拉玛依市'),('650400','650000','administrative_area','吐鲁番市',650400,'Y','吐鲁番市'),('650500','650000','administrative_area','哈密市',650500,'Y','哈密市'),('652300','650000','administrative_area','昌吉回族自治州',652300,'Y','昌吉回族自治州'),('652700','650000','administrative_area','博尔塔拉蒙古自治州',652700,'Y','博尔塔拉蒙古自治州'),('652800','650000','administrative_area','巴音郭楞蒙古自治州',652800,'Y','巴音郭楞蒙古自治州'),('652900','650000','administrative_area','阿克苏地区',652900,'Y','阿克苏地区'),('653000','650000','administrative_area','克孜勒苏柯尔克孜自治州',653000,'Y','克孜勒苏柯尔克孜自治州'),('653100','650000','administrative_area','喀什地区',653100,'Y','喀什地区'),('653200','650000','administrative_area','和田地区',653200,'Y','和田地区'),('654000','650000','administrative_area','伊犁哈萨克自治州',654000,'Y','伊犁哈萨克自治州'),('654200','650000','administrative_area','塔城地区',654200,'Y','塔城地区'),('654300','650000','administrative_area','阿勒泰地区',654300,'Y','阿勒泰地区'),('659000','650000','administrative_area','自治区直辖县级行政区划',659000,'Y','自治区直辖县级行政区划'),('710000','CN','administrative_area','台湾省',710000,'Y','台湾省'),('810000','CN','administrative_area','香港特别行政区',810000,'Y','香港特别行政区'),('820000','CN','administrative_area','澳门特别行政区',820000,'Y','澳门特别行政区'),('CN','ROOT','administrative_area','中国',10,'Y','中国'),('M01','M','menu_resource','系统管理',10,'Y','系统管理'),('M0101','M01','menu_resource','系统参数',10,'Y','系统设置'),('M010101','M0101','menu_resource','参数定义',10,'Y','参数定义'),('M010102','M0101','menu_resource','参数设置',20,'Y','参数设置'),('M0102','M01','menu_resource','数据字典',20,'Y','数据字典'),('M0103','M01','menu_resource','数据结构',30,'Y','数据结构'),('M0104','M01','menu_resource','值列表',40,'Y','值列表'),('M0106','M01','menu_resource','高级搜索',70,'Y','高级搜索'),('M0107','M01','menu_resource','功能管理',60,'Y','功能管理'),('M0108','M01','menu_resource','日志管理',80,'Y','日志管理'),('M0109','M01','menu_resource','角色管理',90,'Y','角色管理'),('M0110','M01','menu_resource','用户管理',100,'Y','用户管理'),('M02','M','menu_resource','运营实体',20,'Y','运营实体'),('M0201','M02','menu_resource','运营实体管理',10,'Y','运营实体管理'),('M03','M','menu_resource','会员管理',30,'Y','会员管理'),('M0301','M03','menu_resource','会员设置',10,'Y','会员设置'),('M030101','M0301','menu_resource','会员服务设置',10,'Y','会员服务设置'),('M030102','M0301','menu_resource','会员权限设置',20,'Y','会员权限设置'),('M0302','M03','menu_resource','会员管理',20,'Y','会员管理'),('M04','M','menu_resource','租户管理',40,'Y','租户管理'),('M0401','M04','menu_resource','租户管理',10,'Y','租户管理'),('M0402','M04','menu_resource','身份认证',20,'Y','身份认证');

/*Table structure for table `sys_data_struct_node_attribute` */

CREATE TABLE `sys_data_struct_node_attribute` (
  `struct_code` varchar(50) NOT NULL COMMENT '数据结构编码',
  `node_code` varchar(50) NOT NULL COMMENT '数据结构节点编码',
  `attribute_code` varchar(50) NOT NULL COMMENT '数据结构属性编码',
  `attribute_value` varchar(500) NOT NULL COMMENT '数据结构节点属性值',
  PRIMARY KEY (`node_code`,`struct_code`,`attribute_code`)
) ENGINE=InnoDB DEFAULT CHARSET=utf8 COMMENT='数据结构节点属性';

/*Data for the table `sys_data_struct_node_attribute` */

insert  into `sys_data_struct_node_attribute`(`struct_code`,`node_code`,`attribute_code`,`attribute_value`) values ('menu_resource','M01','font_icon_code','fa-cogs'),('menu_resource','M01','function_code',''),('menu_resource','M0101','font_icon_code','fa-cog'),('menu_resource','M0101','function_code',''),('menu_resource','M010101','font_icon_code','fa-asterisk'),('menu_resource','M010101','function_code','sys_parameter'),('menu_resource','M010102','font_icon_code','fa-wrench'),('menu_resource','M010102','function_code','sys_config'),('menu_resource','M0102','font_icon_code','fa-book'),('menu_resource','M0102','function_code','sys_data_dict'),('menu_resource','M0103','font_icon_code','fa-tree'),('menu_resource','M0103','function_code','sys_data_struct'),('menu_resource','M0104','font_icon_code','fa-bars'),('menu_resource','M0104','function_code','sys_lov'),('menu_resource','M0106','font_icon_code','fa-search'),('menu_resource','M0106','function_code','sys_search'),('menu_resource','M0107','font_icon_code','fa-leaf'),('menu_resource','M0107','function_code','sys_function'),('menu_resource','M0108','font_icon_code','fa-sticky-note'),('menu_resource','M0108','function_code','sys_log'),('menu_resource','M0109','font_icon_code','fa-users'),('menu_resource','M0109','function_code','sys_role'),('menu_resource','M0110','font_icon_code','fa-user'),('menu_resource','M0110','function_code','sys_user'),('menu_resource','M0201','font_icon_code',''),('menu_resource','M0201','function_code','oe_operating_entity'),('menu_resource','M030101','font_icon_code',''),('menu_resource','M030101','function_code','mbr_member_service'),('menu_resource','M030102','font_icon_code',''),('menu_resource','M030102','function_code','mbr_member_auth'),('menu_resource','M0302','font_icon_code',''),('menu_resource','M0302','function_code','mbr_member'),('menu_resource','M0401','font_icon_code',''),('menu_resource','M0401','function_code','tnt_tenant'),('menu_resource','M0402','font_icon_code',''),('menu_resource','M0402','function_code','tnt_authentication');

/*Table structure for table `sys_function` */

CREATE TABLE `sys_function` (
  `function_code` varchar(50) NOT NULL COMMENT '功能编码',
  `function_name` varchar(100) NOT NULL COMMENT '功能名称',
  `function_url` varchar(500) NOT NULL COMMENT '功能URL',
  `description` varchar(200) DEFAULT NULL COMMENT '说明',
  PRIMARY KEY (`function_code`)
) ENGINE=InnoDB DEFAULT CHARSET=utf8 COMMENT='系统功能';

/*Data for the table `sys_function` */

insert  into `sys_function`(`function_code`,`function_name`,`function_url`,`description`) values ('mbr_member','会员管理','/app/mbr/member/MemberMgr','会员管理'),('mbr_member_auth','会员权限设置','/app/mbr/auth/MemberAuthMgr','会员权限设置'),('mbr_member_service','会员服务设置','/app/mbr/service/MemberServiceMgr','会员服务设置'),('oe_operating_entity','运营实体管理','/app/oe/OperatingEntity/OperatingEntityMgr','运营实体管理'),('sys_config','参数设置','/app/sys/parameter/ParameterConfig','参数设置'),('sys_data_dict','数据字典','/app/sys/datadict/DataDictMgr','数据字典'),('sys_data_struct','数据结构','/app/sys/datastruct/DataStructMgr','数据结构'),('sys_function','功能管理','/app/sys/function/FunctionMgr','功能管理'),('sys_log','日志管理','/app/sys/log/LogMrg','日志管理'),('sys_lov','值列表','/app/sys/lov/LovMgr','值列表'),('sys_parameter','参数定义','/app/sys/parameter/ParameterMgr','参数定义'),('sys_role','角色管理','/app/sys/role/RoleMrg','角色管理'),('sys_search','高级搜索','/app/sys/search/SearchMgr','高级搜索'),('sys_user','用户管理','/app/sys/user/UserMgr','用户管理'),('tnt_authentication','身份认证','/app/tnt/TenantAuthenticationMrg','身份认证'),('tnt_tenant','租户管理','/app/tnt/TenantMrg','租户管理');

/*Table structure for table `sys_log` */

CREATE TABLE `sys_log` (
  `log_id` varchar(32) NOT NULL COMMENT '日志ID',
  `log_source` varchar(50) NOT NULL COMMENT '日志来源',
  `log_type` varchar(50) NOT NULL COMMENT '日志类型',
  `log_time` datetime NOT NULL COMMENT '日志时间',
  `log_content` varchar(4000) NOT NULL COMMENT '日志内容',
  `request_url` varchar(100) DEFAULT NULL COMMENT '请求URL',
  `username` varchar(30) DEFAULT NULL COMMENT '用户名',
  `attribute1` varchar(1000) DEFAULT NULL,
  `attribute2` varchar(1000) DEFAULT NULL,
  `attribute3` varchar(1000) DEFAULT NULL,
  `attribute4` varchar(1000) DEFAULT NULL,
  `attribute5` varchar(1000) DEFAULT NULL,
  `attribute6` varchar(1000) DEFAULT NULL,
  `attribute7` varchar(1000) DEFAULT NULL,
  `attribute8` varchar(1000) DEFAULT NULL,
  `attribute9` varchar(1000) DEFAULT NULL,
  `attribute10` varchar(1000) DEFAULT NULL,
  PRIMARY KEY (`log_id`),
  KEY `SYS_LOG_N1` (`log_source`),
  KEY `SYS_LOG_N2` (`log_type`),
  KEY `SYS_LOG_N3` (`log_time`)
) ENGINE=InnoDB DEFAULT CHARSET=utf8 COMMENT='系统日志';

/*Data for the table `sys_log` */

insert  into `sys_log`(`log_id`,`log_source`,`log_type`,`log_time`,`log_content`,`request_url`,`username`,`attribute1`,`attribute2`,`attribute3`,`attribute4`,`attribute5`,`attribute6`,`attribute7`,`attribute8`,`attribute9`,`attribute10`) values ('00099c236d9949fb9bae2dd7ca7e827b','user','operation','2017-03-28 07:19:39','test','/ADF/app/sys/function/removeFunction','aizheng','','','','','','','','','',''),('00619915e18443da813b86300dae9700','user','operation','2017-04-29 07:32:18','{\"function_code\":\"mbr_member_auth\",\"function_name\":\"会员权限设置\",\"function_url\":\"/app/member/auth/MemberAuthMgr\",\"description\":\"会员权限设置\"}','/TSP/app/sys/function/addFunction','aizheng','','','','','','','','','',''),('00d04f4bc63048a094baa32142aa91fd','user','operation','2017-04-13 08:07:14','{\"node_code\":\"140400\",\"parent_node_code\":\"140000\",\"struct_code\":\"administrative_area\",\"node_name\":\"长治市\",\"display_order\":\"140400\",\"enabled_flag\":\"Y\",\"description\":\"长治市\"}','/TSP/app/sys/datastruct/addDataStructNode','aizheng','','','','','','','','','',''),('00fff322bc0d48c6839b32e763382a2f','user','operation','2017-05-01 22:55:37','2c08a801b74640d9a98a125dbb973410','/TSP/app/sys/role/saveRoleMenuAuth','aizheng','','','','','','','','','',''),('010c24ab13b64646a7dafc976d688691','user','operation','2017-04-13 21:43:18','{\"node_code\":\"360500\",\"parent_node_code\":\"360000\",\"struct_code\":\"administrative_area\",\"node_name\":\"新余市\",\"display_order\":\"360500\",\"enabled_flag\":\"Y\",\"description\":\"新余市\"}','/TSP/app/sys/datastruct/addDataStructNode','aizheng','','','','','','','','','',''),('012644d69dbe4b269ded27978092bb79','user','operation','2017-03-27 16:01:22','[{\"ddt_code\":\"\",\"ddt_text\":\"\",\"description\":\"\",\"display_order\":\"10\",\"ds_code\":\"\",\"ds_text\":\"\",\"element_type\":\"date\",\"element_type_name\":\"日期控件\",\"lov_code\":\"\",\"lov_text\":\"\",\"parameter_code\":\"date\",\"parameter_name\":\"日期\",\"parameter_type\":\"test\",\"parameter_value\":\"2017-03-07\"},{\"ddt_code\":\"\",\"ddt_text\":\"\",\"description\":\"\",\"display_order\":\"20\",\"ds_code\":\"\",\"ds_text\":\"\",\"element_type\":\"time\",\"element_type_name\":\"时间控件\",\"lov_code\":\"\",\"lov_text\":\"\",\"parameter_code\":\"time\",\"parameter_name\":\"时间\",\"parameter_type\":\"test\",\"parameter_value\":\"17:25:15\"}]','/ADF/app/sys/parameter/saveParameterConfig','aizheng','','','','','','','','','',''),('013e1fc59e574042ac829399d3c8f412','user','operation','2017-04-29 07:25:41','{\"item_code\":\"170\",\"type_code\":\"tenant_label\",\"item_name\":\"80后\",\"display_order\":\"170\",\"enabled_flag\":\"Y\"}','/TSP/app/sys/datadict/addDataDictItem','aizheng','','','','','','','','','',''),('016df807e2aa426693fba32b587600c3','user','operation','2017-03-25 21:38:27','{\"column_code\":\"abc\",\"search_code\":\"LogMgr\",\"column_name\":\"acb\",\"column_sql\":\"abc\",\"operation_symbol\":\"equal\",\"element_type\":\"text\",\"ddt_code\":\"\",\"lov_code\":\"\",\"ds_code\":\"\",\"display_order\":\"11\",\"description\":\"\"}','/ADF/app/sys/search/addSearchColumn','aizheng','','','','','','','','','',''),('01bab7ac149347dca2bcdcb41c46e65a','user','operation','2017-05-01 23:27:07','{\"column_code\":\"register_time_start\",\"search_code\":\"MemberMgr\",\"column_name\":\"注册日期始\",\"column_sql\":\"mm.register_time\",\"operation_symbol\":\"greater_equal\",\"element_type\":\"date\",\"ddt_code\":\"\",\"lov_code\":\"\",\"ds_code\":\"\",\"display_order\":\"30\",\"description\":\"\"}','/TSP/app/sys/search/editSearchColumn','aizheng','','','','','','','','','',''),('01f22551864545a69665de49ff3b19f3','user','logout','2017-03-26 04:17:44','aizheng','/ADF/logout','aizheng','','','','','','','','','',''),('021db24e3b5944858c68bb9b1e11afb5','user','operation','2017-04-28 15:05:33','c92ac60341854f39878629d8294b23a5','/TSP/app/sys/role/saveRoleMenuAuth','aizheng','','','','','','','','','',''),('02200d6dda0e4d19b62efc655eb5e443','system','exception','2017-03-27 17:00:15','{\"className\":\"org.adf.application.modules.system.service.ParameterService\",\"lineNumber\":\"77\",\"message\":\"/ by zero\",\"methodName\":\"removeParameterType\"}','','','','','','','','','','','',''),('02370280414c4b1db8f27c59c460d157','user','operation','2017-04-29 07:16:08','{\"item_code\":\"140\",\"type_code\":\"rent_scope\",\"item_name\":\"喝酒聚会\",\"display_order\":\"140\",\"enabled_flag\":\"Y\"}','/TSP/app/sys/datadict/addDataDictItem','aizheng','','','','','','','','','',''),('03a91ce5fbaf43889f5c471cd54821be','user','login','2017-04-15 13:07:05','aizheng/FbkiBBWH6KfMBhSqRWqU4e53CXhIdwIR9zKeewxLTb61vzmthmc6OrBcyOyx030ZDUioDEcqmRHr3hJE+Dtryw==','/TSP/login_validate','aizheng','','','','','','','','','',''),('03b0258e2cc149b5bc736eefa0ef0594','user','operation','2017-04-13 10:05:57','{\"node_code\":\"230900\",\"parent_node_code\":\"230000\",\"struct_code\":\"administrative_area\",\"node_name\":\"七台河市\",\"display_order\":\"230900\",\"enabled_flag\":\"Y\",\"description\":\"七台河市\"}','/TSP/app/sys/datastruct/addDataStructNode','aizheng','','','','','','','','','',''),('03b4978ea1f04d1592ebc9cc2bcb4a06','user','operation','2017-04-28 11:31:43','{\"item_code\":\"say_hello_count\",\"type_code\":\"member_auth\",\"item_name\":\"每天20次与陌生人打招呼机会\",\"display_order\":\"30\",\"enabled_flag\":\"Y\"}','/TSP/app/sys/datadict/editDataDictItem','aizheng','','','','','','','','','',''),('03cb4dc3ed07462db6a7fa4ac30390ff','user','operation','2017-04-15 13:24:33','{\"node_code\":\"533300\",\"parent_node_code\":\"530000\",\"struct_code\":\"administrative_area\",\"node_name\":\"怒江傈僳族自治州\",\"display_order\":\"533300\",\"enabled_flag\":\"Y\",\"description\":\"怒江傈僳族自治州\"}','/TSP/app/sys/datastruct/addDataStructNode','aizheng','','','','','','','','','',''),('044c62e2acd541b5a6cd5830a847a3b2','user','operation','2017-04-13 21:48:15','{\"node_code\":\"411500\",\"parent_node_code\":\"410000\",\"struct_code\":\"administrative_area\",\"node_name\":\"信阳市\",\"display_order\":\"411500\",\"enabled_flag\":\"Y\",\"description\":\"信阳市\"}','/TSP/app/sys/datastruct/addDataStructNode','aizheng','','','','','','','','','',''),('04565452c7b747ef85f40bf675590d2c','user','operation','2017-03-28 07:15:32','{\"operation_code\":\"sys_operation_remove\",\"function_code\":\"sys_function\",\"operation_name\":\"操作-删除\",\"description\":\"操作-删除\"}','/ADF/app/sys/function/addOperation','aizheng','','','','','','','','','',''),('0463a77238794c119db52526f6d60543','user','operation','2017-04-15 13:27:29','{\"node_code\":\"610100\",\"parent_node_code\":\"610000\",\"struct_code\":\"administrative_area\",\"node_name\":\"西安市\",\"display_order\":\"610100\",\"enabled_flag\":\"Y\",\"description\":\"西安市\"}','/TSP/app/sys/datastruct/addDataStructNode','aizheng','','','','','','','','','',''),('049ed7997a9949d598a4afbea3f7fefa','user','operation','2017-04-04 15:19:13','{\"node_code\":\"M0107\",\"parent_node_code\":\"M01\",\"struct_code\":\"menu_resource\",\"node_name\":\"功能管理\",\"display_order\":\"60\",\"enabled_flag\":\"Y\",\"description\":\"功能管理\"}','/ADF/app/sys/datastruct/editDataStructNode','aizheng','','','','','','','','','',''),('04c5544ec08e4f9a9b8457240baba471','user','login','2017-03-25 08:30:01','aizheng/Q3WeUtS+kXCYp4SoR0NsM5RELBY0Rkrh0Hr5n5N2VE68TBO7l0/ZMOnD4qcqEAd/BYFC7oTDIAmzk8r3I+TfCA==','/ADF/login_validate','aizheng','','','','','','','','','',''),('04df89dcc620401e9811a699050b6ff7','user','operation','2017-03-27 14:19:23','{\"parameter_code\":\"test\",\"parameter_name\":\"fds\",\"parameter_type\":\"system_setup\",\"element_type\":\"text\",\"ddt_code\":\"\",\"lov_code\":\"\",\"ds_code\":\"\",\"display_order\":\"23\",\"description\":\"\"}','/ADF/app/sys/parameter/addParameterDefine','aizheng','','','','','','','','','',''),('05722b9068c54e2f8b6a8f1ad9b9c665','user','operation','2017-04-13 21:56:34','{\"node_code\":\"440500\",\"parent_node_code\":\"440000\",\"struct_code\":\"administrative_area\",\"node_name\":\"汕头市\",\"display_order\":\"440500\",\"enabled_flag\":\"Y\",\"description\":\"汕头市\"}','/TSP/app/sys/datastruct/addDataStructNode','aizheng','','','','','','','','','',''),('05ac6c6f5a8f423a82e44faa64129527','user','operation','2017-04-16 04:19:42','{\"entity_id\":\"4a55b2f373364910bdff5f4f01ec213a\",\"entity_name\":\"TimeSharePlatform\",\"wx_public_no_type\":\"subscibe\",\"wx_public_no_id\":\"gh_d4c5ac837a87\",\"wx_public_no_code\":\"TimeSharePlatform\",\"wx_public_no_name\":\"TimeSharePlatform\",\"wx_public_no_desc\":\"时间分享平台\",\"wx_country\":\"CN\",\"wx_province\":\"370000\",\"wx_city\":\"370200\",\"wx_authentication_status\":\"N\",\"wx_payment_status\":\"N\",\"wx_developer_app_id\":\"wx7d3bc8ad5516c0b3\",\"wx_developer_app_secret\":\"c23565f98385cb249a1d5b230e392127\",\"wx_server_url\":\"http://t16971b592.51mypc.cn/TSPS\",\"wx_server_token\":\"\",\"wx_server_encoding_aes_key\":\"\",\"wx_server_encoding_type\":\"plaintext\",\"wx_mch_id\":\"\",\"operator\":\"艾铮\",\"email\":\"aisunny1986@yeah.net\",\"mobilephone\":\"15853257351\",\"start_date\":\"2017-04-16\",\"end_date\":\"2018-04-15\",\"status\":\"valid\",\"description\":\"时间分享平台\",\"create_date\":\"2017-04-15 14:58:17\",\"created_by\":\"2282a5af0e1f403297948eca95877a03\",\"last_update_date\":null,\"last_updated_by\":\"2282a5af0e1f403297948eca95877a03\",\"attribute1\":\"\",\"attribute2\":\"\",\"attribute3\":\"\",\"attribute4\":\"\",\"attribute5\":\"\",\"attribute6\":\"\",\"attribute7\":\"\",\"attribute8\":\"\",\"attribute9\":\"\",\"attribute10\":\"\"}','/TSP/app/oe/OperatingEntity/editOperatingEntity','aizheng','','','','','','','','','',''),('05e5e17754384c95b737dcb2404889d9','user','operation','2017-04-13 21:48:53','{\"node_code\":\"419000\",\"parent_node_code\":\"410000\",\"struct_code\":\"administrative_area\",\"node_name\":\"省直辖县级行政区划\",\"display_order\":\"419000\",\"enabled_flag\":\"Y\",\"description\":\"省直辖县级行政区划\"}','/TSP/app/sys/datastruct/addDataStructNode','aizheng','','','','','','','','','',''),('06bdbf6b38de4d55b2d91edbdf8a0688','user','operation','2017-04-30 07:24:04','{\"item_code\":\"horse\",\"type_code\":\"chines_zodiac\",\"item_name\":\"马\",\"display_order\":\"70\",\"enabled_flag\":\"Y\"}','/TSP/app/sys/datadict/addDataDictItem','aizheng','','','','','','','','','',''),('06db6281263a4fbea84c56737927dc0b','user','operation','2017-04-13 21:41:57','{\"node_code\":\"350800\",\"parent_node_code\":\"350000\",\"struct_code\":\"administrative_area\",\"node_name\":\"龙岩市\",\"display_order\":\"350800\",\"enabled_flag\":\"Y\",\"description\":\"龙岩市\"}','/TSP/app/sys/datastruct/addDataStructNode','aizheng','','','','','','','','','',''),('06fd357ce3a2417d8d7f2ef1563e377d','user','operation','2017-04-01 22:55:45','[{\"attribute_code\":\"font_icon_code\",\"attribute_name\":\"字体图标\",\"attribute_text\":\"\",\"attribute_value\":\"fa-users\",\"ddt_code\":\"\",\"ds_code\":\"\",\"element_type\":\"lov\",\"lov_code\":\"lov_font_icon\",\"node_code\":\"M0109\",\"struct_code\":\"menu_resource\"},{\"attribute_code\":\"function_code\",\"attribute_name\":\"功能\",\"attribute_text\":\"\",\"attribute_value\":\"sys_role\",\"ddt_code\":\"\",\"ds_code\":\"\",\"element_type\":\"lov\",\"lov_code\":\"lov_function\",\"node_code\":\"M0109\",\"struct_code\":\"menu_resource\"}]','/ADF/app/sys/datastruct/saveDataStructNodeAttributes','aizheng','','','','','','','','','',''),('07267e798de7488ca6baad1d8c7d3574','user','operation','2017-03-24 12:43:20','{\"node_code\":\"M0102\",\"parent_node_code\":\"M01\",\"struct_code\":\"menu_resource\",\"node_name\":\"系统参数\",\"display_order\":\"10\",\"enabled_flag\":\"Y\",\"description\":\"系统参数\"}','/ADF/app/sys/datastruct/editDataStructNode','aizheng','','','','','','','','','',''),('076935ed7fa547fcaad12127797520e8','user','operation','2017-04-13 06:10:52','{\"node_code\":\"371200\",\"parent_node_code\":\"370000\",\"struct_code\":\"administrative_area\",\"node_name\":\"莱芜市\",\"display_order\":\"371200\",\"enabled_flag\":\"Y\",\"description\":\"莱芜市\"}','/TSP/app/sys/datastruct/addDataStructNode','aizheng','','','','','','','','','',''),('07bbb78c9c4f40f29247a5a35820a846','user','operation','2017-04-13 08:08:23','{\"node_code\":\"141000\",\"parent_node_code\":\"140000\",\"struct_code\":\"administrative_area\",\"node_name\":\"临汾市\",\"display_order\":\"141000\",\"enabled_flag\":\"Y\",\"description\":\"临汾市\"}','/TSP/app/sys/datastruct/addDataStructNode','aizheng','','','','','','','','','',''),('07d7b98e614845bfb6f3921c3b6062e8','user','login','2017-03-25 21:44:58','aizheng/DlOGXZ5lupyMOp6zKuaMCnRjvXzuYZQio/3qOevqiTrtsrSK/vfiFnxg5Y0hznAKP9GPvmBiQqvIGrCsFYWAqQ==','/ADF/login_validate','aizheng','','','','','','','','','',''),('086afe6ddd1e477f8e20a9846f078f31','user','login','2017-04-15 15:43:21','aizheng/LfwPS8FLxtE/gqokCCk89f2TUUFThJXarJZnlThHyye4Ja+HQepvIw3Q/X4saSzoy74Exj+WBSOE00TFyDHDrQ==','/TSP/login_validate','aizheng','','','','','','','','','',''),('08de24fb67534b009f1db5f3793d8053','user','login','2017-03-25 23:02:03','aizheng/cthIbDMXQJcYBroh+m2PF+LLdduSKBGqT4Be5PhtYBN3mMo+ykJaySNii6IddwMz255ECAhQ1/Xu80oiOrN3ew==','/ADF/login_validate','aizheng','','','','','','','','','',''),('094911d9c33f492bbfc83123e6dad751','user','operation','2017-04-29 22:33:50','{\"auth_id\":null,\"member_type\":\"general\",\"member_auth_type\":\"say_hello\",\"member_auth_name\":\"4.每天10次与陌生人打招呼机会\",\"member_auth_value\":\"10\",\"create_date\":null,\"created_by\":\"2282a5af0e1f403297948eca95877a03\",\"last_update_date\":null,\"last_updated_by\":\"2282a5af0e1f403297948eca95877a03\",\"attribute1\":null,\"attribute2\":null,\"attribute3\":null,\"attribute4\":null,\"attribute5\":null,\"attribute6\":null,\"attribute7\":null,\"attribute8\":null,\"attribute9\":null,\"attribute10\":null}','/TSP/app/mbr/auth/addMemberAuth','aizheng','','','','','','','','','',''),('09723a956c464bf8ac26aaba81ac8167','user','operation','2017-03-27 14:32:06','[{\"ddt_code\":\"\",\"ddt_text\":\"\",\"description\":\"\",\"display_order\":\"10\",\"ds_code\":\"\",\"ds_text\":\"\",\"element_type\":\"datetime\",\"element_type_name\":\"日期时间控件\",\"lov_code\":\"\",\"lov_text\":\"\",\"parameter_code\":\"datetime\",\"parameter_name\":\"日期时间\",\"parameter_type\":\"test\",\"parameter_value\":\"2017-03-27 14:30:51\"},{\"ddt_code\":\"\",\"ddt_text\":\"\",\"description\":\"\",\"display_order\":\"20\",\"ds_code\":\"\",\"ds_text\":\"\",\"element_type\":\"date\",\"element_type_name\":\"日期控件\",\"lov_code\":\"\",\"lov_text\":\"\",\"parameter_code\":\"date\",\"parameter_name\":\"日期\",\"parameter_type\":\"test\",\"parameter_value\":\"2017-03-27 14:31:51\"},{\"ddt_code\":\"\",\"ddt_text\":\"\",\"description\":\"\",\"display_order\":\"30\",\"ds_code\":\"\",\"ds_text\":\"\",\"element_type\":\"time\",\"element_type_name\":\"时间控件\",\"lov_code\":\"\",\"lov_text\":\"\",\"parameter_code\":\"time\",\"parameter_name\":\"时间\",\"parameter_type\":\"test\",\"parameter_value\":\"2017-03-27 14:30:51\"}]','/ADF/app/sys/parameter/saveParameterConfig','aizheng','','','','','','','','','',''),('098ff58bbe8c4d5aa50d68466291dd51','user','operation','2017-04-30 07:30:33','{\"item_code\":\"leo\",\"type_code\":\"constellation\",\"item_name\":\"狮子座\",\"display_order\":\"50\",\"enabled_flag\":\"Y\"}','/TSP/app/sys/datadict/addDataDictItem','aizheng','','','','','','','','','',''),('09ad0a9ae0384ed3a8b173e826283804','user','operation','2017-04-01 22:41:21','{\"node_code\":\"M01\",\"parent_node_code\":\"M01\",\"struct_code\":\"menu_resource\",\"node_name\":\"系统参数\",\"display_order\":\"10\",\"enabled_flag\":\"Y\",\"description\":\"系统参数\"}','/ADF/app/sys/datastruct/addDataStructNode','aizheng','','','','','','','','','',''),('09b6cec1c84b41ba9069f4280dd5b78a','user','operation','2017-04-15 13:30:24','{\"node_code\":\"620100\",\"parent_node_code\":\"620000\",\"struct_code\":\"administrative_area\",\"node_name\":\"兰州市\",\"display_order\":\"620100\",\"enabled_flag\":\"Y\",\"description\":\"兰州市\"}','/TSP/app/sys/datastruct/addDataStructNode','aizheng','','','','','','','','','',''),('09b6d42d2c9941a987b87a276a5242c3','user','operation','2017-04-15 13:15:29','{\"node_code\":\"511000\",\"parent_node_code\":\"510000\",\"struct_code\":\"administrative_area\",\"node_name\":\"内江市\",\"display_order\":\"511000\",\"enabled_flag\":\"Y\",\"description\":\"内江市\"}','/TSP/app/sys/datastruct/addDataStructNode','aizheng','','','','','','','','','',''),('09c54dc6852c4cfaa99a62f857e693fd','user','operation','2017-03-27 14:24:46','{\"type_code\":\"test\",\"type_name\":\"测试\",\"display_order\":\"20\",\"description\":\"测试\"}','/ADF/app/sys/parameter/addParameterType','aizheng','','','','','','','','','',''),('0a3c95d2e52c44b7a797f6b310075615','user','operation','2017-03-28 06:56:51','test','/ADF/app/sys/parameter/removeParameterType','aizheng','','','','','','','','','',''),('0a961e1c43b340e18c397ec59ac8fddd','user','operation','2017-04-13 09:22:34','{\"node_code\":\"211300\",\"parent_node_code\":\"210000\",\"struct_code\":\"administrative_area\",\"node_name\":\"朝阳市\",\"display_order\":\"211300\",\"enabled_flag\":\"Y\",\"description\":\"朝阳市\"}','/TSP/app/sys/datastruct/addDataStructNode','aizheng','','','','','','','','','',''),('0ab2eb8f5ec845aea793d33bf3332deb','user','operation','2017-03-25 08:36:56','{\"item_code\":\"less_equal\",\"type_code\":\"operation_symbol\",\"item_name\":\"小于等于\",\"display_order\":\"60\",\"enabled_flag\":\"Y\"}','/ADF/app/sys/datadict/addDataDictItem','aizheng','','','','','','','','','',''),('0ab71cb8dad1474eb279eaf22872a079','user','operation','2017-04-13 06:08:28','{\"node_code\":\"370100\",\"parent_node_code\":\"370000\",\"struct_code\":\"administrative_area\",\"node_name\":\"济南市\",\"display_order\":\"370100\",\"enabled_flag\":\"Y\",\"description\":\"济南市\"}','/TSP/app/sys/datastruct/addDataStructNode','aizheng','','','','','','','','','',''),('0b6e5f0d2ebb456996a706fe53a1f93f','user','login','2017-03-28 06:53:08','aizheng/H9e2ycy0ALP2jP41M2A5EjfsHMJYegdyPaD+Tom+YNG89ymhyCgtSArpRCSsZJJD/0UZpXZixABrnIfFyrwgWQ==','/ADF/login_validate','aizheng','','','','','','','','','',''),('0b790d4783d94f4ab74b886088efaa19','user','operation','2017-04-15 13:36:31','{\"node_code\":\"632500\",\"parent_node_code\":\"630000\",\"struct_code\":\"administrative_area\",\"node_name\":\"海南藏族自治州\",\"display_order\":\"632500\",\"enabled_flag\":\"Y\",\"description\":\"海南藏族自治州\"}','/TSP/app/sys/datastruct/addDataStructNode','aizheng','','','','','','','','','',''),('0b7b5aec5dcf464385d7d990e1086261','user','operation','2017-04-13 08:04:13','{\"node_code\":\"130400\",\"parent_node_code\":\"130000\",\"struct_code\":\"administrative_area\",\"node_name\":\"邯郸市\",\"display_order\":\"130400\",\"enabled_flag\":\"Y\",\"description\":\"邯郸市\"}','/TSP/app/sys/datastruct/addDataStructNode','aizheng','','','','','','','','','',''),('0b8b0cdb1b994a039879aacb13aa8394','user','operation','2017-04-28 16:10:01','c92ac60341854f39878629d8294b23a5','/TSP/app/sys/role/saveRoleMenuAuth','aizheng','','','','','','','','','',''),('0ba5f7db8b964084af458138aa8dd820','user','operation','2017-03-26 21:20:47','{\"column_code\":\"log_end_time\",\"search_code\":\"LogMgr\",\"column_name\":\"结束时间\",\"column_sql\":\"sl.log_time\",\"operation_symbol\":\"less_equal\",\"element_type\":\"datetime\",\"ddt_code\":\"\",\"lov_code\":\"\",\"ds_code\":\"\",\"display_order\":\"50\",\"description\":\"结束时间\"}','/ADF/app/sys/search/editSearchColumn','aizheng','','','','','','','','','',''),('0c3d39caf95c47a28dc70ee17c856bb7','user','operation','2017-04-15 13:29:35','{\"node_code\":\"610800\",\"parent_node_code\":\"610000\",\"struct_code\":\"administrative_area\",\"node_name\":\"榆林市\",\"display_order\":\"610800\",\"enabled_flag\":\"Y\",\"description\":\"榆林市\"}','/TSP/app/sys/datastruct/addDataStructNode','aizheng','','','','','','','','','',''),('0c82bb8a80f84ffabba2c13a3ccf81f1','user','operation','2017-04-13 06:11:58','{\"node_code\":\"371700\",\"parent_node_code\":\"370000\",\"struct_code\":\"administrative_area\",\"node_name\":\"菏泽市\",\"display_order\":\"371700\",\"enabled_flag\":\"Y\",\"description\":\"菏泽市\"}','/TSP/app/sys/datastruct/addDataStructNode','aizheng','','','','','','','','','',''),('0c9fc221a9ca4d52818a6db4e376c977','user','login','2017-04-15 16:38:34','aizheng/TfJ5Ek/slq2sh2v8XD8y2v/NvZbuG625JAq1OTepEidNlv/0gT6slzQhACZzmeuQ7B2KOnb+m/nOJm/Gy54EIg==','/TSP/login_validate','aizheng','','','','','','','','','',''),('0c9fdeb007f6437f8e7f43cfebf96d1f','user','operation','2017-04-29 17:16:28','{\"service_id\":\"01b2a3fc143e41439fa1e690645a545f\",\"member_type\":\"platinum\",\"member_duration\":\"12\",\"member_price\":\"499\",\"service_name\":\"12个月499元\",\"service_name_ext\":\"优惠80%\",\"create_date\":\"2017-04-29 17:15:00\",\"created_by\":\"2282a5af0e1f403297948eca95877a03\",\"last_update_date\":null,\"last_updated_by\":\"2282a5af0e1f403297948eca95877a03\",\"attribute1\":null,\"attribute2\":null,\"attribute3\":null,\"attribute4\":null,\"attribute5\":null,\"attribute6\":null,\"attribute7\":null,\"attribute8\":null,\"attribute9\":null,\"attribute10\":null}','/TSP/app/mbr/service/editMemberService','aizheng','','','','','','','','','',''),('0cf85087adad40bbb2322c6ed7c58a8b','user','operation','2017-05-01 21:32:18','{\"operation_code\":\"tnt_tenant_authentication_status\",\"function_code\":\"tnt_tenant\",\"operation_name\":\"身份认证\",\"description\":\"身份认证\"}','/TSP/app/sys/function/addOperation','aizheng','','','','','','','','','',''),('0d00202fc8324679b6e39d2a0b9d0827','user','operation','2017-04-13 21:41:08','{\"node_code\":\"350400\",\"parent_node_code\":\"350000\",\"struct_code\":\"administrative_area\",\"node_name\":\"三明市\",\"display_order\":\"350400\",\"enabled_flag\":\"Y\",\"description\":\"三明市\"}','/TSP/app/sys/datastruct/addDataStructNode','aizheng','','','','','','','','','',''),('0d7647b9ba7247739e14687a943f3bda','user','operation','2017-03-27 14:20:35','{\"type_code\":\"test\",\"type_name\":\"测试\",\"display_order\":\"20\",\"description\":\"\"}','/ADF/app/sys/parameter/addParameterType','aizheng','','','','','','','','','',''),('0d95d25845534b1689c20430c0cb4458','user','operation','2017-04-13 21:53:56','{\"node_code\":\"430700\",\"parent_node_code\":\"430000\",\"struct_code\":\"administrative_area\",\"node_name\":\"常德市\",\"display_order\":\"430700\",\"enabled_flag\":\"Y\",\"description\":\"常德市\"}','/TSP/app/sys/datastruct/addDataStructNode','aizheng','','','','','','','','','',''),('0da21bda5b23488daee162d0855b40c7','user','operation','2017-04-30 07:29:27','{\"item_code\":\"gemini\",\"type_code\":\"constellation\",\"item_name\":\"双子座\",\"display_order\":\"30\",\"enabled_flag\":\"Y\"}','/TSP/app/sys/datadict/addDataDictItem','aizheng','','','','','','','','','',''),('0ddf8c8e0da746778a9794f7ad787241','user','operation','2017-04-15 13:41:20','{\"node_code\":\"652900\",\"parent_node_code\":\"650000\",\"struct_code\":\"administrative_area\",\"node_name\":\"阿克苏地区\",\"display_order\":\"652900\",\"enabled_flag\":\"Y\",\"description\":\"阿克苏地区\"}','/TSP/app/sys/datastruct/addDataStructNode','aizheng','','','','','','','','','',''),('0dfc926db9224e51871955eac0428d62','user','operation','2017-04-29 06:12:19','member_service','/TSP/app/sys/datadict/removeDataDictType','aizheng','','','','','','','','','',''),('0e69ffadd42d4c43a57b516d6942c9b5','user','operation','2017-04-13 10:15:58','{\"node_code\":\"341600\",\"parent_node_code\":\"340000\",\"struct_code\":\"administrative_area\",\"node_name\":\"亳州市\",\"display_order\":\"341600\",\"enabled_flag\":\"Y\",\"description\":\"亳州市\"}','/TSP/app/sys/datastruct/addDataStructNode','aizheng','','','','','','','','','',''),('0e9f5260c1554b60968e7d6c4191030c','user','operation','2017-04-13 21:51:31','{\"node_code\":\"421100\",\"parent_node_code\":\"420000\",\"struct_code\":\"administrative_area\",\"node_name\":\"黄冈市\",\"display_order\":\"421100\",\"enabled_flag\":\"Y\",\"description\":\"黄冈市\"}','/TSP/app/sys/datastruct/addDataStructNode','aizheng','','','','','','','','','',''),('0eb3d3867b894d0caa6597520cf4fe37','user','operation','2017-04-13 21:44:21','{\"node_code\":\"361000\",\"parent_node_code\":\"360000\",\"struct_code\":\"administrative_area\",\"node_name\":\"抚州市\",\"display_order\":\"361000\",\"enabled_flag\":\"Y\",\"description\":\"抚州市\"}','/TSP/app/sys/datastruct/addDataStructNode','aizheng','','','','','','','','','',''),('0ee6772b9fbc4484a8753d071116ebf7','user','login','2017-05-01 01:24:17','aizheng/cHIF7FJUEL3lmGuy1itt6sCoAjxfIrrHO+6lcE43wThQCY1ctixTZPmraIebbo6ZxBZsbbEGDT0FlbmFVCbE3A==','/TSP/login_validate','aizheng','','','','','','','','','',''),('0f20da39e04342fda223a98cbbcaef62','user','operation','2017-04-15 13:42:18','{\"node_code\":\"654000\",\"parent_node_code\":\"650000\",\"struct_code\":\"administrative_area\",\"node_name\":\"伊犁哈萨克自治州\",\"display_order\":\"654000\",\"enabled_flag\":\"Y\",\"description\":\"伊犁哈萨克自治州\"}','/TSP/app/sys/datastruct/addDataStructNode','aizheng','','','','','','','','','',''),('0f262391d1b447e0a3c21283143dace6','user','operation','2017-05-01 23:13:24','{\"column_code\":\"member_type\",\"search_code\":\"MemberMgr\",\"column_name\":\"会员类型\",\"column_sql\":\"mm.member_type\",\"operation_symbol\":\"equal\",\"element_type\":\"select\",\"ddt_code\":\"member_type\",\"lov_code\":\"\",\"ds_code\":\"\",\"display_order\":\"10\",\"description\":\"\"}','/TSP/app/sys/search/addSearchColumn','aizheng','','','','','','','','','',''),('0f95be821272402caa7452d2db22f8fe','user','operation','2017-04-01 22:42:17','[{\"attribute_code\":\"function_code\",\"attribute_name\":\"功能\",\"attribute_text\":\"\",\"attribute_value\":\"sys_config\",\"ddt_code\":\"\",\"ds_code\":\"\",\"element_type\":\"lov\",\"lov_code\":\"lov_function\",\"node_code\":\"M011502\",\"struct_code\":\"menu_resource\"},{\"attribute_code\":\"font_icon_code\",\"attribute_name\":\"字体图标\",\"attribute_text\":\"\",\"attribute_value\":\"\",\"ddt_code\":\"\",\"ds_code\":\"\",\"element_type\":\"lov\",\"lov_code\":\"lov_font_icon\",\"node_code\":\"M011502\",\"struct_code\":\"menu_resource\"}]','/ADF/app/sys/datastruct/saveDataStructNodeAttributes','aizheng','','','','','','','','','',''),('0fa6093305f4431ba77b448f5dd5f0c0','user','operation','2017-03-25 07:29:02','{\"function_code\":\"sys_search\",\"function_name\":\"高级搜索\",\"function_url\":\"/app/sys/search/SearchMgr\",\"description\":\"高级搜索\"}','/ADF/app/sys/function/addFunction','aizheng','','','','','','','','','',''),('0fdfaee4abcb4e638cd8e4edc999110c','user','operation','2017-04-30 07:27:58','{\"item_code\":\"aries\",\"type_code\":\"constellation\",\"item_name\":\"白羊座\",\"display_order\":\"10\",\"enabled_flag\":\"Y\"}','/TSP/app/sys/datadict/addDataDictItem','aizheng','','','','','','','','','',''),('0fe9e27e047b4faa9b8b1abb626b0061','user','operation','2017-03-27 15:16:07','{\"attribute_code\":\"time\",\"type_code\":\"user_type\",\"attribute_name\":\"时间\",\"element_type\":\"time\",\"ddt_code\":\"\",\"lov_code\":\"\",\"ds_code\":\"\",\"description\":\"\"}','/ADF/app/sys/datadict/addDataDictTypeAttribute','aizheng','','','','','','','','','',''),('1039391e32e74cf993cbc4eef66622f2','user','login','2017-05-02 13:21:59','aizheng/S1Dx+Q1iRX3clFgJNq+Wywf7SMp6jWjsnCpfzqdw/CiCKrUh3ro3NC0Aj20WdVrD0tMZRPmhvfJcrFXd6y0qaw==','/TSP/login_validate','aizheng','','','','','','','','','',''),('104273a47cd9419e95b74f5e6192a6f7','user','operation','2017-03-25 08:42:12','{\"column_code\":\"username\",\"search_code\":\"LogMgr\",\"column_name\":\"操作员\",\"column_sql\":\"sl.username\",\"operation_symbol\":\"include\",\"element_type\":\"text\",\"ddt_code\":\"\",\"lov_code\":\"\",\"ds_code\":\"\",\"display_order\":\"60\",\"description\":\"操作员\"}','/ADF/app/sys/search/addSearchColumn','aizheng','','','','','','','','','',''),('1046b7c9402d4f27982166f297695b63','user','operation','2017-04-29 07:24:07','{\"item_code\":\"130\",\"type_code\":\"tenant_label\",\"item_name\":\"夜猫子\",\"display_order\":\"130\",\"enabled_flag\":\"Y\"}','/TSP/app/sys/datadict/addDataDictItem','aizheng','','','','','','','','','',''),('10952d21be3e4b5d99965d3dbbda031b','user','login','2017-04-04 15:37:09','aizheng/ZI/6DhxYJO6IFSV5EcPUZvKghVoJ/SSaTWkfNhJdiB1uc6LN8Vzvx3ZCOGHU/nXjsr8eL39pNatugVmly+hN/A==','/TSP/login_validate','aizheng','','','','','','','','','',''),('10de6a7272c1483e81adf09b177333f7','user','operation','2017-04-13 10:14:08','{\"node_code\":\"340400\",\"parent_node_code\":\"340000\",\"struct_code\":\"administrative_area\",\"node_name\":\"淮南市\",\"display_order\":\"340400\",\"enabled_flag\":\"Y\",\"description\":\"淮南市\"}','/TSP/app/sys/datastruct/addDataStructNode','aizheng','','','','','','','','','',''),('10f56785982d47209919296393b7ab8d','user','operation','2017-04-13 08:06:19','{\"node_code\":\"139000\",\"parent_node_code\":\"130000\",\"struct_code\":\"administrative_area\",\"node_name\":\"省直辖县级行政区划\",\"display_order\":\"139000\",\"enabled_flag\":\"Y\",\"description\":\"省直辖县级行政区划\"}','/TSP/app/sys/datastruct/addDataStructNode','aizheng','','','','','','','','','',''),('11064147a60643ff8e2f21571559ed0b','user','operation','2017-03-27 16:48:34','{\"type_code\":\"system_setup\",\"type_name\":\"系统设置\",\"display_order\":\"10\",\"description\":\"系统设置1\"}','/ADF/app/sys/parameter/editParameterType','aizheng','','','','','','','','','',''),('11449dc3f0024bdfaf3d1314adcf9fd0','user','operation','2017-04-13 10:03:02','{\"node_code\":\"220400\",\"parent_node_code\":\"220000\",\"struct_code\":\"administrative_area\",\"node_name\":\"辽源市\",\"display_order\":\"220400\",\"enabled_flag\":\"Y\",\"description\":\"辽源市\"}','/TSP/app/sys/datastruct/addDataStructNode','aizheng','','','','','','','','','',''),('117c9f9be70b43c4ad4cd177cc2a6a3a','user','operation','2017-04-25 08:45:01','{\"entity_id\":\"4a55b2f373364910bdff5f4f01ec213a\",\"wx_public_no_type\":\"subscibe\",\"wx_public_no_id\":\"gh_d4c5ac837a87\",\"wx_public_no_code\":\"\",\"wx_public_no_name\":\"\",\"wx_public_no_desc\":\"\",\"wx_country\":\"CN\",\"wx_province\":\"370000\",\"wx_city\":\"370200\",\"wx_authentication_status\":\"N\",\"wx_payment_status\":\"N\",\"wx_developer_app_id\":\"\",\"wx_developer_app_secret\":\"\",\"wx_server_url\":\"\",\"wx_server_token\":\"\",\"wx_server_encoding_aes_key\":\"\",\"wx_server_encoding_type\":\"plaintext\",\"wx_mch_id\":\"\",\"create_date\":\"2017-04-25 08:44:26\",\"created_by\":\"2282a5af0e1f403297948eca95877a03\",\"last_update_date\":null,\"last_updated_by\":\"2282a5af0e1f403297948eca95877a03\",\"attribute1\":\"\",\"attribute2\":\"\",\"attribute3\":\"\",\"attribute4\":\"\",\"attribute5\":\"\",\"attribute6\":\"\",\"attribute7\":\"\",\"attribute8\":\"\",\"attribute9\":\"\",\"attribute10\":\"\"}','/TSP/app/oe/OperatingEntity/saveWechatPublicInfo','aizheng','','','','','','','','','',''),('11b2bad740b04eaab2b614adf769e482','user','operation','2017-04-13 21:42:55','{\"node_code\":\"360300\",\"parent_node_code\":\"360000\",\"struct_code\":\"administrative_area\",\"node_name\":\"萍乡市\",\"display_order\":\"360300\",\"enabled_flag\":\"Y\",\"description\":\"萍乡市\"}','/TSP/app/sys/datastruct/addDataStructNode','aizheng','','','','','','','','','',''),('11d0d851feed4b0c8d7c078106624033','user','operation','2017-04-15 13:31:15','{\"node_code\":\"620500\",\"parent_node_code\":\"620000\",\"struct_code\":\"administrative_area\",\"node_name\":\"天水市\",\"display_order\":\"620500\",\"enabled_flag\":\"Y\",\"description\":\"天水市\"}','/TSP/app/sys/datastruct/addDataStructNode','aizheng','','','','','','','','','',''),('12a42ac05036419aad44db3262bec720','user','operation','2017-04-13 08:05:05','{\"node_code\":\"130800\",\"parent_node_code\":\"130000\",\"struct_code\":\"administrative_area\",\"node_name\":\"承德市\",\"display_order\":\"130800\",\"enabled_flag\":\"Y\",\"description\":\"承德市\"}','/TSP/app/sys/datastruct/addDataStructNode','aizheng','','','','','','','','','',''),('12a45da9a81a4670ac0b9b5e31f29642','user','operation','2017-03-25 07:29:51','{\"operation_code\":\"sys_search_define_edit\",\"function_code\":\"sys_search\",\"operation_name\":\"搜索定义-编辑\",\"description\":\"搜索定义-编辑\"}','/ADF/app/sys/function/addOperation','aizheng','','','','','','','','','',''),('12aaefa22c804f858604fa8937cab933','user','operation','2017-03-25 08:40:04','{\"column_code\":\"log_type\",\"search_code\":\"LogMgr\",\"column_name\":\"日志类型\",\"column_sql\":\"sl.log_type\",\"operation_symbol\":\"equal\",\"element_type\":\"select\",\"ddt_code\":\"log_type\",\"lov_code\":\"\",\"ds_code\":\"\",\"display_order\":\"20\",\"description\":\"日志类型\"}','/ADF/app/sys/search/addSearchColumn','aizheng','','','','','','','','','',''),('12d8d2e093414a1ebf9e4fb7fc542239','user','operation','2017-04-13 10:02:49','{\"node_code\":\"220300\",\"parent_node_code\":\"220000\",\"struct_code\":\"administrative_area\",\"node_name\":\"四平市\",\"display_order\":\"220300\",\"enabled_flag\":\"Y\",\"description\":\"四平市\"}','/TSP/app/sys/datastruct/addDataStructNode','aizheng','','','','','','','','','',''),('131cf701114b4a92870b8a87713044de','user','operation','2017-04-13 10:04:46','{\"node_code\":\"230300\",\"parent_node_code\":\"230000\",\"struct_code\":\"administrative_area\",\"node_name\":\"鸡西市\",\"display_order\":\"230300\",\"enabled_flag\":\"Y\",\"description\":\"鸡西市\"}','/TSP/app/sys/datastruct/addDataStructNode','aizheng','','','','','','','','','',''),('13469f8244ab47be8040e1fc2c91802a','user','login','2017-03-25 21:59:41','aizheng/X24UcU2fwjwnraUeNfZbWNHxokuMdd6RIDlZ5O/fNIhiJMbUzsEn8PFWy20D3QMuLiK+wC7BZu9Pjc1/42i3ug==','/ADF/login_validate','aizheng','','','','','','','','','',''),('1352a7c8e81742afa853e7f245727a1f','system','exception','2017-04-28 14:58:32','{\"className\":\"org.springframework.jdbc.support.SQLErrorCodeSQLExceptionTranslator\",\"lineNumber\":\"233\",\"message\":\"\\r\\n### Error updating database.  Cause: com.mysql.jdbc.exceptions.jdbc4.MySQLSyntaxErrorException: You have an error in your SQL syntax; check the manual that corresponds to your MySQL server version for the right syntax to use near \'ddia\\n    \\t where ddia.type_code = \'member_auth\'\\n    \\t   and ddia.item_code = \'se\' at line 2\\r\\n### The error may involve org.adf.application.modules.system.mapper.DataDictMapper.removeDataDictItemAttributeListByItemCode-Inline\\r\\n### The error occurred while setting parameters\\r\\n### SQL: delete        from sys_data_dict_item_attribute ddia       where ddia.type_code = ?         and ddia.item_code = ?\\r\\n### Cause: com.mysql.jdbc.exceptions.jdbc4.MySQLSyntaxErrorException: You have an error in your SQL syntax; check the manual that corresponds to your MySQL server version for the right syntax to use near \'ddia\\n    \\t where ddia.type_code = \'member_auth\'\\n    \\t   and ddia.item_code = \'se\' at line 2\\n; bad SQL grammar []; nested exception is com.mysql.jdbc.exceptions.jd\",\"methodName\":\"doTranslate\"}','','','','','','','','','','','',''),('139bfa7f50ae4ad89887f99ef7a3f687','user','operation','2017-04-28 11:13:12','{\"item_code\":\"three\",\"type_code\":\"member_service\",\"item_name\":\"3个月199元\",\"display_order\":\"20\",\"enabled_flag\":\"Y\"}','/TSP/app/sys/datadict/editDataDictItem','aizheng','','','','','','','','','',''),('139dc6b925bf4c6baeab443f947bac60','user','operation','2017-03-24 12:42:47','{\"type_code\":\"system_setup\",\"type_name\":\"系统设置\",\"display_order\":\"10\",\"description\":\"系统设置\"}','/ADF/app/sys/parameter/editParameterType','aizheng','','','','','','','','','',''),('13a0df7c423a49e08c947649f3bad0e2','user','operation','2017-04-30 07:23:42','{\"item_code\":\"snake\",\"type_code\":\"chines_zodiac\",\"item_name\":\"蛇\",\"display_order\":\"60\",\"enabled_flag\":\"Y\"}','/TSP/app/sys/datadict/addDataDictItem','aizheng','','','','','','','','','',''),('13cfefb909ee47df80bf156c294cf9ca','user','operation','2017-04-12 21:16:06','{\"item_code\":\"Y\",\"type_code\":\"wx_authentication_status\",\"item_name\":\"已认证\",\"display_order\":\"10\",\"enabled_flag\":\"Y\"}','/TSP/app/sys/datadict/editDataDictItem','aizheng','','','','','','','','','',''),('13da2d37dd6e4498ba8a80f599ad2823','user','operation','2017-04-30 07:30:24','constellation;Leo','/TSP/app/sys/datadict/removeDataDictItem','aizheng','','','','','','','','','',''),('13e2a69fb2d444c482bea71ca07e93a7','user','operation','2017-04-13 21:49:40','{\"node_code\":\"420200\",\"parent_node_code\":\"420000\",\"struct_code\":\"administrative_area\",\"node_name\":\"黄石市\",\"display_order\":\"420200\",\"enabled_flag\":\"Y\",\"description\":\"黄石市\"}','/TSP/app/sys/datastruct/addDataStructNode','aizheng','','','','','','','','','',''),('14667cad2f144b348d183e99866c32b4','user','operation','2017-04-13 21:57:31','{\"node_code\":\"441200\",\"parent_node_code\":\"440000\",\"struct_code\":\"administrative_area\",\"node_name\":\"肇庆市\",\"display_order\":\"441200\",\"enabled_flag\":\"Y\",\"description\":\"肇庆市\"}','/TSP/app/sys/datastruct/addDataStructNode','aizheng','','','','','','','','','',''),('1498a77309634f0cba1a916a070c7251','user','operation','2017-04-29 06:27:42','{\"node_code\":\"M03\",\"parent_node_code\":\"M03\",\"struct_code\":\"menu_resource\",\"node_name\":\"会员服务设置\",\"display_order\":\"10\",\"enabled_flag\":\"Y\",\"description\":\"会员服务设置\"}','/TSP/app/sys/datastruct/addDataStructNode','aizheng','','','','','','','','','',''),('1499553198ad4680a4900b31925043b4','user','operation','2017-04-28 11:10:58','[{\"attribute_code\":\"member_duration\",\"attribute_name\":\"会员时长\",\"attribute_text\":\"\",\"attribute_value\":\"6\",\"ddt_code\":\"\",\"ds_code\":\"\",\"element_type\":\"text\",\"item_code\":\"six\",\"lov_code\":\"\",\"type_code\":\"member_service\"},{\"attribute_code\":\"member_price\",\"attribute_name\":\"会员价格\",\"attribute_text\":\"\",\"attribute_value\":\"299\",\"ddt_code\":\"\",\"ds_code\":\"\",\"element_type\":\"text\",\"item_code\":\"six\",\"lov_code\":\"\",\"type_code\":\"member_service\"}]','/TSP/app/sys/datadict/saveDataDictItemAttributes','aizheng','','','','','','','','','',''),('14fce51fb7364c458c1c6b1fd22d0f77','user','operation','2017-04-29 07:16:52','{\"item_code\":\"70\",\"type_code\":\"rent_scope\",\"item_name\":\"棋牌\",\"display_order\":\"70\",\"enabled_flag\":\"Y\"}','/TSP/app/sys/datadict/editDataDictItem','aizheng','','','','','','','','','',''),('15023be101ce4311aa50992520fc8e3a','user','operation','2017-04-29 06:27:04','menu_resource;M0205','/TSP/app/sys/datastruct/removeDataStructNode','aizheng','','','','','','','','','',''),('15160ad8c33b4a1da8e369673824957f','user','operation','2017-04-15 13:36:07','{\"node_code\":\"632200\",\"parent_node_code\":\"630000\",\"struct_code\":\"administrative_area\",\"node_name\":\"海北藏族自治州\",\"display_order\":\"632200\",\"enabled_flag\":\"Y\",\"description\":\"海北藏族自治州\"}','/TSP/app/sys/datastruct/addDataStructNode','aizheng','','','','','','','','','',''),('152292ef5a8546a3a275a44c0d175fdb','user','logout','2017-03-28 07:16:00','aizheng','/ADF/logout','aizheng','','','','','','','','','',''),('155ffea8acef49369c661f656cbb2d98','user','login','2017-04-25 09:03:12','aizheng/KH7dPiTX1qg+T8R7pti3GQYp0gV2eZBTVBKX7aD+gupgImz/bUNpGNZjk/G6SYT0QXNKvAMT4ZJVuS08bIBqiw==','/TSP/login_validate','aizheng','','','','','','','','','',''),('15a23b1b579843c58af317b28869f9d4','user','operation','2017-04-29 07:11:55','rent_scope;60','/TSP/app/sys/datadict/removeDataDictItem','aizheng','','','','','','','','','',''),('15a76c540b364075a4450c490362fb66','user','operation','2017-03-27 15:23:06','[{\"attribute_code\":\"date\",\"attribute_name\":\"日期\",\"attribute_text\":\"\",\"attribute_value\":\"2017-03-27 15:17:47\",\"ddt_code\":\"\",\"ds_code\":\"\",\"element_type\":\"date\",\"item_code\":\"platform\",\"lov_code\":\"\",\"type_code\":\"user_type\"},{\"attribute_code\":\"datetime\",\"attribute_name\":\"日期时间\",\"attribute_text\":\"\",\"attribute_value\":\"2017-03-08 15:10:47\",\"ddt_code\":\"\",\"ds_code\":\"\",\"element_type\":\"datetime\",\"item_code\":\"platform\",\"lov_code\":\"\",\"type_code\":\"user_type\"},{\"attribute_code\":\"time\",\"attribute_name\":\"时间\",\"attribute_text\":\"\",\"attribute_value\":\"2017-03-27 09:15:47\",\"ddt_code\":\"\",\"ds_code\":\"\",\"element_type\":\"time\",\"item_code\":\"platform\",\"lov_code\":\"\",\"type_code\":\"user_type\"}]','/ADF/app/sys/datadict/saveDataDictItemAttributes','aizheng','','','','','','','','','',''),('15bc30f4ef704f05b4b4cacc878dbf01','user','operation','2017-04-28 14:33:16','{\"operation_code\":\"sys_data_dict_type_remove\",\"function_code\":\"sys_data_dict\",\"operation_name\":\"数据字典类型-删除\",\"description\":\"数据字典类型-删除\"}','/TSP/app/sys/function/addOperation','aizheng','','','','','','','','','',''),('15bf93a8cd0c4291b4e98102f928042f','user','operation','2017-04-28 11:06:08','{\"item_code\":\"twelve\",\"type_code\":\"member_duration\",\"item_name\":\"12\",\"display_order\":\"40\",\"enabled_flag\":\"Y\"}','/TSP/app/sys/datadict/addDataDictItem','aizheng','','','','','','','','','',''),('15eb0ed902ac41a3b954dfa9a488b23b','user','login','2017-03-25 23:07:45','aizheng/WC/q0h7M4zrWIoxodvOxUIa201TLYG8qpeYxLQDHXGXmh9gIsHhpcjfAPY4y5HNjxEEJseNfsxeZbrggD3l77A==','/ADF/login_validate','aizheng','','','','','','','','','',''),('160646622ef849afa9ec4b922eea06a9','user','operation','2017-04-28 16:08:29','2c08a801b74640d9a98a125dbb973410','/TSP/app/sys/role/saveRoleMenuAuth','aizheng','','','','','','','','','',''),('161356eea7bd452c9e8524a8eb439900','user','operation','2017-04-15 13:17:00','{\"node_code\":\"511800\",\"parent_node_code\":\"510000\",\"struct_code\":\"administrative_area\",\"node_name\":\"雅安市\",\"display_order\":\"511800\",\"enabled_flag\":\"Y\",\"description\":\"雅安市\"}','/TSP/app/sys/datastruct/addDataStructNode','aizheng','','','','','','','','','',''),('16ffe70f72f34472b3baf53b14a33ba3','user','operation','2017-04-29 16:58:30','{\"service_id\":null,\"member_type\":\"member_type\",\"member_duration\":\"1\",\"member_price\":\"4\",\"service_name\":\"4\",\"service_name_ext\":\"4\",\"create_date\":null,\"created_by\":\"2282a5af0e1f403297948eca95877a03\",\"last_update_date\":null,\"last_updated_by\":\"2282a5af0e1f403297948eca95877a03\",\"attribute1\":null,\"attribute2\":null,\"attribute3\":null,\"attribute4\":null,\"attribute5\":null,\"attribute6\":null,\"attribute7\":null,\"attribute8\":null,\"attribute9\":null,\"attribute10\":null}','/TSP/app/mbr/service/addMemberService','aizheng','','','','','','','','','',''),('1714176620a24b4795894e1c8fcdbc36','user','operation','2017-03-26 04:57:12','c92ac60341854f39878629d8294b23a5','/ADF/app/sys/role/saveRoleMenuAuth','aizheng','','','','','','','','','',''),('173c44c13d0b4f449396620f6212a6ec','user','operation','2017-03-24 12:43:03','{\"item_code\":\"tree\",\"type_code\":\"element_type\",\"item_name\":\"树列表\",\"display_order\":\"60\",\"enabled_flag\":\"Y\"}','/ADF/app/sys/datadict/editDataDictItem','aizheng','','','','','','','','','',''),('1756fd04d2204b55853a4bb3bc51d58c','user','operation','2017-04-29 17:03:21','{\"service_id\":\"39afd73b7a314a36a0444c8d0c2757c5\",\"member_type\":\"member_type\",\"member_duration\":\"12\",\"member_price\":\"399\",\"service_name\":\"12个月399元\",\"service_name_ext\":\"\",\"create_date\":\"2017-04-29 16:58:30\",\"created_by\":\"2282a5af0e1f403297948eca95877a03\",\"last_update_date\":null,\"last_updated_by\":\"2282a5af0e1f403297948eca95877a03\",\"attribute1\":null,\"attribute2\":null,\"attribute3\":null,\"attribute4\":null,\"attribute5\":null,\"attribute6\":null,\"attribute7\":null,\"attribute8\":null,\"attribute9\":null,\"attribute10\":null}','/TSP/app/mbr/service/editMemberService','aizheng','','','','','','','','','',''),('1818c5f400c043cbb6f1539abfe070eb','user','operation','2017-03-25 07:31:36','{\"node_code\":\"M01\",\"parent_node_code\":\"M01\",\"struct_code\":\"menu_resource\",\"node_name\":\"高级搜索\",\"display_order\":\"80\",\"enabled_flag\":\"Y\",\"description\":\"高级搜索\"}','/ADF/app/sys/datastruct/addDataStructNode','aizheng','','','','','','','','','',''),('1855a8e8fe4c4c81b6461b74620ce4ff','user','operation','2017-03-25 07:32:22','2c08a801b74640d9a98a125dbb973410','/ADF/app/sys/role/saveRoleMenuAuth','aizheng','','','','','','','','','',''),('185bc2ef97b7495188f8ce4bbe2657ab','user','operation','2017-04-13 21:52:41','{\"node_code\":\"430100\",\"parent_node_code\":\"430000\",\"struct_code\":\"administrative_area\",\"node_name\":\"长沙市\",\"display_order\":\"430100\",\"enabled_flag\":\"Y\",\"description\":\"长沙市\"}','/TSP/app/sys/datastruct/addDataStructNode','aizheng','','','','','','','','','',''),('188403364bd642059d1907e1c6be3a2f','user','operation','2017-05-05 06:54:53','{\"item_code\":\"audit_pass\",\"type_code\":\"audit_status\",\"item_name\":\"审核通过\",\"display_order\":\"20\",\"enabled_flag\":\"Y\"}','/TSP/app/sys/datadict/addDataDictItem','aizheng','','','','','','','','','',''),('18a1288e81af4a2994d4359fa8a279ae','user','operation','2017-04-29 07:20:46','{\"item_code\":\"10\",\"type_code\":\"tenant_label\",\"item_name\":\"吃货\",\"display_order\":\"10\",\"enabled_flag\":\"Y\"}','/TSP/app/sys/datadict/addDataDictItem','aizheng','','','','','','','','','',''),('18ab3b6f02bb46049647fac36d993161','user','operation','2017-04-28 16:03:46','{\"role_id\":\"2c08a801b74640d9a98a125dbb973410\",\"resource_id\":\"4a55b2f373364910bdff5f4f01ec213a\",\"resource_type\":\"operating_entity\"}','/TSP/app/sys/role/addRoleOperatingEntity','aizheng','','','','','','','','','',''),('18ac5deb26014c9a8e445b4d96cd3e07','user','operation','2017-04-15 13:22:30','{\"node_code\":\"530600\",\"parent_node_code\":\"530000\",\"struct_code\":\"administrative_area\",\"node_name\":\"昭通市\",\"display_order\":\"530600\",\"enabled_flag\":\"Y\",\"description\":\"昭通市\"}','/TSP/app/sys/datastruct/addDataStructNode','aizheng','','','','','','','','','',''),('18e69a8a518b4484a9efc7a576b29e64','user','operation','2017-03-24 12:43:24','{\"lov_code\":\"lov_font_icon\",\"lov_name\":\"字体图标值列表\",\"view_name\":\"lov_font_icon_v\",\"description\":\"字体图标值列表\"}','/ADF/app/sys/lov/saveLovInfo','aizheng','','','','','','','','','',''),('19711c5ddf4e41feb84dd87126027440','user','operation','2017-04-28 11:28:51','[{\"attribute_code\":\"member_auth_value\",\"attribute_name\":\"会员权限\",\"attribute_text\":\"\",\"attribute_value\":\"20\",\"ddt_code\":\"\",\"ds_code\":\"\",\"element_type\":\"text\",\"item_code\":\"say_hello_count\",\"lov_code\":\"\",\"type_code\":\"member_auth\"}]','/TSP/app/sys/datadict/saveDataDictItemAttributes','aizheng','','','','','','','','','',''),('19779c5f819e43c88c08eff7a03a9b7a','user','operation','2017-04-28 11:23:44','{\"item_code\":\"query_wechat_count\",\"type_code\":\"member_auth\",\"item_name\":\"每天3次查看出租人微信号机会\",\"display_order\":\"10\",\"enabled_flag\":\"Y\"}','/TSP/app/sys/datadict/addDataDictItem','aizheng','','','','','','','','','',''),('199e3d1f703748d29d6f3aad841c4c5d','user','operation','2017-04-29 16:13:09','{\"function_code\":\"mbr_member_auth\",\"function_name\":\"会员权限设置\",\"function_url\":\"/app/mbr/auth/MemberAuthMgr\",\"description\":\"会员权限设置\"}','/TSP/app/sys/function/editFunction','aizheng','','','','','','','','','',''),('19a9afe5c63c4ebfbec8812add0fa334','user','operation','2017-04-28 16:33:20','[{\"attribute_code\":\"font_icon_code\",\"attribute_name\":\"字体图标\",\"attribute_text\":\"\",\"attribute_value\":\"fa-area-chart\",\"ddt_code\":\"\",\"ds_code\":\"\",\"element_type\":\"lov\",\"lov_code\":\"lov_font_icon\",\"node_code\":\"M020403\",\"struct_code\":\"menu_resource\"},{\"attribute_code\":\"function_code\",\"attribute_name\":\"功能\",\"attribute_text\":\"\",\"attribute_value\":\"\",\"ddt_code\":\"\",\"ds_code\":\"\",\"element_type\":\"lov\",\"lov_code\":\"lov_function\",\"node_code\":\"M020403\",\"struct_code\":\"menu_resource\"}]','/TSP/app/sys/datastruct/saveDataStructNodeAttributes','aizheng','','','','','','','','','',''),('1a30155af59d4747a0fc992b95b04229','user','operation','2017-04-29 06:25:06','{\"type_code\":\"tenant_label\",\"type_name\":\"租户标签\",\"description\":\"租户标签\"}','/TSP/app/sys/datadict/addDataDictType','aizheng','','','','','','','','','',''),('1a32eff5d4e9476fb3de738cada6fc00','user','operation','2017-04-13 10:03:28','{\"node_code\":\"220600\",\"parent_node_code\":\"220000\",\"struct_code\":\"administrative_area\",\"node_name\":\"白山市\",\"display_order\":\"220600\",\"enabled_flag\":\"Y\",\"description\":\"白山市\"}','/TSP/app/sys/datastruct/addDataStructNode','aizheng','','','','','','','','','',''),('1a926d5ae8214ae9b949d7740f59b239','user','operation','2017-04-30 07:22:07','{\"item_code\":\"mouse\",\"type_code\":\"chines_zodiac\",\"item_name\":\"鼠\",\"display_order\":\"10\",\"enabled_flag\":\"Y\"}','/TSP/app/sys/datadict/addDataDictItem','aizheng','','','','','','','','','',''),('1a95d8870e9f45519dea3da7af10ab78','user','operation','2017-04-29 16:59:20','{\"service_id\":null,\"member_type\":\"member_type\",\"member_duration\":\"1\",\"member_price\":\"6\",\"service_name\":\"6\",\"service_name_ext\":\"6\",\"create_date\":null,\"created_by\":\"2282a5af0e1f403297948eca95877a03\",\"last_update_date\":null,\"last_updated_by\":\"2282a5af0e1f403297948eca95877a03\",\"attribute1\":null,\"attribute2\":null,\"attribute3\":null,\"attribute4\":null,\"attribute5\":null,\"attribute6\":null,\"attribute7\":null,\"attribute8\":null,\"attribute9\":null,\"attribute10\":null}','/TSP/app/mbr/service/addMemberService','aizheng','','','','','','','','','',''),('1af5649ea13e4eb09af286d0700c71e6','user','operation','2017-04-13 10:09:04','{\"node_code\":\"320400\",\"parent_node_code\":\"320000\",\"struct_code\":\"administrative_area\",\"node_name\":\"常州市\",\"display_order\":\"320400\",\"enabled_flag\":\"Y\",\"description\":\"常州市\"}','/TSP/app/sys/datastruct/addDataStructNode','aizheng','','','','','','','','','',''),('1b24af27ac4843a69badd61772fa6ac3','user','operation','2017-04-15 13:23:42','{\"node_code\":\"532600\",\"parent_node_code\":\"530000\",\"struct_code\":\"administrative_area\",\"node_name\":\"文山壮族苗族自治州\",\"display_order\":\"532600\",\"enabled_flag\":\"Y\",\"description\":\"文山壮族苗族自治州\"}','/TSP/app/sys/datastruct/addDataStructNode','aizheng','','','','','','','','','',''),('1b38d02afa134ac9a933510e9e26a447','user','login','2017-04-04 15:40:57','aizheng/PGTzRiPiLGpduk62KouCtQPIxZWsIARlRhz8zhZO2hnOaes2Xj6lTtDrhSrZt95uvoJIcTsrTzQ0wUv6Zys1Pw==','/TSP/login_validate','aizheng','','','','','','','','','',''),('1b47f899bcda48dd8686859807abb2fa','user','operation','2017-04-15 13:32:32','{\"node_code\":\"620900\",\"parent_node_code\":\"620000\",\"struct_code\":\"administrative_area\",\"node_name\":\"酒泉市\",\"display_order\":\"620900\",\"enabled_flag\":\"Y\",\"description\":\"酒泉市\"}','/TSP/app/sys/datastruct/addDataStructNode','aizheng','','','','','','','','','',''),('1ba38021d1074c1e961788079e98ab1d','user','operation','2017-04-15 13:29:21','{\"node_code\":\"610700\",\"parent_node_code\":\"610000\",\"struct_code\":\"administrative_area\",\"node_name\":\"汉中市\",\"display_order\":\"610700\",\"enabled_flag\":\"Y\",\"description\":\"汉中市\"}','/TSP/app/sys/datastruct/addDataStructNode','aizheng','','','','','','','','','',''),('1bccf3ee2aa84e54a25d7a53c89fa48e','user','login','2017-03-27 14:19:05','aizheng/YdWo39kvb1QNk5Xmk1iOSVtCSTwO9F5ZQNFafqpCGUN/1cJbrgvDuTyKbL7ZRfE95Y5cTWdBTKuRc2GDhVm48Q==','/ADF/login_validate','aizheng','','','','','','','','','',''),('1c53da7e4398482d9343fe1c3bc2376f','user','operation','2017-04-01 22:56:25','[{\"attribute_code\":\"font_icon_code\",\"attribute_name\":\"字体图标\",\"attribute_text\":\"\",\"attribute_value\":\"fa-leaf\",\"ddt_code\":\"\",\"ds_code\":\"\",\"element_type\":\"lov\",\"lov_code\":\"lov_font_icon\",\"node_code\":\"M0107\",\"struct_code\":\"menu_resource\"},{\"attribute_code\":\"function_code\",\"attribute_name\":\"功能\",\"attribute_text\":\"\",\"attribute_value\":\"sys_function\",\"ddt_code\":\"\",\"ds_code\":\"\",\"element_type\":\"lov\",\"lov_code\":\"lov_function\",\"node_code\":\"M0107\",\"struct_code\":\"menu_resource\"}]','/ADF/app/sys/datastruct/saveDataStructNodeAttributes','aizheng','','','','','','','','','',''),('1cc4d777c6dd438dab0b5d78e1c34e24','user','operation','2017-05-02 13:23:51','2c08a801b74640d9a98a125dbb973410','/TSP/app/sys/role/saveRoleMenuAuth','aizheng','','','','','','','','','',''),('1cda51f3c7b847ca8ab5f039f3b5b990','user','operation','2017-04-30 07:32:40','{\"item_code\":\"scorpio\",\"type_code\":\"constellation\",\"item_name\":\"天蝎座\",\"display_order\":\"80\",\"enabled_flag\":\"Y\"}','/TSP/app/sys/datadict/addDataDictItem','aizheng','','','','','','','','','',''),('1d3c3b2abccc4192adf2581ebebed231','user','operation','2017-04-28 14:33:31','{\"operation_code\":\"sys_data_dict_item_remove\",\"function_code\":\"sys_data_dict\",\"operation_name\":\"数据字典项-删除\",\"description\":\"数据字典项-删除\"}','/TSP/app/sys/function/addOperation','aizheng','','','','','','','','','',''),('1d528826cefe4db893e4710ca61bc1bf','user','operation','2017-04-15 13:11:28','{\"node_code\":\"451300\",\"parent_node_code\":\"450000\",\"struct_code\":\"administrative_area\",\"node_name\":\"来宾市\",\"display_order\":\"451300\",\"enabled_flag\":\"Y\",\"description\":\"来宾市\"}','/TSP/app/sys/datastruct/addDataStructNode','aizheng','','','','','','','','','',''),('1db4e253210d4aaa9ef2a0a582dce2a3','user','operation','2017-04-29 17:46:09','{\"service_id\":\"06e22443c0984b8cbef4f906aaf6d62b\",\"member_type\":\"platinum\",\"member_duration\":\"6\",\"member_price\":\"388\",\"service_name\":\"6个月388元\",\"service_name_ext\":\"优惠66%\",\"create_date\":\"2017-04-29 17:14:48\",\"created_by\":\"2282a5af0e1f403297948eca95877a03\",\"last_update_date\":null,\"last_updated_by\":\"2282a5af0e1f403297948eca95877a03\",\"attribute1\":null,\"attribute2\":null,\"attribute3\":null,\"attribute4\":null,\"attribute5\":null,\"attribute6\":null,\"attribute7\":null,\"attribute8\":null,\"attribute9\":null,\"attribute10\":null}','/TSP/app/mbr/service/editMemberService','aizheng','','','','','','','','','',''),('1dcd365dc8dd473387c297b9d98d3ec7','user','operation','2017-04-13 21:55:59','{\"node_code\":\"440200\",\"parent_node_code\":\"440000\",\"struct_code\":\"administrative_area\",\"node_name\":\"韶关市\",\"display_order\":\"440200\",\"enabled_flag\":\"Y\",\"description\":\"韶关市\"}','/TSP/app/sys/datastruct/addDataStructNode','aizheng','','','','','','','','','',''),('1dd24f505e6448a7ab4153e50d5774bf','user','operation','2017-05-01 00:24:01','{\"operation_code\":\"tnt_tenant_status\",\"function_code\":\"tnt_tenant\",\"operation_name\":\"修改租户状态\",\"description\":\"修改租户状态\"}','/TSP/app/sys/function/addOperation','aizheng','','','','','','','','','',''),('1e0febdb16984216b014c88716326068','user','login','2017-04-28 16:32:59','aizheng/O0BDzP54ouWNxm4USIswh0JDI8R+yCkXcMlktNxUnlJBoa78RAj0shvJ6OMT/KKsuXbcgdhRohUqgM5wCKi7OQ==','/TSP/login_validate','aizheng','','','','','','','','','',''),('1e3b805be6514a41b34c0b5936dcf039','user','operation','2017-05-01 00:23:22','{\"function_code\":\"tnt_tenant\",\"function_name\":\"租户管理\",\"function_url\":\"/app/tnt/TenantMrg\",\"description\":\"租户管理\"}','/TSP/app/sys/function/addFunction','aizheng','','','','','','','','','',''),('1e701d9747764de7ae4d7555ded4477a','user','operation','2017-04-15 13:42:06','{\"node_code\":\"653200\",\"parent_node_code\":\"650000\",\"struct_code\":\"administrative_area\",\"node_name\":\"和田地区\",\"display_order\":\"653200\",\"enabled_flag\":\"Y\",\"description\":\"和田地区\"}','/TSP/app/sys/datastruct/addDataStructNode','aizheng','','','','','','','','','',''),('1e7227fbc304430a970a0039be0929e2','user','login','2017-03-25 21:44:10','aizheng/MX6HOWly2VI5dZxuN+FBQUjUQdlgameZpWelVlTganMf02pDcYWuFkFXlVzToEY3S2xYRoT9NeMX828JT9RabQ==','/ADF/login_validate','aizheng','','','','','','','','','',''),('1ead86597f004629861b1d9e288b0ca5','user','operation','2017-04-28 15:09:53','member_type;gold','/TSP/app/sys/datadict/removeDataDictItem','aizheng','','','','','','','','','',''),('1eb2b10a0fe7496da2bea2f7a811f789','user','operation','2017-04-13 21:50:05','{\"node_code\":\"420500\",\"parent_node_code\":\"420000\",\"struct_code\":\"administrative_area\",\"node_name\":\"宜昌市\",\"display_order\":\"420500\",\"enabled_flag\":\"Y\",\"description\":\"宜昌市\"}','/TSP/app/sys/datastruct/addDataStructNode','aizheng','','','','','','','','','',''),('1ecd8e7ab90f49d49f18b2a590665e83','user','operation','2017-04-13 21:53:20','{\"node_code\":\"430400\",\"parent_node_code\":\"430000\",\"struct_code\":\"administrative_area\",\"node_name\":\"衡阳市\",\"display_order\":\"430400\",\"enabled_flag\":\"Y\",\"description\":\"衡阳市\"}','/TSP/app/sys/datastruct/addDataStructNode','aizheng','','','','','','','','','',''),('1f1b896d381448fb83ebfb5f6805c709','user','operation','2017-04-14 02:56:47','{\"node_code\":\"445100\",\"parent_node_code\":\"440000\",\"struct_code\":\"administrative_area\",\"node_name\":\"潮州市\",\"display_order\":\"445100\",\"enabled_flag\":\"Y\",\"description\":\"潮州市\"}','/TSP/app/sys/datastruct/addDataStructNode','aizheng','','','','','','','','','',''),('1f1cc63ce09b46ceac3adcaf1c351768','user','operation','2017-05-01 02:22:40','{\"parameter_code\":\"image_application_url\",\"parameter_name\":\"图片应用URL\",\"parameter_type\":\"system_setup\",\"element_type\":\"text\",\"ddt_code\":\"\",\"lov_code\":\"\",\"ds_code\":\"\",\"display_order\":\"10\",\"description\":\"\"}','/TSP/app/sys/parameter/addParameterDefine','aizheng','','','','','','','','','',''),('1f472e0e33e04fd7a0e387ee3a94c2c7','user','operation','2017-04-13 21:49:25','{\"node_code\":\"420100\",\"parent_node_code\":\"420000\",\"struct_code\":\"administrative_area\",\"node_name\":\"武汉市\",\"display_order\":\"420100\",\"enabled_flag\":\"Y\",\"description\":\"武汉市\"}','/TSP/app/sys/datastruct/addDataStructNode','aizheng','','','','','','','','','',''),('1f6e686cdf934c4190b848228abc36ad','user','operation','2017-04-28 11:04:50','{\"type_code\":\"member_duration\",\"type_name\":\"会员时长\",\"description\":\"会员时长\"}','/TSP/app/sys/datadict/addDataDictType','aizheng','','','','','','','','','',''),('1f8d1eedab99413fb35b58b43d9d7ad4','user','operation','2017-04-13 10:06:09','{\"node_code\":\"231000\",\"parent_node_code\":\"230000\",\"struct_code\":\"administrative_area\",\"node_name\":\"牡丹江市\",\"display_order\":\"231000\",\"enabled_flag\":\"Y\",\"description\":\"牡丹江市\"}','/TSP/app/sys/datastruct/addDataStructNode','aizheng','','','','','','','','','',''),('1fe0c96018304310acbc50f82270a053','user','operation','2017-04-13 21:41:45','{\"node_code\":\"350700\",\"parent_node_code\":\"350000\",\"struct_code\":\"administrative_area\",\"node_name\":\"南平市\",\"display_order\":\"350700\",\"enabled_flag\":\"Y\",\"description\":\"南平市\"}','/TSP/app/sys/datastruct/addDataStructNode','aizheng','','','','','','','','','',''),('1ff9164f2111407aaadf1aec2ca8767c','user','operation','2017-04-15 13:15:42','{\"node_code\":\"511100\",\"parent_node_code\":\"510000\",\"struct_code\":\"administrative_area\",\"node_name\":\"乐山市\",\"display_order\":\"511100\",\"enabled_flag\":\"Y\",\"description\":\"乐山市\"}','/TSP/app/sys/datastruct/addDataStructNode','aizheng','','','','','','','','','',''),('2008d66e4e74498eb56c23dfc9cde41b','user','login','2017-03-27 16:10:39','aizheng/fgFxc45Ycv69KudxT/zVoisPscjvGSJu2jfaLxyFvT52XWMh9lXrAL7bxI4UnddcAMWcWJxiCi6S5KKXfUqCSw==','/ADF/login_validate','aizheng','','','','','','','','','',''),('200ebe447251491389086d022a7a9552','user','operation','2017-04-13 21:43:43','{\"node_code\":\"360700\",\"parent_node_code\":\"360000\",\"struct_code\":\"administrative_area\",\"node_name\":\"赣州市\",\"display_order\":\"360700\",\"enabled_flag\":\"Y\",\"description\":\"赣州市\"}','/TSP/app/sys/datastruct/addDataStructNode','aizheng','','','','','','','','','',''),('206c00b119c046309c589953bce9b327','user','operation','2017-04-13 10:13:57','{\"node_code\":\"340300\",\"parent_node_code\":\"340000\",\"struct_code\":\"administrative_area\",\"node_name\":\"蚌埠市\",\"display_order\":\"340300\",\"enabled_flag\":\"Y\",\"description\":\"蚌埠市\"}','/TSP/app/sys/datastruct/addDataStructNode','aizheng','','','','','','','','','',''),('207bef4d23884247a6e7fa29da9b29d9','user','operation','2017-04-29 07:12:33','{\"item_code\":\"80\",\"type_code\":\"rent_scope\",\"item_name\":\"打麻将\",\"display_order\":\"80\",\"enabled_flag\":\"Y\"}','/TSP/app/sys/datadict/addDataDictItem','aizheng','','','','','','','','','',''),('20a922643a5747a3a52a3d5fb5b262d7','user','operation','2017-03-26 21:04:03','{\"item_code\":\"datetime\",\"type_code\":\"element_type\",\"item_name\":\"日期时间控件\",\"display_order\":\"90\",\"enabled_flag\":\"Y\"}','/ADF/app/sys/datadict/addDataDictItem','aizheng','','','','','','','','','',''),('20eb935697664bcb80d193f30b6e6996','user','operation','2017-04-30 07:23:05','{\"item_code\":\"rabbit\",\"type_code\":\"chines_zodiac\",\"item_name\":\"兔\",\"display_order\":\"40\",\"enabled_flag\":\"Y\"}','/TSP/app/sys/datadict/addDataDictItem','aizheng','','','','','','','','','',''),('20ece782a4044900adef3005302cbb26','user','operation','2017-04-13 08:07:01','{\"node_code\":\"140300\",\"parent_node_code\":\"140000\",\"struct_code\":\"administrative_area\",\"node_name\":\"阳泉市\",\"display_order\":\"140300\",\"enabled_flag\":\"Y\",\"description\":\"阳泉市\"}','/TSP/app/sys/datastruct/addDataStructNode','aizheng','','','','','','','','','',''),('20fa9bb18f1f4ba1b8e226880075ae41','user','operation','2017-04-29 22:36:24','{\"auth_id\":null,\"member_type\":\"platinum\",\"member_auth_type\":\"see_social_credit\",\"member_auth_name\":\"3.无限次查看出租人的社交信息\",\"member_auth_value\":\"0\",\"create_date\":null,\"created_by\":\"2282a5af0e1f403297948eca95877a03\",\"last_update_date\":null,\"last_updated_by\":\"2282a5af0e1f403297948eca95877a03\",\"attribute1\":null,\"attribute2\":null,\"attribute3\":null,\"attribute4\":null,\"attribute5\":null,\"attribute6\":null,\"attribute7\":null,\"attribute8\":null,\"attribute9\":null,\"attribute10\":null}','/TSP/app/mbr/auth/addMemberAuth','aizheng','','','','','','','','','',''),('2157f52f406141088500e9db25890c3c','user','operation','2017-04-13 08:04:40','{\"node_code\":\"130600\",\"parent_node_code\":\"130000\",\"struct_code\":\"administrative_area\",\"node_name\":\"保定市\",\"display_order\":\"130600\",\"enabled_flag\":\"Y\",\"description\":\"保定市\"}','/TSP/app/sys/datastruct/addDataStructNode','aizheng','','','','','','','','','',''),('215a9e4f323b4afea536e02f5fc7af72','user','operation','2017-04-13 21:45:44','{\"node_code\":\"410300\",\"parent_node_code\":\"410000\",\"struct_code\":\"administrative_area\",\"node_name\":\"洛阳市\",\"display_order\":\"410300\",\"enabled_flag\":\"Y\",\"description\":\"洛阳市\"}','/TSP/app/sys/datastruct/addDataStructNode','aizheng','','','','','','','','','',''),('21b9ebef9cb94c85b8e06cfc896ff855','user','login','2017-04-30 06:57:17','aizheng/U0diyfAOq3F3Mo+Yr97V3I8ajkZQ71eaoSBpUddsvCqPgjiuRiYQhpaeiGQT6lxjT1E8W/PyEguMLknBu7WSpg==','/TSP/login_validate','aizheng','','','','','','','','','',''),('22003f3afa924712a319375206fdcda9','user','operation','2017-03-25 08:36:03','{\"item_code\":\"greater\",\"type_code\":\"operation_symbol\",\"item_name\":\"大于\",\"display_order\":\"30\",\"enabled_flag\":\"Y\"}','/ADF/app/sys/datadict/addDataDictItem','aizheng','','','','','','','','','',''),('222b3936653d44a0a3747a2d8e5518ff','user','operation','2017-04-13 06:01:00','{\"node_code\":\"230000\",\"parent_node_code\":\"CN\",\"struct_code\":\"administrative_area\",\"node_name\":\"黑龙江省\",\"display_order\":\"230000\",\"enabled_flag\":\"Y\",\"description\":\"黑龙江省\"}','/TSP/app/sys/datastruct/addDataStructNode','aizheng','','','','','','','','','',''),('2270c31525ac44e6a645b1a51f286ab0','user','operation','2017-04-25 08:38:46','{\"operation_code\":\"oe_operating_entity_setWeChatPublic\",\"function_code\":\"oe_operating_entity\",\"operation_name\":\"公众号\",\"description\":\"微信公众号\"}','/TSP/app/sys/function/addOperation','aizheng','','','','','','','','','',''),('2273066a3cc74058ac90181136d6ad0d','user','login','2017-05-02 14:29:30','aizheng/FtO1gCxwtSEqBFodeN+swgvE6OBihznpORPFrSUt6rAJ8Lvok8ioZK6gOYzsSw1thBn2Is5ka1S+2WyqOe/d6w==','/TSP/login_validate','aizheng','','','','','','','','','',''),('228db4b2cc4f4b14bcc2943b567c44d4','user','login','2017-03-25 22:05:53','aizheng/BBXtU7LTbCaHr5S4oDZrcY/nurzmnVhZNJWWz30DqXk65UyWMircq+HGQc4GIeXEsKjI8Vh5dGzNUQ0qJtbSNA==','/ADF/login_validate','aizheng','','','','','','','','','',''),('23215d9c9dfb4cc784741eff2eb79f9c','user','operation','2017-04-13 09:21:03','{\"node_code\":\"210500\",\"parent_node_code\":\"210000\",\"struct_code\":\"administrative_area\",\"node_name\":\"本溪市\",\"display_order\":\"210500\",\"enabled_flag\":\"Y\",\"description\":\"本溪市\"}','/TSP/app/sys/datastruct/addDataStructNode','aizheng','','','','','','','','','',''),('2327c7cf8eb04641a0a1a8e9bc22bf5e','system','exception','2017-04-25 09:03:35','{\"className\":\"net.sf.json.util.PropertySetStrategy$DefaultPropertySetStrategy\",\"lineNumber\":\"69\",\"message\":\"java.lang.NoSuchMethodException: Unknown property \'wx_public_no_type\' on class \'class org.adf.application.common.mybatis.entity.OeOperatingEntity\'\",\"methodName\":\"_setProperty\"}','','','','','','','','','','','',''),('2336745529aa41a8866975c294915bbb','user','login','2017-05-01 00:07:57','aizheng/T7ZWe9yiAIynQbXApZkX5cTO6MVcmc5EPIrNTwmWO1hAOOUElx1oucohSzjLyf8I/4fk9vpQ8mujmrzklSxn1g==','/TSP/login_validate','aizheng','','','','','','','','','',''),('23633a8d215045e58b3ad7f1440a8248','system','exception','2017-03-27 17:01:27','{\"className\":\"org.adf.application.modules.system.service.ParameterService\",\"lineNumber\":\"77\",\"message\":\"/ by zero\",\"methodName\":\"removeParameterType\"}','','','','','','','','','','','',''),('240cfbbf35f64dc5965ba88e08c967d1','user','operation','2017-04-15 13:42:44','{\"node_code\":\"654300\",\"parent_node_code\":\"650000\",\"struct_code\":\"administrative_area\",\"node_name\":\"阿勒泰地区\",\"display_order\":\"654300\",\"enabled_flag\":\"Y\",\"description\":\"阿勒泰地区\"}','/TSP/app/sys/datastruct/addDataStructNode','aizheng','','','','','','','','','',''),('242bd231d8dc4e86b44e0ae4e6eb3754','user','operation','2017-04-13 09:19:38','{\"node_code\":\"152500\",\"parent_node_code\":\"150000\",\"struct_code\":\"administrative_area\",\"node_name\":\"锡林郭勒盟\",\"display_order\":\"152500\",\"enabled_flag\":\"Y\",\"description\":\"锡林郭勒盟\"}','/TSP/app/sys/datastruct/addDataStructNode','aizheng','','','','','','','','','',''),('244321f83f97436ab5da0c70ef9e1f0b','user','operation','2017-04-29 07:32:29','{\"operation_code\":\"mbr_member_auth_add\",\"function_code\":\"mbr_member_auth\",\"operation_name\":\"新建\",\"description\":\"新建\"}','/TSP/app/sys/function/addOperation','aizheng','','','','','','','','','',''),('2456f707f63b461183e06da45e46e9be','user','login','2017-05-01 23:25:08','aizheng/YkKi7kovnHW76S9LCkLFRGwHJb958wPaF/KTN0gZd4pOeeEaBA/dfhVCPK6U3sMo7GfKjPmuaAGhjHunjnFvaA==','/TSP/login_validate','aizheng','','','','','','','','','',''),('24931b79195a466ba997bc9ddc8c4910','user','login','2017-03-26 03:58:10','aizheng/Cvq9bCWDpFXsfpAxH6KIXyoGp+a3Ri9qHlczixYZ3nqwNCsdfTXpdp42wC0GTlKq7kbOTRMJ+Z0XbCYXKkIzgQ==','/ADF/login_validate','aizheng','','','','','','','','','',''),('24f67648ab06420281d9b532ef67c7cf','user','operation','2017-04-13 10:10:51','{\"node_code\":\"321300\",\"parent_node_code\":\"320000\",\"struct_code\":\"administrative_area\",\"node_name\":\"宿迁市\",\"display_order\":\"321300\",\"enabled_flag\":\"Y\",\"description\":\"宿迁市\"}','/TSP/app/sys/datastruct/addDataStructNode','aizheng','','','','','','','','','',''),('257794a54bf547ad86db748e401a26ad','user','operation','2017-04-14 02:56:00','{\"node_code\":\"441800\",\"parent_node_code\":\"440000\",\"struct_code\":\"administrative_area\",\"node_name\":\"清远市\",\"display_order\":\"441800\",\"enabled_flag\":\"Y\",\"description\":\"清远市\"}','/TSP/app/sys/datastruct/addDataStructNode','aizheng','','','','','','','','','',''),('2579bb18ad974f9d9ca2eee617743a43','user','operation','2017-04-30 07:28:32','{\"item_code\":\"taurus\",\"type_code\":\"constellation\",\"item_name\":\"金牛座\",\"display_order\":\"20\",\"enabled_flag\":\"Y\"}','/TSP/app/sys/datadict/addDataDictItem','aizheng','','','','','','','','','',''),('25e64af3c6d542b1a2c9eb225680301b','user','operation','2017-04-29 06:22:58','{\"type_code\":\"member_auth\",\"type_name\":\"会员权限\",\"description\":\"会员权限\"}','/TSP/app/sys/datadict/addDataDictType','aizheng','','','','','','','','','',''),('2661b8920ef4421a855f595553dd82f7','user','operation','2017-03-25 08:41:45','{\"column_code\":\"log_end_time\",\"search_code\":\"LogMgr\",\"column_name\":\"结束时间\",\"column_sql\":\"sl.log_time\",\"operation_symbol\":\"less_equal\",\"element_type\":\"text\",\"ddt_code\":\"\",\"lov_code\":\"\",\"ds_code\":\"\",\"display_order\":\"50\",\"description\":\"结束时间\"}','/ADF/app/sys/search/addSearchColumn','aizheng','','','','','','','','','',''),('26d8af0b79054d4488a663df5785e5a1','user','operation','2017-04-13 06:06:04','{\"node_code\":\"610000\",\"parent_node_code\":\"CN\",\"struct_code\":\"administrative_area\",\"node_name\":\"陕西省\",\"display_order\":\"610000\",\"enabled_flag\":\"Y\",\"description\":\"陕西省\"}','/TSP/app/sys/datastruct/addDataStructNode','aizheng','','','','','','','','','',''),('27052ac013644388a56a8c0309330346','user','operation','2017-04-15 13:40:08','{\"node_code\":\"650500\",\"parent_node_code\":\"650000\",\"struct_code\":\"administrative_area\",\"node_name\":\"哈密市\",\"display_order\":\"650500\",\"enabled_flag\":\"Y\",\"description\":\"哈密市\"}','/TSP/app/sys/datastruct/addDataStructNode','aizheng','','','','','','','','','',''),('273d09f43fa84ea6834ad0fe0e8e6225','user','operation','2017-04-29 07:26:15','{\"item_code\":\"200\",\"type_code\":\"tenant_label\",\"item_name\":\"演员\",\"display_order\":\"200\",\"enabled_flag\":\"Y\"}','/TSP/app/sys/datadict/addDataDictItem','aizheng','','','','','','','','','',''),('2768ddc8c33a498ebd63d44a3696c2d6','user','operation','2017-05-01 20:57:02','authentication_status;authenticated_success','/TSP/app/sys/datadict/removeDataDictItem','aizheng','','','','','','','','','',''),('27789945acea46779f8d842daf14f957','user','operation','2017-04-15 13:41:55','{\"node_code\":\"653100\",\"parent_node_code\":\"650000\",\"struct_code\":\"administrative_area\",\"node_name\":\"喀什地区\",\"display_order\":\"653100\",\"enabled_flag\":\"Y\",\"description\":\"喀什地区\"}','/TSP/app/sys/datastruct/addDataStructNode','aizheng','','','','','','','','','',''),('2808a7d8d72149038220bdf872a3f303','user','operation','2017-04-15 13:13:33','{\"node_code\":\"469000\",\"parent_node_code\":\"460000\",\"struct_code\":\"administrative_area\",\"node_name\":\"省直辖县级行政区划\",\"display_order\":\"469000\",\"enabled_flag\":\"Y\",\"description\":\"省直辖县级行政区划\"}','/TSP/app/sys/datastruct/addDataStructNode','aizheng','','','','','','','','','',''),('28119214e47d46cfa99ca42139ec8695','user','operation','2017-04-15 13:09:45','{\"node_code\":\"450400\",\"parent_node_code\":\"450000\",\"struct_code\":\"administrative_area\",\"node_name\":\"梧州市\",\"display_order\":\"450400\",\"enabled_flag\":\"Y\",\"description\":\"梧州市\"}','/TSP/app/sys/datastruct/addDataStructNode','aizheng','','','','','','','','','',''),('2826302548974fc7be21a36df699252a','user','operation','2017-04-13 10:04:04','{\"node_code\":\"222400\",\"parent_node_code\":\"220000\",\"struct_code\":\"administrative_area\",\"node_name\":\"延边朝鲜族自治州\",\"display_order\":\"222400\",\"enabled_flag\":\"Y\",\"description\":\"延边朝鲜族自治州\"}','/TSP/app/sys/datastruct/addDataStructNode','aizheng','','','','','','','','','',''),('2854d81dd03543f190976948ec71c520','user','operation','2017-04-13 21:40:40','{\"node_code\":\"350200\",\"parent_node_code\":\"350000\",\"struct_code\":\"administrative_area\",\"node_name\":\"厦门市\",\"display_order\":\"350200\",\"enabled_flag\":\"Y\",\"description\":\"厦门市\"}','/TSP/app/sys/datastruct/addDataStructNode','aizheng','','','','','','','','','',''),('286ea032f744496e8e52bdbc6615a6dc','user','operation','2017-03-27 14:20:12','test','/ADF/app/sys/parameter/removeParameterDefine','aizheng','','','','','','','','','',''),('286fa828f33649c5a86c4199ad222ff3','user','operation','2017-04-13 10:11:22','{\"node_code\":\"330200\",\"parent_node_code\":\"330000\",\"struct_code\":\"administrative_area\",\"node_name\":\"宁波市\",\"display_order\":\"330200\",\"enabled_flag\":\"Y\",\"description\":\"宁波市\"}','/TSP/app/sys/datastruct/addDataStructNode','aizheng','','','','','','','','','',''),('28c19ef1bfdd43238d8b3802df4599c1','user','operation','2017-03-28 07:15:56','c92ac60341854f39878629d8294b23a5','/ADF/app/sys/role/saveRoleMenuAuth','aizheng','','','','','','','','','',''),('28e37f51816049f493c0e5a4369bfafe','user','operation','2017-03-26 02:55:04','[{\"ddt_code\":\"\",\"ddt_text\":\"\",\"description\":\"菜单结构编码\",\"display_order\":\"10\",\"ds_code\":\"\",\"ds_text\":\"\",\"element_type\":\"lov\",\"element_type_name\":\"值列表\",\"lov_code\":\"lov_data_struct\",\"lov_text\":\"数据结构值列表\",\"parameter_code\":\"menu_struct_code\",\"parameter_name\":\"菜单结构编码\",\"parameter_type\":\"system_setup\",\"parameter_value\":\"menu_resource\"}]','/ADF/app/sys/parameter/saveParameterConfig','aizheng','','','','','','','','','',''),('290052a5419843619e312efbda1593d9','user','operation','2017-04-29 22:32:47','{\"auth_id\":\"b2dcd358575d41f48ba4af2b7525c0a8\",\"member_type\":\"general\",\"member_auth_type\":\"see_social_credit\",\"member_auth_name\":\"3.无限次查看出租人的社交信息\",\"member_auth_value\":\"0\",\"create_date\":\"2017-04-29 22:32:37\",\"created_by\":\"2282a5af0e1f403297948eca95877a03\",\"last_update_date\":null,\"last_updated_by\":\"2282a5af0e1f403297948eca95877a03\",\"attribute1\":null,\"attribute2\":null,\"attribute3\":null,\"attribute4\":null,\"attribute5\":null,\"attribute6\":null,\"attribute7\":null,\"attribute8\":null,\"attribute9\":null,\"attribute10\":null}','/TSP/app/mbr/auth/editMemberAuth','aizheng','','','','','','','','','',''),('294b74cfe3f64ec5b6c648f58b3c9438','user','operation','2017-04-29 07:10:48','{\"item_code\":\"50\",\"type_code\":\"rent_scope\",\"item_name\":\"K歌\",\"display_order\":\"50\",\"enabled_flag\":\"Y\"}','/TSP/app/sys/datadict/addDataDictItem','aizheng','','','','','','','','','',''),('2957aba969254e83a9f25fe4d56b8161','user','operation','2017-04-13 21:52:54','{\"node_code\":\"430200\",\"parent_node_code\":\"430000\",\"struct_code\":\"administrative_area\",\"node_name\":\"株洲市\",\"display_order\":\"430200\",\"enabled_flag\":\"Y\",\"description\":\"株洲市\"}','/TSP/app/sys/datastruct/addDataStructNode','aizheng','','','','','','','','','',''),('295cb71342cb4e2c9f87ef976b9a573f','user','login','2017-04-29 16:13:58','aizheng/XB4brWG7YcFU8GJSewHxBabIoY/7PbWrkKJ44LqDUXiDzofJhRNIxK4ht7jvXHE4x8u4oTgmVb4o4MhTZne+VQ==','/TSP/login_validate','aizheng','','','','','','','','','',''),('2963944faa924ddf8a79c698b0757a1f','user','operation','2017-04-13 08:07:58','{\"node_code\":\"140800\",\"parent_node_code\":\"140000\",\"struct_code\":\"administrative_area\",\"node_name\":\"运城市\",\"display_order\":\"140800\",\"enabled_flag\":\"Y\",\"description\":\"运城市\"}','/TSP/app/sys/datastruct/addDataStructNode','aizheng','','','','','','','','','',''),('299ac4072d7040e8a36814c83bde10c6','user','operation','2017-04-13 10:16:20','{\"node_code\":\"341800\",\"parent_node_code\":\"340000\",\"struct_code\":\"administrative_area\",\"node_name\":\"宣城市\",\"display_order\":\"341800\",\"enabled_flag\":\"Y\",\"description\":\"宣城市\"}','/TSP/app/sys/datastruct/addDataStructNode','aizheng','','','','','','','','','',''),('29d11b28b6e341678af7e3fcd6359ab0','user','operation','2017-03-27 15:46:32','datetime','/ADF/app/sys/parameter/removeParameterDefine','aizheng','','','','','','','','','',''),('29da5068f27c4392a599457c7a7ed1ca','user','operation','2017-04-29 22:34:29','{\"auth_id\":\"c839e18170ab43129c957c1d7d248c12\",\"member_type\":\"general\",\"member_auth_type\":\"see_wechat_number\",\"member_auth_name\":\"1.每天3次查看出租人微信号机会\",\"member_auth_value\":\"5\",\"create_date\":\"2017-04-29 22:27:38\",\"created_by\":\"2282a5af0e1f403297948eca95877a03\",\"last_update_date\":null,\"last_updated_by\":\"2282a5af0e1f403297948eca95877a03\",\"attribute1\":null,\"attribute2\":null,\"attribute3\":null,\"attribute4\":null,\"attribute5\":null,\"attribute6\":null,\"attribute7\":null,\"attribute8\":null,\"attribute9\":null,\"attribute10\":null}','/TSP/app/mbr/auth/editMemberAuth','aizheng','','','','','','','','','',''),('29e6833d8ceb4ff5b0926b582118aefe','user','operation','2017-04-29 22:39:05','{\"auth_id\":\"ce67ae861e99400899d5eb391b8b30c2\",\"member_type\":\"diamond\",\"member_auth_type\":\"see_rent_count\",\"member_auth_name\":\"2.无限次查看出租人的出租次数\",\"member_auth_value\":\"0\",\"create_date\":\"2017-04-29 22:36:13\",\"created_by\":\"2282a5af0e1f403297948eca95877a03\",\"last_update_date\":null,\"last_updated_by\":\"2282a5af0e1f403297948eca95877a03\",\"attribute1\":null,\"attribute2\":null,\"attribute3\":null,\"attribute4\":null,\"attribute5\":null,\"attribute6\":null,\"attribute7\":null,\"attribute8\":null,\"attribute9\":null,\"attribute10\":null}','/TSP/app/mbr/auth/editMemberAuth','aizheng','','','','','','','','','',''),('2a3da07b816b43cc858c3157c4515a67','system','exception','2017-03-28 06:51:14','{\"className\":\"org.adf.application.modules.system.service.ParameterService\",\"lineNumber\":\"47\",\"message\":\"/ by zero\",\"methodName\":\"getParameterTypeInfo\"}','','','','','','','','','','','',''),('2a3ead978f7e4933979502e44cc35e9d','user','operation','2017-04-15 13:21:41','{\"node_code\":\"530100\",\"parent_node_code\":\"530000\",\"struct_code\":\"administrative_area\",\"node_name\":\"昆明市\",\"display_order\":\"530100\",\"enabled_flag\":\"Y\",\"description\":\"昆明市\"}','/TSP/app/sys/datastruct/addDataStructNode','aizheng','','','','','','','','','',''),('2a84b8016a0540fb831970aa8f2ed371','user','operation','2017-04-13 10:06:20','{\"node_code\":\"231100\",\"parent_node_code\":\"230000\",\"struct_code\":\"administrative_area\",\"node_name\":\"黑河市\",\"display_order\":\"231100\",\"enabled_flag\":\"Y\",\"description\":\"黑河市\"}','/TSP/app/sys/datastruct/addDataStructNode','aizheng','','','','','','','','','',''),('2aca6c7c902642a19ff8b2e907fd74b4','user','operation','2017-04-29 07:08:19','{\"item_code\":\"see_social_credit\",\"type_code\":\"member_auth\",\"item_name\":\"查看社交信用\",\"display_order\":\"30\",\"enabled_flag\":\"Y\"}','/TSP/app/sys/datadict/addDataDictItem','aizheng','','','','','','','','','',''),('2af85b260cb44c12804e0bc6bf5a057d','user','operation','2017-04-28 16:34:53','menu_resource;M020403','/TSP/app/sys/datastruct/removeDataStructNode','aizheng','','','','','','','','','',''),('2b03e3e4b17349ec86d8f908a925f004','user','login','2017-03-26 03:25:13','aizheng/WuD03wjmGGV/W21F7kvCfQ5ZjB/IUQxtu4FHDmEJPOih/43arnvgITeSNt+2X/LsgnzUgHVNLZDcdSpMURHaXw==','/ADF/login_validate','aizheng','','','','','','','','','',''),('2b1d933004cb41c3bd6bb4184f7ea5a4','user','login','2017-03-28 07:19:30','aizheng/OB8VY4Mu0nI667lrlBqQOXmXNEdZnrWbsnSbi3fi+dv8iXveP4FYFX4FNcbdF5bP2juK6s82CSnjc6cBNAYFqQ==','/ADF/login_validate','aizheng','','','','','','','','','',''),('2bd584a8e27840deb61094d962d8e760','user','operation','2017-04-13 10:06:30','{\"node_code\":\"231200\",\"parent_node_code\":\"230000\",\"struct_code\":\"administrative_area\",\"node_name\":\"绥化市\",\"display_order\":\"231200\",\"enabled_flag\":\"Y\",\"description\":\"绥化市\"}','/TSP/app/sys/datastruct/addDataStructNode','aizheng','','','','','','','','','',''),('2bd8999ec3594819a8357ed99dc8ae12','user','operation','2017-04-01 22:52:22','[{\"attribute_code\":\"font_icon_code\",\"attribute_name\":\"字体图标\",\"attribute_text\":\"\",\"attribute_value\":\"fa-sticky-note\",\"ddt_code\":\"\",\"ds_code\":\"\",\"element_type\":\"lov\",\"lov_code\":\"lov_font_icon\",\"node_code\":\"M0110\",\"struct_code\":\"menu_resource\"},{\"attribute_code\":\"function_code\",\"attribute_name\":\"功能\",\"attribute_text\":\"\",\"attribute_value\":\"sys_search\",\"ddt_code\":\"\",\"ds_code\":\"\",\"element_type\":\"lov\",\"lov_code\":\"lov_function\",\"node_code\":\"M0110\",\"struct_code\":\"menu_resource\"}]','/ADF/app/sys/datastruct/saveDataStructNodeAttributes','aizheng','','','','','','','','','',''),('2c438936d05f40f29247cfca3a2b6fda','user','operation','2017-04-29 17:47:03','{\"service_id\":null,\"member_type\":\"diamond\",\"member_duration\":\"1\",\"member_price\":\"288\",\"service_name\":\"1个月288元\",\"service_name_ext\":\"\",\"create_date\":null,\"created_by\":\"2282a5af0e1f403297948eca95877a03\",\"last_update_date\":null,\"last_updated_by\":\"2282a5af0e1f403297948eca95877a03\",\"attribute1\":null,\"attribute2\":null,\"attribute3\":null,\"attribute4\":null,\"attribute5\":null,\"attribute6\":null,\"attribute7\":null,\"attribute8\":null,\"attribute9\":null,\"attribute10\":null}','/TSP/app/mbr/service/addMemberService','aizheng','','','','','','','','','',''),('2c735068befd4c6094a77ce4eeef71d4','user','operation','2017-04-28 15:02:34','member_auth;see_rent_out_time','/TSP/app/sys/datadict/removeDataDictItem','aizheng','','','','','','','','','',''),('2d0775ff319943de9aa279ee0f54babf','user','operation','2017-04-30 07:33:45','{\"item_code\":\"sagittarius\",\"type_code\":\"constellation\",\"item_name\":\"射手座\",\"display_order\":\"90\",\"enabled_flag\":\"Y\"}','/TSP/app/sys/datadict/addDataDictItem','aizheng','','','','','','','','','',''),('2d0aa5a86c8b49e8a0cd1df4a9dd8929','user','operation','2017-04-13 10:14:21','{\"node_code\":\"340500\",\"parent_node_code\":\"340000\",\"struct_code\":\"administrative_area\",\"node_name\":\"马鞍山市\",\"display_order\":\"340500\",\"enabled_flag\":\"Y\",\"description\":\"马鞍山市\"}','/TSP/app/sys/datastruct/addDataStructNode','aizheng','','','','','','','','','',''),('2d31e0b9d6f042fa8e45227b1affd2a4','user','operation','2017-04-27 13:56:41','{\"lov_code\":\"lov_operating_entity\",\"lov_name\":\"运营实体值列表\",\"view_name\":\"lov_operating_entity_v\",\"dynamic_condition\":null,\"description\":\"运营实体值列表\"}','/TSP/app/sys/lov/saveLovInfo','aizheng','','','','','','','','','',''),('2d5f2f375fae474fb58a2bf9361ed353','user','operation','2017-04-15 13:34:31','{\"node_code\":\"622900\",\"parent_node_code\":\"620000\",\"struct_code\":\"administrative_area\",\"node_name\":\"临夏回族自治州\",\"display_order\":\"622900\",\"enabled_flag\":\"Y\",\"description\":\"临夏回族自治州\"}','/TSP/app/sys/datastruct/addDataStructNode','aizheng','','','','','','','','','',''),('2d636ba3501d4281a2127549c27d23bf','user','operation','2017-04-28 10:56:42','{\"type_code\":\"member_type\",\"type_name\":\"会员类型\",\"description\":\"会员类型\"}','/TSP/app/sys/datadict/addDataDictType','aizheng','','','','','','','','','',''),('2d7f31ce444440e199030326d0302db4','user','login','2017-03-26 04:00:50','aizheng/PTUJQPB6PWudIk2DQopxvAuBuCsnnXJ6r7IWJgAAjFgBaq1ZKsXy1dp4KsImiMYoChNNejbdw0PSjeO7OBMNHQ==','/ADF/login_validate','aizheng','','','','','','','','','',''),('2de051c71e8c4fa0a849f1a77d16da76','user','operation','2017-04-13 10:12:58','{\"node_code\":\"331000\",\"parent_node_code\":\"330000\",\"struct_code\":\"administrative_area\",\"node_name\":\"台州市\",\"display_order\":\"331000\",\"enabled_flag\":\"Y\",\"description\":\"台州市\"}','/TSP/app/sys/datastruct/addDataStructNode','aizheng','','','','','','','','','',''),('2de0a7fb0bc74ae884de18611404199f','user','operation','2017-03-27 16:49:21','{\"type_code\":\"test\",\"type_name\":\"测试\",\"display_order\":\"20\",\"description\":\"\"}','/ADF/app/sys/parameter/addParameterType','aizheng','','','','','','','','','',''),('2e07fb9400d14384911c63bc4212a6cd','user','operation','2017-03-28 07:16:34','{\"operation_code\":\"test2\",\"function_code\":\"test\",\"operation_name\":\"test2\",\"description\":\"\"}','/ADF/app/sys/function/addOperation','aizheng','','','','','','','','','',''),('2e3523d787554ed691183f6faf2fb182','user','operation','2017-04-13 21:56:58','{\"node_code\":\"440700\",\"parent_node_code\":\"440000\",\"struct_code\":\"administrative_area\",\"node_name\":\"江门市\",\"display_order\":\"440700\",\"enabled_flag\":\"Y\",\"description\":\"江门市\"}','/TSP/app/sys/datastruct/addDataStructNode','aizheng','','','','','','','','','',''),('2e5adbbf8fc340e191ab4deb92ce2370','user','operation','2017-04-29 16:49:20','9ec1c10b317c441c8fc9238c4d413315','/TSP/app/mbr/service/removeMemberService','aizheng','','','','','','','','','',''),('2e619e504ace490eae5875e613d07072','user','operation','2017-04-01 22:52:05','[{\"attribute_code\":\"font_icon_code\",\"attribute_name\":\"字体图标\",\"attribute_text\":\"\",\"attribute_value\":\"fa-users\",\"ddt_code\":\"\",\"ds_code\":\"\",\"element_type\":\"lov\",\"lov_code\":\"lov_font_icon\",\"node_code\":\"M0108\",\"struct_code\":\"menu_resource\"},{\"attribute_code\":\"function_code\",\"attribute_name\":\"功能\",\"attribute_text\":\"\",\"attribute_value\":\"sys_user\",\"ddt_code\":\"\",\"ds_code\":\"\",\"element_type\":\"lov\",\"lov_code\":\"lov_function\",\"node_code\":\"M0108\",\"struct_code\":\"menu_resource\"}]','/ADF/app/sys/datastruct/saveDataStructNodeAttributes','aizheng','','','','','','','','','',''),('2e76d3b9bcdf4a7d84cb3b7b3f5a88ed','user','operation','2017-03-27 15:15:57','{\"attribute_code\":\"date\",\"type_code\":\"user_type\",\"attribute_name\":\"日期\",\"element_type\":\"date\",\"ddt_code\":\"\",\"lov_code\":\"\",\"ds_code\":\"\",\"description\":\"\"}','/ADF/app/sys/datadict/addDataDictTypeAttribute','aizheng','','','','','','','','','',''),('2ef558f5aa114049959f4a8b2ecdc194','user','login','2017-03-25 22:18:44','aizheng/RjEMRDZu1sISl89c6RotVJ+P5Z0Euts7QDn5bcgtM3uc5ygro45xwFu9g8sDfMwyZwdkrNSB6R5Ds7qM7la5Jw==','/ADF/login_validate','aizheng','','','','','','','','','',''),('2ef71275b1654f25a66914cb87e2ff29','user','operation','2017-04-13 21:50:58','{\"node_code\":\"420900\",\"parent_node_code\":\"420000\",\"struct_code\":\"administrative_area\",\"node_name\":\"孝感市\",\"display_order\":\"420900\",\"enabled_flag\":\"Y\",\"description\":\"孝感市\"}','/TSP/app/sys/datastruct/addDataStructNode','aizheng','','','','','','','','','',''),('2f0d2b7994d342d78736315d8a160b2e','user','operation','2017-04-27 14:20:41','{\"role_id\":\"da00bb7200f44018aa34ef94333235f2\",\"resource_id\":\"4a55b2f373364910bdff5f4f01ec213a\",\"resource_type\":\"operating_entity\"}','/TSP/app/sys/role/addRoleOperatingEntity','aizheng','','','','','','','','','',''),('2f3ec2796576494b850246a5dbfb7f27','user','operation','2017-04-29 07:08:24','{\"item_code\":\"say_hello\",\"type_code\":\"member_auth\",\"item_name\":\"与陌生人打招呼\",\"display_order\":\"40\",\"enabled_flag\":\"Y\"}','/TSP/app/sys/datadict/editDataDictItem','aizheng','','','','','','','','','',''),('2f529cffea7748b68194a4191570e381','user','operation','2017-04-15 13:38:46','{\"node_code\":\"640400\",\"parent_node_code\":\"640000\",\"struct_code\":\"administrative_area\",\"node_name\":\"固原市\",\"display_order\":\"640400\",\"enabled_flag\":\"Y\",\"description\":\"固原市\"}','/TSP/app/sys/datastruct/addDataStructNode','aizheng','','','','','','','','','',''),('2f685d2102e845e09b1030c59f1b9751','user','operation','2017-03-26 23:10:55','{\"column_code\":\"log_end_time\",\"search_code\":\"LogMgr\",\"column_name\":\"结束时间\",\"column_sql\":\"sl.log_time\",\"operation_symbol\":\"less_equal\",\"element_type\":\"datetime\",\"ddt_code\":\"\",\"lov_code\":\"\",\"ds_code\":\"\",\"display_order\":\"20\",\"description\":\"结束时间\"}','/ADF/app/sys/search/editSearchColumn','aizheng','','','','','','','','','',''),('2f6bfa115e394715bf038444f8dce3cd','user','operation','2017-04-14 02:57:14','{\"node_code\":\"445300\",\"parent_node_code\":\"440000\",\"struct_code\":\"administrative_area\",\"node_name\":\"云浮市\",\"display_order\":\"445300\",\"enabled_flag\":\"Y\",\"description\":\"云浮市\"}','/TSP/app/sys/datastruct/addDataStructNode','aizheng','','','','','','','','','',''),('2f87eb5b6a214dcab6969667b98e4e6b','user','operation','2017-03-25 21:49:25','LogMgr|abc','/ADF/app/sys/search/removeSearchColumn','aizheng','','','','','','','','','',''),('2f8a51bfe94841658cdfc35b5a38d646','system','exception','2017-03-28 06:51:57','{\"className\":\"org.adf.application.modules.system.service.ParameterService\",\"lineNumber\":\"55\",\"message\":\"/ by zero\",\"methodName\":\"addParameterType\"}','','','','','','','','','','','',''),('2f9430ea096b4aa099c6bd072f1a6343','user','operation','2017-05-05 06:52:41','{\"type_code\":\"service_status\",\"type_name\":\"服务状态\",\"description\":\"服务状态\"}','/TSP/app/sys/datadict/addDataDictType','aizheng','','','','','','','','','',''),('2fa6b6b012714ca1939eb11fc9b1c7a5','user','operation','2017-04-15 13:39:25','{\"node_code\":\"650200\",\"parent_node_code\":\"650000\",\"struct_code\":\"administrative_area\",\"node_name\":\"克拉玛依市\",\"display_order\":\"650200\",\"enabled_flag\":\"Y\",\"description\":\"克拉玛依市\"}','/TSP/app/sys/datastruct/addDataStructNode','aizheng','','','','','','','','','',''),('309bc53f2d414116a5303b2a0ef0f1fe','user','operation','2017-04-13 09:22:12','{\"node_code\":\"211100\",\"parent_node_code\":\"210000\",\"struct_code\":\"administrative_area\",\"node_name\":\"盘锦市\",\"display_order\":\"211100\",\"enabled_flag\":\"Y\",\"description\":\"盘锦市\"}','/TSP/app/sys/datastruct/addDataStructNode','aizheng','','','','','','','','','',''),('312953f55b08492ea67bc847962f60a8','user','operation','2017-04-04 16:06:04','{\"node_code\":\"M02\",\"parent_node_code\":\"M02\",\"struct_code\":\"menu_resource\",\"node_name\":\"租户标签设置\",\"display_order\":\"50\",\"enabled_flag\":\"Y\",\"description\":\"租户标签设置\"}','/TSP/app/sys/datastruct/addDataStructNode','aizheng','','','','','','','','','',''),('312c52bd293b4f01a7ff9c483daaa97e','user','login','2017-04-16 02:49:12','aizheng/TtewWF7Su/uYl5/ymdbXlTt5xnY0C0+uqAdJRnJRZfQF4zeyU0DZBM8oq6CAXkH4EMdij/D1M+h+Py279A0Ikw==','/TSP/login_validate','aizheng','','','','','','','','','',''),('318d6799f32341f2b201205af12f09c6','user','operation','2017-04-15 13:13:07','{\"node_code\":\"460300\",\"parent_node_code\":\"460000\",\"struct_code\":\"administrative_area\",\"node_name\":\"三沙市\",\"display_order\":\"460300\",\"enabled_flag\":\"Y\",\"description\":\"三沙市\"}','/TSP/app/sys/datastruct/addDataStructNode','aizheng','','','','','','','','','',''),('31babb5594d946428e88a7f592aa2309','user','login','2017-03-26 02:52:37','aizheng/daiFQQXKnut+vrED2mBBj5OL12De+ny0jZ86ivHcmEjTFUd+DHGQIBaTc49zgSZ6sS6Ue1MLn6hpgVYB0m/X5w==','/ADF/login_validate','aizheng','','','','','','','','','',''),('31d4681dbd984f92bfbe57ed32231f64','user','operation','2017-04-13 10:05:34','{\"node_code\":\"230700\",\"parent_node_code\":\"230000\",\"struct_code\":\"administrative_area\",\"node_name\":\"伊春市\",\"display_order\":\"230700\",\"enabled_flag\":\"Y\",\"description\":\"伊春市\"}','/TSP/app/sys/datastruct/addDataStructNode','aizheng','','','','','','','','','',''),('3205b2ed62cd4a21914ef4535acf0b38','user','operation','2017-04-25 08:44:26','{\"entity_id\":\"4a55b2f373364910bdff5f4f01ec213a\",\"wx_public_no_type\":\"subscibe\",\"wx_public_no_id\":\"\",\"wx_public_no_code\":\"\",\"wx_public_no_name\":\"\",\"wx_public_no_desc\":\"\",\"wx_country\":\"CN\",\"wx_province\":\"370000\",\"wx_city\":\"370200\",\"wx_authentication_status\":\"Y\",\"wx_payment_status\":\"Y\",\"wx_developer_app_id\":\"\",\"wx_developer_app_secret\":\"\",\"wx_server_url\":\"\",\"wx_server_token\":\"\",\"wx_server_encoding_aes_key\":\"\",\"wx_server_encoding_type\":\"plaintext\",\"wx_mch_id\":\"\",\"create_date\":\"\",\"created_by\":\"2282a5af0e1f403297948eca95877a03\",\"last_update_date\":null,\"last_updated_by\":\"2282a5af0e1f403297948eca95877a03\",\"attribute1\":\"\",\"attribute2\":\"\",\"attribute3\":\"\",\"attribute4\":\"\",\"attribute5\":\"\",\"attribute6\":\"\",\"attribute7\":\"\",\"attribute8\":\"\",\"attribute9\":\"\",\"attribute10\":\"\"}','/TSP/app/oe/OperatingEntity/saveWechatPublicInfo','aizheng','','','','','','','','','',''),('329d4e7cc5764259825752db999b6df8','user','operation','2017-04-13 10:03:40','{\"node_code\":\"220700\",\"parent_node_code\":\"220000\",\"struct_code\":\"administrative_area\",\"node_name\":\"松原市\",\"display_order\":\"220700\",\"enabled_flag\":\"Y\",\"description\":\"松原市\"}','/TSP/app/sys/datastruct/addDataStructNode','aizheng','','','','','','','','','',''),('32afdb6971f6444fae0025abeac75e09','user','operation','2017-04-01 22:51:37','[{\"attribute_code\":\"font_icon_code\",\"attribute_name\":\"字体图标\",\"attribute_text\":\"\",\"attribute_value\":\"fa-bars\",\"ddt_code\":\"\",\"ds_code\":\"\",\"element_type\":\"lov\",\"lov_code\":\"lov_font_icon\",\"node_code\":\"M0105\",\"struct_code\":\"menu_resource\"},{\"attribute_code\":\"function_code\",\"attribute_name\":\"功能\",\"attribute_text\":\"\",\"attribute_value\":\"sys_flex_field\",\"ddt_code\":\"\",\"ds_code\":\"\",\"element_type\":\"lov\",\"lov_code\":\"lov_function\",\"node_code\":\"M0105\",\"struct_code\":\"menu_resource\"}]','/ADF/app/sys/datastruct/saveDataStructNodeAttributes','aizheng','','','','','','','','','',''),('32f208455fbb424985d3a79abaafc1ae','user','operation','2017-04-29 17:45:41','{\"service_id\":\"9f58c463fc7c45eda61c4fba22223238\",\"member_type\":\"platinum\",\"member_duration\":\"1\",\"member_price\":\"188\",\"service_name\":\"1个月188元\",\"service_name_ext\":\"\",\"create_date\":\"2017-04-29 17:14:22\",\"created_by\":\"2282a5af0e1f403297948eca95877a03\",\"last_update_date\":null,\"last_updated_by\":\"2282a5af0e1f403297948eca95877a03\",\"attribute1\":null,\"attribute2\":null,\"attribute3\":null,\"attribute4\":null,\"attribute5\":null,\"attribute6\":null,\"attribute7\":null,\"attribute8\":null,\"attribute9\":null,\"attribute10\":null}','/TSP/app/mbr/service/editMemberService','aizheng','','','','','','','','','',''),('32fdd82cce594e7db6f90e31a70cf456','user','operation','2017-03-27 15:47:24','{\"type_code\":\"system_setup\",\"type_name\":\"系统设置\",\"display_order\":\"10\",\"description\":\"系统设置\"}','/ADF/app/sys/parameter/addParameterType','aizheng','','','','','','','','','',''),('334aab3fe88743629575b3261dfec63e','user','operation','2017-04-29 07:33:08','[{\"attribute_code\":\"font_icon_code\",\"attribute_name\":\"字体图标\",\"attribute_text\":\"\",\"attribute_value\":\"\",\"ddt_code\":\"\",\"ds_code\":\"\",\"element_type\":\"lov\",\"lov_code\":\"lov_font_icon\",\"node_code\":\"M0301\",\"struct_code\":\"menu_resource\"},{\"attribute_code\":\"function_code\",\"attribute_name\":\"功能\",\"attribute_text\":\"\",\"attribute_value\":\"mbr_member_service\",\"ddt_code\":\"\",\"ds_code\":\"\",\"element_type\":\"lov\",\"lov_code\":\"lov_function\",\"node_code\":\"M0301\",\"struct_code\":\"menu_resource\"}]','/TSP/app/sys/datastruct/saveDataStructNodeAttributes','aizheng','','','','','','','','','',''),('334be757a2ba4c4badb6fc5bb0ae4559','user','operation','2017-03-27 15:15:46','{\"attribute_code\":\"datetime\",\"type_code\":\"user_type\",\"attribute_name\":\"日期时间\",\"element_type\":\"datetime\",\"ddt_code\":\"\",\"lov_code\":\"\",\"ds_code\":\"\",\"description\":\"\"}','/ADF/app/sys/datadict/addDataDictTypeAttribute','aizheng','','','','','','','','','',''),('33689dfbbd92452bbf834e6651455483','user','operation','2017-03-27 14:20:46','{\"parameter_code\":\"test1\",\"parameter_name\":\"测试\",\"parameter_type\":\"test\",\"element_type\":\"text\",\"ddt_code\":\"\",\"lov_code\":\"\",\"ds_code\":\"\",\"display_order\":\"1\",\"description\":\"\"}','/ADF/app/sys/parameter/addParameterDefine','aizheng','','','','','','','','','',''),('339fd3239b1f46eaa79755491e2a4d29','user','login','2017-03-25 22:36:14','aizheng/KrSxNpYL+1iSVpnFaw5WjfQH9toeupAjr2nZQhaPeKl3kju3gn8RErpDQWcl4fe1DT737Hmtr+gUzxfTxw/Dww==','/ADF/login_validate','aizheng','','','','','','','','','',''),('33ab61891c3a42f3aded5156086717b9','user','operation','2017-03-28 06:54:12','{\"parameter_code\":\"date\",\"parameter_name\":\"date\",\"parameter_type\":\"test\",\"element_type\":\"date\",\"ddt_code\":\"\",\"lov_code\":\"\",\"ds_code\":\"\",\"display_order\":\"10\",\"description\":\"\"}','/ADF/app/sys/parameter/addParameterDefine','aizheng','','','','','','','','','',''),('33cb8ff73d9b49e19634e1944af90e42','user','operation','2017-03-27 15:48:52','{\"parameter_code\":\"date\",\"parameter_name\":\"日期\",\"parameter_type\":\"test\",\"element_type\":\"date\",\"ddt_code\":\"\",\"lov_code\":\"\",\"ds_code\":\"\",\"display_order\":\"10\",\"description\":\"\"}','/ADF/app/sys/parameter/addParameterDefine','aizheng','','','','','','','','','',''),('34a7fea613244ffeb6dca323ceeb84ba','user','operation','2017-04-13 21:42:42','{\"node_code\":\"360200\",\"parent_node_code\":\"360000\",\"struct_code\":\"administrative_area\",\"node_name\":\"景德镇市\",\"display_order\":\"360200\",\"enabled_flag\":\"Y\",\"description\":\"景德镇市\"}','/TSP/app/sys/datastruct/addDataStructNode','aizheng','','','','','','','','','',''),('34b21c5d8be346a2aad0ae6dbf81e4a2','user','operation','2017-04-13 10:09:41','{\"node_code\":\"320700\",\"parent_node_code\":\"320000\",\"struct_code\":\"administrative_area\",\"node_name\":\"连云港市\",\"display_order\":\"320700\",\"enabled_flag\":\"Y\",\"description\":\"连云港市\"}','/TSP/app/sys/datastruct/addDataStructNode','aizheng','','','','','','','','','',''),('3503979b875e4e23801c330580903fae','user','operation','2017-04-15 13:14:31','{\"node_code\":\"510500\",\"parent_node_code\":\"510000\",\"struct_code\":\"administrative_area\",\"node_name\":\"泸州市\",\"display_order\":\"510500\",\"enabled_flag\":\"Y\",\"description\":\"泸州市\"}','/TSP/app/sys/datastruct/addDataStructNode','aizheng','','','','','','','','','',''),('35072f4ce5a9499c83a2d961094f8a1c','user','operation','2017-04-13 06:11:45','{\"node_code\":\"371600\",\"parent_node_code\":\"370000\",\"struct_code\":\"administrative_area\",\"node_name\":\"滨州市\",\"display_order\":\"371600\",\"enabled_flag\":\"Y\",\"description\":\"滨州市\"}','/TSP/app/sys/datastruct/addDataStructNode','aizheng','','','','','','','','','',''),('352b3614084d4a88bcc47d96533c138e','user','operation','2017-04-12 21:08:04','{\"function_code\":\"oe_operating_entity\",\"function_name\":\"经营实体管理\",\"function_url\":\"/app/oe/OperatingEntity/OperatingEntityMgr\",\"description\":\"经营实体管理\"}','/TSP/app/sys/function/addFunction','aizheng','','','','','','','','','',''),('352f50475c154a319f55b8b136a0a12b','user','operation','2017-04-29 16:24:21','{\"item_code\":\"11\",\"type_code\":\"member_type\",\"item_name\":\"11\",\"display_order\":\"40\",\"enabled_flag\":\"Y\"}','/TSP/app/sys/datadict/addDataDictItem','aizheng','','','','','','','','','',''),('3536cbb9dee34f5da6dde4547d87f97c','user','operation','2017-05-01 00:24:48','{\"node_code\":\"M04\",\"parent_node_code\":\"M04\",\"struct_code\":\"menu_resource\",\"node_name\":\"租户管理\",\"display_order\":\"10\",\"enabled_flag\":\"Y\",\"description\":\"租户管理\"}','/TSP/app/sys/datastruct/addDataStructNode','aizheng','','','','','','','','','',''),('355430ff1b6846d9ac7d82379b384020','user','login','2017-03-25 08:08:58','aizheng/cUal0cPtEtN1v7ieh3dKNLO9kaYx8O552/E9dAlYsNjJqdryBTVHr+8na70dsNuLQ0Y4U39ZYqeoc+MPtf1dug==','/ADF/login_validate','aizheng','','','','','','','','','',''),('356929fe200f41c4a058d4774e79fd52','user','operation','2017-04-13 06:11:17','{\"node_code\":\"371400\",\"parent_node_code\":\"370000\",\"struct_code\":\"administrative_area\",\"node_name\":\"德州市\",\"display_order\":\"371400\",\"enabled_flag\":\"Y\",\"description\":\"德州市\"}','/TSP/app/sys/datastruct/addDataStructNode','aizheng','','','','','','','','','',''),('3610100968ef4799ac38d2265defdada','user','operation','2017-04-04 15:37:44','2c08a801b74640d9a98a125dbb973410','/TSP/app/sys/role/saveRoleMenuAuth','aizheng','','','','','','','','','',''),('3663d1e7840e4a81b21cc38d6974ada6','user','operation','2017-04-29 07:15:29','rent_scope;130','/TSP/app/sys/datadict/removeDataDictItem','aizheng','','','','','','','','','',''),('3739ca777ac14747b8227020d8f3f2e9','user','operation','2017-03-28 07:02:14','{\"attribute_code\":\"date\",\"struct_code\":\"menu_resource\",\"attribute_name\":\"日期\",\"element_type\":\"date\",\"ddt_code\":\"\",\"ds_code\":\"\",\"lov_code\":\"\",\"description\":\"\"}','/ADF/app/sys/datastruct/addDataStructAttribute','aizheng','','','','','','','','','',''),('375a963c822d469a956e0d3250b3bb3a','user','operation','2017-04-29 17:48:02','{\"service_id\":null,\"member_type\":\"diamond\",\"member_duration\":\"12\",\"member_price\":\"588\",\"service_name\":\"12个月588元\",\"service_name_ext\":\"优惠83%\",\"create_date\":null,\"created_by\":\"2282a5af0e1f403297948eca95877a03\",\"last_update_date\":null,\"last_updated_by\":\"2282a5af0e1f403297948eca95877a03\",\"attribute1\":null,\"attribute2\":null,\"attribute3\":null,\"attribute4\":null,\"attribute5\":null,\"attribute6\":null,\"attribute7\":null,\"attribute8\":null,\"attribute9\":null,\"attribute10\":null}','/TSP/app/mbr/service/addMemberService','aizheng','','','','','','','','','',''),('37660a42fc7a4f0a8c3d831e1b07a00a','user','operation','2017-03-26 04:57:21','2c08a801b74640d9a98a125dbb973410','/ADF/app/sys/role/saveRoleMenuAuth','aizheng','','','','','','','','','',''),('3790ce11fe6d4b92a51ecddcb2372710','user','operation','2017-03-25 07:31:23','{\"node_code\":\"M0113\",\"parent_node_code\":\"M01\",\"struct_code\":\"menu_resource\",\"node_name\":\"日志管理\",\"display_order\":\"90\",\"enabled_flag\":\"Y\",\"description\":\"日志管理\"}','/ADF/app/sys/datastruct/editDataStructNode','aizheng','','','','','','','','','',''),('386e01a4d65d475b84cfcd8749b39a7d','user','operation','2017-04-29 17:14:22','{\"service_id\":null,\"member_type\":\"platinum\",\"member_duration\":\"1\",\"member_price\":\"199\",\"service_name\":\"1个月199元\",\"service_name_ext\":\"\",\"create_date\":null,\"created_by\":\"2282a5af0e1f403297948eca95877a03\",\"last_update_date\":null,\"last_updated_by\":\"2282a5af0e1f403297948eca95877a03\",\"attribute1\":null,\"attribute2\":null,\"attribute3\":null,\"attribute4\":null,\"attribute5\":null,\"attribute6\":null,\"attribute7\":null,\"attribute8\":null,\"attribute9\":null,\"attribute10\":null}','/TSP/app/mbr/service/addMemberService','aizheng','','','','','','','','','',''),('387b17c42ee549bf82ab46face55ad0e','user','operation','2017-04-13 06:09:46','{\"node_code\":\"370700\",\"parent_node_code\":\"370000\",\"struct_code\":\"administrative_area\",\"node_name\":\"潍坊市\",\"display_order\":\"370700\",\"enabled_flag\":\"Y\",\"description\":\"潍坊市\"}','/TSP/app/sys/datastruct/addDataStructNode','aizheng','','','','','','','','','',''),('38d425b09a3447fd81455dd447d6a212','user','operation','2017-04-28 16:41:10','{\"node_code\":\"M02\",\"parent_node_code\":\"M02\",\"struct_code\":\"menu_resource\",\"node_name\":\"会员设置\",\"display_order\":\"20\",\"enabled_flag\":\"Y\",\"description\":\"会员设置\"}','/TSP/app/sys/datastruct/addDataStructNode','aizheng','','','','','','','','','',''),('38fa1815ac21433391859504a33dd49e','user','operation','2017-04-28 16:02:31','{\"operation_code\":\"sys_data_struct_remove\",\"function_code\":\"sys_data_struct\",\"operation_name\":\"数据结构-删除\",\"description\":\"数据结构-删除\"}','/TSP/app/sys/function/addOperation','aizheng','','','','','','','','','',''),('39419b5e895642e8a6920cbbcd10312b','user','operation','2017-04-29 17:06:34','{\"service_id\":\"39afd73b7a314a36a0444c8d0c2757c5\",\"member_type\":\"member_type\",\"member_duration\":\"12\",\"member_price\":\"399\",\"service_name\":\"12个月399元\",\"service_name_ext\":\"优惠66%\",\"create_date\":\"2017-04-29 16:58:30\",\"created_by\":\"2282a5af0e1f403297948eca95877a03\",\"last_update_date\":null,\"last_updated_by\":\"2282a5af0e1f403297948eca95877a03\",\"attribute1\":null,\"attribute2\":null,\"attribute3\":null,\"attribute4\":null,\"attribute5\":null,\"attribute6\":null,\"attribute7\":null,\"attribute8\":null,\"attribute9\":null,\"attribute10\":null}','/TSP/app/mbr/service/editMemberService','aizheng','','','','','','','','','',''),('3a11d9613625431a9c297c9fcac5ba2f','user','operation','2017-04-15 13:15:17','{\"node_code\":\"510900\",\"parent_node_code\":\"510000\",\"struct_code\":\"administrative_area\",\"node_name\":\"遂宁市\",\"display_order\":\"510900\",\"enabled_flag\":\"Y\",\"description\":\"遂宁市\"}','/TSP/app/sys/datastruct/addDataStructNode','aizheng','','','','','','','','','',''),('3a73fcc59a4641539cee4e5c274c51d6','user','operation','2017-04-01 22:52:13','[{\"attribute_code\":\"font_icon_code\",\"attribute_name\":\"字体图标\",\"attribute_text\":\"\",\"attribute_value\":\"fa-user\",\"ddt_code\":\"\",\"ds_code\":\"\",\"element_type\":\"lov\",\"lov_code\":\"lov_font_icon\",\"node_code\":\"M0109\",\"struct_code\":\"menu_resource\"},{\"attribute_code\":\"function_code\",\"attribute_name\":\"功能\",\"attribute_text\":\"\",\"attribute_value\":\"sys_log\",\"ddt_code\":\"\",\"ds_code\":\"\",\"element_type\":\"lov\",\"lov_code\":\"lov_function\",\"node_code\":\"M0109\",\"struct_code\":\"menu_resource\"}]','/ADF/app/sys/datastruct/saveDataStructNodeAttributes','aizheng','','','','','','','','','',''),('3acc478d0b5a4986a30af97fd98cffac','user','login','2017-03-25 21:26:06','aizheng/eXRB0u0H6uo+wcYBSv4/TxqL8iHKsj/5NBehnVXvWlxbMjXC1A/1YLsRRVWoSSVyry+yxdVjk8APCGuf+0u8JA==','/ADF/login_validate','aizheng','','','','','','','','','',''),('3aed10e094544ba686264fe400d4a1a9','user','login','2017-03-26 21:24:22','aizheng/VlW/gQ9rtmPAyYk268GlJid8JhxM2cuTVZ/0H6ScS8ZslZqV1/lnC3IKWpFQjhlbzBXhiJkB/GxkAbst3moBzw==','/ADF/login_validate','aizheng','','','','','','','','','',''),('3af09ff2084c4b87be3598427fb798e4','user','operation','2017-04-28 11:24:12','{\"attribute_code\":\"member_auth_value\",\"type_code\":\"member_auth\",\"attribute_name\":\"会员权限值\",\"element_type\":\"text\",\"ddt_code\":\"\",\"lov_code\":\"\",\"ds_code\":\"\",\"description\":\"会员权限值\"}','/TSP/app/sys/datadict/addDataDictTypeAttribute','aizheng','','','','','','','','','',''),('3b66a5818aab445c8a687af62526d487','user','operation','2017-04-29 16:22:50','2c08a801b74640d9a98a125dbb973410','/TSP/app/sys/role/saveRoleMenuAuth','aizheng','','','','','','','','','',''),('3b929939be61455f98d36a187828472a','user','operation','2017-04-12 21:10:30','{\"node_code\":\"M0201\",\"parent_node_code\":\"M02\",\"struct_code\":\"menu_resource\",\"node_name\":\"运营实体管理\",\"display_order\":\"10\",\"enabled_flag\":\"Y\",\"description\":\"运营实体管理\"}','/TSP/app/sys/datastruct/editDataStructNode','aizheng','','','','','','','','','',''),('3c02ebb336324ae7b063f5e869aeb8b1','user','operation','2017-05-01 20:57:16','{\"item_code\":\"authenticated_pass\",\"type_code\":\"authentication_status\",\"item_name\":\"认证通过\",\"display_order\":\"30\",\"enabled_flag\":\"Y\"}','/TSP/app/sys/datadict/addDataDictItem','aizheng','','','','','','','','','',''),('3c0a473ca53d479cbf242de431e39bf4','user','operation','2017-04-29 07:16:58','{\"item_code\":\"80\",\"type_code\":\"rent_scope\",\"item_name\":\"麻将\",\"display_order\":\"80\",\"enabled_flag\":\"Y\"}','/TSP/app/sys/datadict/editDataDictItem','aizheng','','','','','','','','','',''),('3c90495d11694096a47b49d77d9798be','user','operation','2017-04-28 11:07:42','[{\"attribute_code\":\"member_price\",\"attribute_name\":\"会员价格\",\"attribute_text\":\"\",\"attribute_value\":\"399\",\"ddt_code\":\"\",\"ds_code\":\"\",\"element_type\":\"text\",\"item_code\":\"twelve\",\"lov_code\":\"\",\"type_code\":\"member_duration\"}]','/TSP/app/sys/datadict/saveDataDictItemAttributes','aizheng','','','','','','','','','',''),('3cbd6335f09b493c9c2122dba86ec35c','user','operation','2017-03-27 14:18:46','2c08a801b74640d9a98a125dbb973410','/ADF/app/sys/role/saveRoleMenuAuth','aizheng','','','','','','','','','',''),('3ce0e4928cfe401dbfd9aa5d5c5cf15c','user','login','2017-03-26 04:18:09','aizheng/PvljsrwBedkShFD+iQTOiLfdPQpGsQ0/WGLyr0jdBoyftqqXZnSgTXwSlbO0+Z5XR+zJuemozg4dF0XN1LVMEQ==','/ADF/login_validate','aizheng','','','','','','','','','',''),('3ce77b47f7d14852b69ed59ce1d7d6ba','user','operation','2017-05-01 23:14:16','{\"column_code\":\"register_time_end\",\"search_code\":\"MemberMgr\",\"column_name\":\"注册日期止\",\"column_sql\":\"mm.register_time\",\"operation_symbol\":\"less_equal\",\"element_type\":\"date\",\"ddt_code\":\"\",\"lov_code\":\"\",\"ds_code\":\"\",\"display_order\":\"30\",\"description\":\"\"}','/TSP/app/sys/search/addSearchColumn','aizheng','','','','','','','','','',''),('3cf9f46fadf34a2488b443c966378125','user','operation','2017-05-02 10:08:39','{\"function_code\":\"tnt_authentication\",\"function_name\":\"身份认证\",\"function_url\":\"/app/tnt/TenantAuthenticationMrg\",\"description\":\"身份认证\"}','/TSP/app/sys/function/addFunction','aizheng','','','','','','','','','',''),('3d16188f3a9b404087430fedf9014b87','user','operation','2017-04-29 22:35:15','{\"auth_id\":null,\"member_type\":\"diamond\",\"member_auth_type\":\"see_wechat_number\",\"member_auth_name\":\"1.无限次查看出租人微信号机会\",\"member_auth_value\":\"0\",\"create_date\":null,\"created_by\":\"2282a5af0e1f403297948eca95877a03\",\"last_update_date\":null,\"last_updated_by\":\"2282a5af0e1f403297948eca95877a03\",\"attribute1\":null,\"attribute2\":null,\"attribute3\":null,\"attribute4\":null,\"attribute5\":null,\"attribute6\":null,\"attribute7\":null,\"attribute8\":null,\"attribute9\":null,\"attribute10\":null}','/TSP/app/mbr/auth/addMemberAuth','aizheng','','','','','','','','','',''),('3d6a362152744a4bb0e95582ab9578e2','user','operation','2017-04-04 16:05:38','{\"node_code\":\"M02\",\"parent_node_code\":\"M02\",\"struct_code\":\"menu_resource\",\"node_name\":\"出租范围设置\",\"display_order\":\"50\",\"enabled_flag\":\"Y\",\"description\":\"出租范围设置\"}','/TSP/app/sys/datastruct/addDataStructNode','aizheng','','','','','','','','','',''),('3d7585edaa044320bd1f9b69e434abb6','user','operation','2017-04-13 06:11:05','{\"node_code\":\"371300\",\"parent_node_code\":\"370000\",\"struct_code\":\"administrative_area\",\"node_name\":\"临沂市\",\"display_order\":\"371300\",\"enabled_flag\":\"Y\",\"description\":\"临沂市\"}','/TSP/app/sys/datastruct/addDataStructNode','aizheng','','','','','','','','','',''),('3de0f289765a499e97dc4daf51c728a9','user','operation','2017-04-13 08:07:25','{\"node_code\":\"140500\",\"parent_node_code\":\"140000\",\"struct_code\":\"administrative_area\",\"node_name\":\"晋城市\",\"display_order\":\"140500\",\"enabled_flag\":\"Y\",\"description\":\"晋城市\"}','/TSP/app/sys/datastruct/addDataStructNode','aizheng','','','','','','','','','',''),('3df0a9223c8e41d0ad64d83f2c13babd','user','operation','2017-04-15 13:26:55','{\"node_code\":\"542400\",\"parent_node_code\":\"540000\",\"struct_code\":\"administrative_area\",\"node_name\":\"那曲地区\",\"display_order\":\"542400\",\"enabled_flag\":\"Y\",\"description\":\"那曲地区\"}','/TSP/app/sys/datastruct/addDataStructNode','aizheng','','','','','','','','','',''),('3e3aa25a926941a98a9bedf1d11bddff','user','operation','2017-04-13 08:07:47','{\"node_code\":\"140700\",\"parent_node_code\":\"140000\",\"struct_code\":\"administrative_area\",\"node_name\":\"晋中市\",\"display_order\":\"140700\",\"enabled_flag\":\"Y\",\"description\":\"晋中市\"}','/TSP/app/sys/datastruct/addDataStructNode','aizheng','','','','','','','','','',''),('3e43a6a9d6f34903ae1d16fc04bf2c25','user','operation','2017-05-01 23:26:59','{\"column_code\":\"member_type\",\"search_code\":\"MemberMgr\",\"column_name\":\"会员类型\",\"column_sql\":\"mm.member_type\",\"operation_symbol\":\"equal\",\"element_type\":\"select\",\"ddt_code\":\"member_type\",\"lov_code\":\"\",\"ds_code\":\"\",\"display_order\":\"20\",\"description\":\"\"}','/TSP/app/sys/search/editSearchColumn','aizheng','','','','','','','','','',''),('3e5f01f3b741435a8f73553e552c2c12','user','login','2017-04-26 06:26:58','aizheng/J+gNZh6IdMBqBSIqOzR6qe4hY5+3ucnJf/LrRa8OopCDCG90PXGvuK1ofB7mUWyEjxJX7JD/CIf9qVnaz51n/g==','/TSP/login_validate','aizheng','','','','','','','','','',''),('3ec20877ad304d05ac096dee17348a56','user','operation','2017-04-28 16:48:13','{\"struct_code\":\"menu\",\"struct_name\":\"菜单\",\"node_code_rule\":\"auto\",\"rule_prefix\":\"M\",\"rule_length\":\"3\",\"description\":\"\"}','/TSP/app/sys/datastruct/addDataStructDefine','aizheng','','','','','','','','','',''),('3ef201738f484d808ef90afe397d20fa','system','exception','2017-04-27 14:01:46','{\"className\":\"org.springframework.jdbc.support.SQLErrorCodeSQLExceptionTranslator\",\"lineNumber\":\"233\",\"message\":\"\\r\\n### Error querying database.  Cause: com.mysql.jdbc.exceptions.jdbc4.MySQLSyntaxErrorException: You have an error in your SQL syntax; check the manual that corresponds to your MySQL server version for the right syntax to use near \'{userId}\\n    AND srr.role_id = su.default_role_id)\' at line 8\\r\\n### The error may exist in file [D:\\\\IT\\\\Workbench\\\\ai\\\\workspace\\\\ws_tsp\\\\apache-tomcat-7.0.65\\\\webapps\\\\TSP\\\\WEB-INF\\\\classes\\\\org\\\\adf\\\\application\\\\common\\\\lov\\\\mapper\\\\LovMapper.xml]\\r\\n### The error may involve org.adf.application.common.lov.mapper.LovMapper.getLovDataList-Inline\\r\\n### The error occurred while setting parameters\\r\\n### SQL: select  v.entity_id,  v.entity_name,  v.operator,  v.email,  v.mobilephone,  v.start_date,  v.end_date  from lov_operating_entity_v v WHERE v.entity_id IN    (SELECT      srr.resource_id   FROM     sys_role_resource srr,     sys_user su    WHERE srr.resource_type = \'operating_entity\'      AND su.user_id = ${userId}     AND srr.role_id = su.default_role_id)\\r\\n### Cause: com.my\",\"methodName\":\"doTranslate\"}','','','','','','','','','','','',''),('3f0c304429684b1a844f08f9722adb7f','user','login','2017-03-25 22:59:04','aizheng/VdTqF3bf/CXS/02/u1Monql+NA9mMG2UP8FGMKI3kebVzz7inJCrNifnkVJlks9GhEWwDhy1MY4u664XGb1dbg==','/ADF/login_validate','aizheng','','','','','','','','','',''),('3f39b84e0b2141a88e7688ac2cba3da0','user','operation','2017-04-15 13:20:44','{\"node_code\":\"520600\",\"parent_node_code\":\"520000\",\"struct_code\":\"administrative_area\",\"node_name\":\"铜仁市\",\"display_order\":\"520600\",\"enabled_flag\":\"Y\",\"description\":\"铜仁市\"}','/TSP/app/sys/datastruct/addDataStructNode','aizheng','','','','','','','','','',''),('3f8ad23d5142493d9fcef0b42a4ab52a','user','operation','2017-04-27 14:18:01','2282a5af0e1f403297948eca95877a03/da00bb7200f44018aa34ef94333235f2','/TSP/app/sys/user/addUserRole','aizheng','','','','','','','','','',''),('3faa23a4a2be40fe8b1d72aff5b740cd','user','operation','2017-04-30 07:22:27','{\"item_code\":\"cow\",\"type_code\":\"chines_zodiac\",\"item_name\":\"牛\",\"display_order\":\"20\",\"enabled_flag\":\"Y\"}','/TSP/app/sys/datadict/addDataDictItem','aizheng','','','','','','','','','',''),('3fb1ac9a6728436da065460d4e0dca6a','user','operation','2017-04-12 21:08:45','{\"operation_code\":\"oe_operating_entity_edit\",\"function_code\":\"oe_operating_entity\",\"operation_name\":\"编辑\",\"description\":\"编辑\"}','/TSP/app/sys/function/addOperation','aizheng','','','','','','','','','',''),('4033e3f167b74d63abddb225d53e2f1d','user','logout','2017-03-25 22:15:15','aizheng','/ADF/logout','aizheng','','','','','','','','','',''),('407beb992702497cba8986287637d5ed','user','operation','2017-04-15 13:15:05','{\"node_code\":\"510800\",\"parent_node_code\":\"510000\",\"struct_code\":\"administrative_area\",\"node_name\":\"广元市\",\"display_order\":\"510800\",\"enabled_flag\":\"Y\",\"description\":\"广元市\"}','/TSP/app/sys/datastruct/addDataStructNode','aizheng','','','','','','','','','',''),('40ae1fa2e70748e8bb9cbfe40115f589','user','operation','2017-04-01 22:50:47','{\"function_code\":\"sys_parameter\",\"function_name\":\"参数定义\",\"function_url\":\"/app/sys/parameter/ParameterMgr\",\"description\":\"参数定义\"}','/ADF/app/sys/function/editFunction','aizheng','','','','','','','','','',''),('411fb5d3ca0e45caa4a7a4608d980e7e','user','login','2017-04-13 21:39:38','aizheng/cCBpLGNIP9gBlQWtEA3qla1fVbE/DJAd0+RLmQt00zt0Nv1jFEDL20ZwkCGJSUBK8f3ZutGTgFoFtiXWVS2ieA==','/TSP/login_validate','aizheng','','','','','','','','','',''),('41224cb85fe14705b57eaaa3f810d6ce','user','operation','2017-03-24 12:42:52','{\"parameter_code\":\"menu_struct_code\",\"parameter_name\":\"菜单结构编码\",\"parameter_type\":\"system_setup\",\"element_type\":\"lov\",\"ddt_code\":\"\",\"lov_code\":\"lov_data_struct\",\"ds_code\":\"\",\"display_order\":\"10\",\"description\":\"菜单结构编码\"}','/ADF/app/sys/parameter/editParameterDefine','aizheng','','','','','','','','','',''),('4149290ebbdf45c293c805241b33f77c','user','operation','2017-04-30 07:26:10','{\"item_code\":\"pig\",\"type_code\":\"chines_zodiac\",\"item_name\":\"猪\",\"display_order\":\"120\",\"enabled_flag\":\"Y\"}','/TSP/app/sys/datadict/addDataDictItem','aizheng','','','','','','','','','',''),('41857b12d2e14029be809c1815621798','user','operation','2017-04-13 06:03:46','{\"node_code\":\"430000\",\"parent_node_code\":\"CN\",\"struct_code\":\"administrative_area\",\"node_name\":\"湖南省\",\"display_order\":\"430000\",\"enabled_flag\":\"Y\",\"description\":\"湖南省\"}','/TSP/app/sys/datastruct/addDataStructNode','aizheng','','','','','','','','','',''),('418f71d7a9954e98b9706d8d4d6b689c','user','operation','2017-03-26 05:56:18','{\"item_code\":\"date\",\"type_code\":\"element_type\",\"item_name\":\"日期控件\",\"display_order\":\"70\",\"enabled_flag\":\"Y\"}','/ADF/app/sys/datadict/addDataDictItem','aizheng','','','','','','','','','',''),('419091f54df742409d2e763ad17e9453','user','operation','2017-05-01 22:07:42','{\"tenant_id\":\"367bd463597b4a2ab23a808088adb750\",\"real_name\":\"艾铮\",\"id_card_no\":\"370832198608110019\",\"id_card_img_front\":\"/img/367bd463597b4a2ab23a808088adb750/id_card_front.png\",\"id_card_img_back\":\"/img/367bd463597b4a2ab23a808088adb750/id_card_back.png\",\"submit_time\":\"2017-05-01 17:18:45\",\"audit_time\":\"2017-05-01 22:07:42\",\"audit_opinion\":\"审核通过\",\"audited_by\":\"2282a5af0e1f403297948eca95877a03\",\"authentication_status\":\"authenticated_pass\",\"attribute1\":null,\"attribute2\":null,\"attribute3\":null,\"attribute4\":null,\"attribute5\":null,\"attribute6\":null,\"attribute7\":null,\"attribute8\":null,\"attribute9\":null,\"attribute10\":null}','/TSP/app/tnt/updateAuthenticationStatus','aizheng','','','','','','','','','',''),('41d483e89c77460ea6959ebd8e93baab','user','operation','2017-05-01 23:26:52','{\"column_code\":\"entity_id\",\"search_code\":\"MemberMgr\",\"column_name\":\"运营实体\",\"column_sql\":\"ooe.entity_id\",\"operation_symbol\":\"equal\",\"element_type\":\"lov\",\"ddt_code\":\"\",\"lov_code\":\"lov_operating_entity\",\"ds_code\":\"\",\"display_order\":\"10\",\"description\":\"\"}','/TSP/app/sys/search/addSearchColumn','aizheng','','','','','','','','','',''),('42205b4e14144952b7f06f771945869a','user','operation','2017-04-29 22:38:19','78fe5e5dcf914760ab582d964603a648','/TSP/app/mbr/auth/removeMemberAuth','aizheng','','','','','','','','','',''),('423f78dfb2f74e70968326b9d55b83ca','user','operation','2017-04-15 13:27:56','{\"node_code\":\"610200\",\"parent_node_code\":\"610000\",\"struct_code\":\"administrative_area\",\"node_name\":\"铜川市\",\"display_order\":\"610200\",\"enabled_flag\":\"Y\",\"description\":\"铜川市\"}','/TSP/app/sys/datastruct/addDataStructNode','aizheng','','','','','','','','','',''),('42634483c20a4178bb65e06b68607b2b','user','login','2017-05-01 20:56:45','aizheng/NOVOGxpeEa0DmK2TdE+fX7x8z11Q0HoIidjhXTRBaAkuPGKqUpw0j6Ak4sX87T/+GJ33GM9iqY2ogd9Vvsxo9w==','/TSP/login_validate','aizheng','','','','','','','','','',''),('4265440865a042979fa931a4414b5af3','user','login','2017-04-29 07:02:25','aizheng/FeGfMCziUGfe21uM5ftJraVueU0Yn1DsCiSf1hwfgq0TdN1kYASx1bcFRuxRNylATMeG+7z1zDOaJLGqH4nqvA==','/TSP/login_validate','aizheng','','','','','','','','','',''),('427b0eba736546d1b9f9320dc4676330','user','logout','2017-03-24 10:43:54','aizheng','/ADF/logout','aizheng','','','','','','','','','',''),('4295f21af8bf4b6a8592d1ff8eb9c834','user','logout','2017-04-25 08:38:56','aizheng','/TSP/logout','aizheng','','','','','','','','','',''),('430824e3fd574295adcce41550a2dd6c','user','operation','2017-04-30 07:31:20','{\"item_code\":\"virgo\",\"type_code\":\"constellation\",\"item_name\":\"处女座\",\"display_order\":\"60\",\"enabled_flag\":\"Y\"}','/TSP/app/sys/datadict/addDataDictItem','aizheng','','','','','','','','','',''),('4312cb9ed67a479582d3b6444fafe094','user','login','2017-03-25 07:28:22','aizheng/G7dTxLxglTDvzv+oyFPgJA+B48lry560h9CoNCWulGs+/+u0fdVEH1TphUnesGvebUSxgVi02vhQZvZ9kLYEYA==','/ADF/login_validate','aizheng','','','','','','','','','',''),('4335d24f703348f39ff4075a5198920e','user','login','2017-04-29 16:12:46','aizheng/dYAq2OHxVswBs9i6aHzPoG1sULrjeY3Fu99yQdlQ9J2rnez9AjpTXy7lXPF8P34w23il+/bH56ATIf3rgKakYQ==','/TSP/login_validate','aizheng','','','','','','','','','',''),('4344b931d6a34afd8aff63599046b440','user','operation','2017-03-27 15:54:12','datetime','/ADF/app/sys/parameter/removeParameterDefine','aizheng','','','','','','','','','',''),('4362ae65afeb4b338e970fb8e7a85ec0','user','operation','2017-05-01 00:54:00','{\"column_code\":\"sex\",\"search_code\":\"TenantMgr\",\"column_name\":\"性别\",\"column_sql\":\"tt.sex\",\"operation_symbol\":\"equal\",\"element_type\":\"select\",\"ddt_code\":\"sex\",\"lov_code\":\"\",\"ds_code\":\"\",\"display_order\":\"60\",\"description\":\"\"}','/TSP/app/sys/search/addSearchColumn','aizheng','','','','','','','','','',''),('43807c4088d54b30b1c80e260bc04462','user','operation','2017-04-29 17:44:27','{\"service_id\":\"63880580a6bc44efb5b98696e580980c\",\"member_type\":\"general\",\"member_duration\":\"3\",\"member_price\":\"188\",\"service_name\":\"3个月188元\",\"service_name_ext\":\"优惠29%\",\"create_date\":\"2017-04-29 16:58:26\",\"created_by\":\"2282a5af0e1f403297948eca95877a03\",\"last_update_date\":null,\"last_updated_by\":\"2282a5af0e1f403297948eca95877a03\",\"attribute1\":null,\"attribute2\":null,\"attribute3\":null,\"attribute4\":null,\"attribute5\":null,\"attribute6\":null,\"attribute7\":null,\"attribute8\":null,\"attribute9\":null,\"attribute10\":null}','/TSP/app/mbr/service/editMemberService','aizheng','','','','','','','','','',''),('442433925a6c4e019fc2c12443d27072','user','operation','2017-04-01 22:40:14','{\"column_name\":\"attribute2\",\"flex_code\":\"user\",\"column_title\":\"end_date\",\"element_type\":\"date\",\"ddt_code\":\"\",\"lov_code\":\"\",\"ds_code\":\"\",\"description\":\"有效日期止\"}','/ADF/app/sys/flexfield/addFlexFieldColumn','aizheng','','','','','','','','','',''),('443b706595064ba7bceca6c2239189c0','user','operation','2017-05-01 00:52:54','{\"column_code\":\"telephone\",\"search_code\":\"TenantMgr\",\"column_name\":\"手机\",\"column_sql\":\"tt.telephone\",\"operation_symbol\":\"include\",\"element_type\":\"text\",\"ddt_code\":\"\",\"lov_code\":\"\",\"ds_code\":\"\",\"display_order\":\"40\",\"description\":\"\"}','/TSP/app/sys/search/addSearchColumn','aizheng','','','','','','','','','',''),('447303f28421420cb86bc16b5e5be322','user','operation','2017-04-13 06:03:30','{\"node_code\":\"420000\",\"parent_node_code\":\"CN\",\"struct_code\":\"administrative_area\",\"node_name\":\"湖北省\",\"display_order\":\"420000\",\"enabled_flag\":\"Y\",\"description\":\"湖北省\"}','/TSP/app/sys/datastruct/addDataStructNode','aizheng','','','','','','','','','',''),('447a0c7f39fb41aba610595e5f8f35dd','user','operation','2017-03-25 08:16:15','{\"search_code\":\"LogMgr\",\"search_name\":\"日志管理\",\"description\":\"日志管理\"}','/ADF/app/sys/search/editSearchDefine','aizheng','','','','','','','','','',''),('449514f5391c42e69bc6fde73f8d36d4','user','operation','2017-04-13 21:47:35','{\"node_code\":\"411200\",\"parent_node_code\":\"410000\",\"struct_code\":\"administrative_area\",\"node_name\":\"三门峡市\",\"display_order\":\"411200\",\"enabled_flag\":\"Y\",\"description\":\"三门峡市\"}','/TSP/app/sys/datastruct/addDataStructNode','aizheng','','','','','','','','','',''),('44b0a55549e644d8be5d4f04d84d1417','user','operation','2017-04-28 15:03:08','member_auth','/TSP/app/sys/datadict/removeDataDictType','aizheng','','','','','','','','','',''),('45212bde20834617bc6150fd821b3e30','user','operation','2017-04-28 15:09:57','member_type;super','/TSP/app/sys/datadict/removeDataDictItem','aizheng','','','','','','','','','',''),('4527000af7ae4d5d96c5cd6eb0708d91','user','operation','2017-03-27 14:18:13','{\"operation_code\":\"sys_parameter_define_remove\",\"function_code\":\"sys_parameter\",\"operation_name\":\"参数-删除\",\"description\":\"参数-删除\"}','/ADF/app/sys/function/addOperation','aizheng','','','','','','','','','',''),('45432fb7c09840e6863894887a8dde40','user','logout','2017-05-02 13:25:31','aizheng','/TSP/logout','aizheng','','','','','','','','','',''),('455e62164fe24ea9beddcb76a1173298','user','operation','2017-04-25 09:06:34','{\"entity_id\":null,\"entity_name\":\"123\",\"operator\":\"123\",\"email\":\"123@123.com\",\"mobilephone\":\"12344444444\",\"start_date\":\"2017-04-25\",\"end_date\":\"2018-04-24\",\"status\":null,\"description\":\"\",\"create_date\":null,\"created_by\":\"2282a5af0e1f403297948eca95877a03\",\"last_update_date\":null,\"last_updated_by\":\"2282a5af0e1f403297948eca95877a03\",\"attribute1\":null,\"attribute2\":null,\"attribute3\":null,\"attribute4\":null,\"attribute5\":null,\"attribute6\":null,\"attribute7\":null,\"attribute8\":null,\"attribute9\":null,\"attribute10\":null}','/TSP/app/oe/OperatingEntity/addOperatingEntity','aizheng','','','','','','','','','',''),('456610816fbb4ef489ef044638cdf1e3','user','operation','2017-05-01 20:56:59','authentication_status;authenticated_failure','/TSP/app/sys/datadict/removeDataDictItem','aizheng','','','','','','','','','',''),('45b4b8b3a84447d3b5a9895b5958247a','user','operation','2017-04-12 21:10:51','[{\"attribute_code\":\"font_icon_code\",\"attribute_name\":\"字体图标\",\"attribute_text\":\"\",\"attribute_value\":\"\",\"ddt_code\":\"\",\"ds_code\":\"\",\"element_type\":\"lov\",\"lov_code\":\"lov_font_icon\",\"node_code\":\"M0201\",\"struct_code\":\"menu_resource\"},{\"attribute_code\":\"function_code\",\"attribute_name\":\"功能\",\"attribute_text\":\"\",\"attribute_value\":\"oe_operating_entity\",\"ddt_code\":\"\",\"ds_code\":\"\",\"element_type\":\"lov\",\"lov_code\":\"lov_function\",\"node_code\":\"M0201\",\"struct_code\":\"menu_resource\"}]','/TSP/app/sys/datastruct/saveDataStructNodeAttributes','aizheng','','','','','','','','','',''),('45cab4811af44e6c8c452d22091e4d9d','user','operation','2017-04-13 10:12:08','{\"node_code\":\"330600\",\"parent_node_code\":\"330000\",\"struct_code\":\"administrative_area\",\"node_name\":\"绍兴市\",\"display_order\":\"330600\",\"enabled_flag\":\"Y\",\"description\":\"绍兴市\"}','/TSP/app/sys/datastruct/addDataStructNode','aizheng','','','','','','','','','',''),('4605dcb13e7c46989394bab7252f4dd1','user','operation','2017-04-13 21:45:17','{\"node_code\":\"410100\",\"parent_node_code\":\"410000\",\"struct_code\":\"administrative_area\",\"node_name\":\"郑州市\",\"display_order\":\"410100\",\"enabled_flag\":\"Y\",\"description\":\"郑州市\"}','/TSP/app/sys/datastruct/addDataStructNode','aizheng','','','','','','','','','',''),('460dc5d7826547628f62dad674b980bf','user','operation','2017-04-01 23:03:07','[{\"attribute_code\":\"font_icon_code\",\"attribute_name\":\"字体图标\",\"attribute_text\":\"\",\"attribute_value\":\"fa-wrench\",\"ddt_code\":\"\",\"ds_code\":\"\",\"element_type\":\"lov\",\"lov_code\":\"lov_font_icon\",\"node_code\":\"M010102\",\"struct_code\":\"menu_resource\"},{\"attribute_code\":\"function_code\",\"attribute_name\":\"功能\",\"attribute_text\":\"\",\"attribute_value\":\"sys_config\",\"ddt_code\":\"\",\"ds_code\":\"\",\"element_type\":\"lov\",\"lov_code\":\"lov_function\",\"node_code\":\"M010102\",\"struct_code\":\"menu_resource\"}]','/ADF/app/sys/datastruct/saveDataStructNodeAttributes','aizheng','','','','','','','','','',''),('4666f56f31bc427099febcc61f91c088','user','login','2017-04-15 14:51:58','aizheng/B9Vje7yebGJIERAIp3RUO5FwM5cRQ7GZSglry4ZL4yWXEQedNjR4OwCsBCPFyhutnmkcDoqUuz/I83z6VfW/DQ==','/TSP/login_validate','aizheng','','','','','','','','','',''),('46a1d19a8c1444908a41de7085ff1e03','user','login','2017-03-28 07:14:54','aizheng/BJaT14cVZPJMFLTIYf0/8IElNwVL3OJW32QwtZ7wHjclRh6DjCpAZV1GwsK1Re6D1m9oGdnfDjNx1lUEvicDDQ==','/ADF/login_validate','aizheng','','','','','','','','','',''),('4716de54cfd24aeda0bf430657708250','user','operation','2017-04-29 06:10:23','{\"type_code\":\"member_duration\",\"type_name\":\"会员时长\",\"description\":\"会员时长\"}','/TSP/app/sys/datadict/addDataDictType','aizheng','','','','','','','','','',''),('4746d5b141a044e5925504699bc6abd4','user','operation','2017-03-27 15:53:18','{\"parameter_code\":\"datetime\",\"parameter_name\":\"日期时间\",\"parameter_type\":\"test\",\"element_type\":\"datetime\",\"ddt_code\":\"\",\"lov_code\":\"\",\"ds_code\":\"\",\"display_order\":\"30\",\"description\":\"\"}','/ADF/app/sys/parameter/addParameterDefine','aizheng','','','','','','','','','',''),('475302c5804942ba8edc1b5d8abecf8a','user','operation','2017-03-24 12:42:54','[{\"ddt_code\":\"\",\"ddt_text\":\"\",\"description\":\"菜单结构编码\",\"display_order\":\"10\",\"ds_code\":\"\",\"ds_text\":\"\",\"element_type\":\"lov\",\"element_type_name\":\"值列表\",\"lov_code\":\"lov_data_struct\",\"lov_text\":\"数据结构值列表\",\"parameter_code\":\"menu_struct_code\",\"parameter_name\":\"菜单结构编码\",\"parameter_type\":\"system_setup\",\"parameter_value\":\"\"}]','/ADF/app/sys/parameter/saveParameterConfig','aizheng','','','','','','','','','',''),('475c8b4b86ae44baaff5663eee7d984d','user','operation','2017-04-13 09:21:25','{\"node_code\":\"210700\",\"parent_node_code\":\"210000\",\"struct_code\":\"administrative_area\",\"node_name\":\"锦州市\",\"display_order\":\"210700\",\"enabled_flag\":\"Y\",\"description\":\"锦州市\"}','/TSP/app/sys/datastruct/addDataStructNode','aizheng','','','','','','','','','',''),('4766698e72484fcf95bb551a6d5e8cf4','user','operation','2017-04-15 13:16:08','{\"node_code\":\"511400\",\"parent_node_code\":\"510000\",\"struct_code\":\"administrative_area\",\"node_name\":\"眉山市\",\"display_order\":\"511400\",\"enabled_flag\":\"Y\",\"description\":\"眉山市\"}','/TSP/app/sys/datastruct/addDataStructNode','aizheng','','','','','','','','','',''),('4772107c7ad1492da35844bdc844c6e8','user','operation','2017-04-27 13:58:14','{\"lov_code\":\"lov_operating_entity\",\"lov_name\":\"运营实体值列表\",\"view_name\":\"lov_operating_entity_v\",\"dynamic_condition\":\"WHERE v.`entity_id` IN \\n  (SELECT \\n    srr.`resource_id` \\n  FROM\\n    sys_role_resource srr,\\n    sys_user su \\n  WHERE srr.`resource_type` = \'operating_entity\' \\n    AND su.`user_id` = \'2282a5af0e1f403297948eca95877a03\' \\n    AND srr.`role_id` = su.`default_role_id`)\",\"description\":\"运营实体值列表\"}','/TSP/app/sys/lov/saveLovInfo','aizheng','','','','','','','','','',''),('482be0e40e5743bc929e44756e320f51','user','operation','2017-04-15 13:31:34','{\"node_code\":\"620600\",\"parent_node_code\":\"620000\",\"struct_code\":\"administrative_area\",\"node_name\":\"武威市\",\"display_order\":\"620600\",\"enabled_flag\":\"Y\",\"description\":\"武威市\"}','/TSP/app/sys/datastruct/addDataStructNode','aizheng','','','','','','','','','',''),('483e5d1ff1af4ee2b068746ff3491aac','user','operation','2017-04-29 22:34:52','{\"auth_id\":\"438b7ebf193045f4a7d4d375757fdda1\",\"member_type\":\"platinum\",\"member_auth_type\":\"see_wechat_number\",\"member_auth_name\":\"1.每天10次查看出租人微信号机会\",\"member_auth_value\":\"10\",\"create_date\":\"2017-04-29 22:34:24\",\"created_by\":\"2282a5af0e1f403297948eca95877a03\",\"last_update_date\":null,\"last_updated_by\":\"2282a5af0e1f403297948eca95877a03\",\"attribute1\":null,\"attribute2\":null,\"attribute3\":null,\"attribute4\":null,\"attribute5\":null,\"attribute6\":null,\"attribute7\":null,\"attribute8\":null,\"attribute9\":null,\"attribute10\":null}','/TSP/app/mbr/auth/editMemberAuth','aizheng','','','','','','','','','',''),('483e9756292948449145a50874e01a45','user','operation','2017-04-15 13:25:29','{\"node_code\":\"540200\",\"parent_node_code\":\"540000\",\"struct_code\":\"administrative_area\",\"node_name\":\"日喀则市\",\"display_order\":\"540200\",\"enabled_flag\":\"Y\",\"description\":\"日喀则市\"}','/TSP/app/sys/datastruct/addDataStructNode','aizheng','','','','','','','','','',''),('4847490ad36b4389a8161f6573d24587','user','operation','2017-04-29 21:49:54','2c08a801b74640d9a98a125dbb973410','/TSP/app/sys/role/saveRoleMenuAuth','aizheng','','','','','','','','','',''),('48a4c798b62e4aad8a96940a68ee74e3','user','operation','2017-04-13 10:10:39','{\"node_code\":\"321200\",\"parent_node_code\":\"320000\",\"struct_code\":\"administrative_area\",\"node_name\":\"泰州市\",\"display_order\":\"321200\",\"enabled_flag\":\"Y\",\"description\":\"泰州市\"}','/TSP/app/sys/datastruct/addDataStructNode','aizheng','','','','','','','','','',''),('48ba2e1ecd0546ae9f1af910ddfe712b','user','operation','2017-04-13 10:10:27','{\"node_code\":\"321100\",\"parent_node_code\":\"320000\",\"struct_code\":\"administrative_area\",\"node_name\":\"镇江市\",\"display_order\":\"321100\",\"enabled_flag\":\"Y\",\"description\":\"镇江市\"}','/TSP/app/sys/datastruct/addDataStructNode','aizheng','','','','','','','','','',''),('48db46e0694144229a87901471f228c9','user','operation','2017-04-15 13:10:20','{\"node_code\":\"450700\",\"parent_node_code\":\"450000\",\"struct_code\":\"administrative_area\",\"node_name\":\"钦州市\",\"display_order\":\"450700\",\"enabled_flag\":\"Y\",\"description\":\"钦州市\"}','/TSP/app/sys/datastruct/addDataStructNode','aizheng','','','','','','','','','',''),('48f0658e6ec44ede98034ad5f16f6b6e','user','operation','2017-04-13 08:04:27','{\"node_code\":\"130500\",\"parent_node_code\":\"130000\",\"struct_code\":\"administrative_area\",\"node_name\":\"邢台市\",\"display_order\":\"130500\",\"enabled_flag\":\"Y\",\"description\":\"邢台市\"}','/TSP/app/sys/datastruct/addDataStructNode','aizheng','','','','','','','','','',''),('495b738a2b5f470da37a4a0289fa5e6f','user','operation','2017-04-15 13:39:36','{\"node_code\":\"650400\",\"parent_node_code\":\"650000\",\"struct_code\":\"administrative_area\",\"node_name\":\"吐鲁番市\",\"display_order\":\"650400\",\"enabled_flag\":\"Y\",\"description\":\"吐鲁番市\"}','/TSP/app/sys/datastruct/addDataStructNode','aizheng','','','','','','','','','',''),('497647e239954fd9acca9eeda44225c3','user','operation','2017-05-05 06:53:37','{\"item_code\":\"published\",\"type_code\":\"service_status\",\"item_name\":\"已发布\",\"display_order\":\"20\",\"enabled_flag\":\"Y\"}','/TSP/app/sys/datadict/addDataDictItem','aizheng','','','','','','','','','',''),('4a994810a37a4d8a8aa8cb52b6251b88','user','operation','2017-04-13 10:08:36','{\"node_code\":\"320200\",\"parent_node_code\":\"320000\",\"struct_code\":\"administrative_area\",\"node_name\":\"无锡市\",\"display_order\":\"320200\",\"enabled_flag\":\"Y\",\"description\":\"无锡市\"}','/TSP/app/sys/datastruct/addDataStructNode','aizheng','','','','','','','','','',''),('4a9ef73ecb85494aa1ff0d410223bd43','user','operation','2017-04-15 13:16:48','{\"node_code\":\"511700\",\"parent_node_code\":\"510000\",\"struct_code\":\"administrative_area\",\"node_name\":\"达州市\",\"display_order\":\"511700\",\"enabled_flag\":\"Y\",\"description\":\"达州市\"}','/TSP/app/sys/datastruct/addDataStructNode','aizheng','','','','','','','','','',''),('4b04e33045ef48da8d153a647d4b1fe4','user','operation','2017-04-04 15:19:20','{\"node_code\":\"M0106\",\"parent_node_code\":\"M01\",\"struct_code\":\"menu_resource\",\"node_name\":\"高级搜索\",\"display_order\":\"70\",\"enabled_flag\":\"Y\",\"description\":\"高级搜索\"}','/ADF/app/sys/datastruct/editDataStructNode','aizheng','','','','','','','','','',''),('4b2f02ae96e244fab5f6eb4b4ac0073f','user','operation','2017-04-29 06:27:54','{\"node_code\":\"M03\",\"parent_node_code\":\"M03\",\"struct_code\":\"menu_resource\",\"node_name\":\"会员权限设置\",\"display_order\":\"20\",\"enabled_flag\":\"Y\",\"description\":\"会员权限设置\"}','/TSP/app/sys/datastruct/addDataStructNode','aizheng','','','','','','','','','',''),('4b80b90a5a4f4da490413e48a922e51e','user','operation','2017-04-29 07:06:24','{\"item_code\":\"see_rent_count\",\"type_code\":\"member_auth\",\"item_name\":\"查看出租次数\",\"display_order\":\"20\",\"enabled_flag\":\"Y\"}','/TSP/app/sys/datadict/addDataDictItem','aizheng','','','','','','','','','',''),('4b82a663088b4112998992a40a1eb6b6','user','login','2017-04-28 10:56:03','aizheng/aShWf7i1HutywSXCrZyM0OkFuc+yAma22SG9oo+g/msd8+6sbIOwdUMbDLFXfTOATMI/xEUJIlrENh0fTwHIIg==','/TSP/login_validate','aizheng','','','','','','','','','',''),('4ba2165ab6c6436e8b71edeb68c67543','user','operation','2017-04-29 16:57:49','{\"service_id\":\"d35eff30db8040458775e3dc746c3cf3\",\"member_type\":\"member_type\",\"member_duration\":\"1\",\"member_price\":\"565\",\"service_name\":\"fdsa\",\"service_name_ext\":\"ce\",\"create_date\":\"2017-04-29 16:56:52\",\"created_by\":\"2282a5af0e1f403297948eca95877a03\",\"last_update_date\":null,\"last_updated_by\":\"2282a5af0e1f403297948eca95877a03\",\"attribute1\":null,\"attribute2\":null,\"attribute3\":null,\"attribute4\":null,\"attribute5\":null,\"attribute6\":null,\"attribute7\":null,\"attribute8\":null,\"attribute9\":null,\"attribute10\":null}','/TSP/app/mbr/service/editMemberService','aizheng','','','','','','','','','',''),('4bb2a3f5dac44217a3744bf23823d538','system','exception','2017-04-13 05:58:02','{\"className\":\"org.springframework.jdbc.support.AbstractFallbackSQLExceptionTranslator\",\"lineNumber\":\"83\",\"message\":\"\\r\\n### Error updating database.  Cause: java.sql.SQLException: Incorrect integer value: \'\' for column \'display_order\' at row 1\\r\\n### The error may involve org.adf.application.common.mybatis.mapper.SysDataStructNode.insertSysDataStructNode-Inline\\r\\n### The error occurred while setting parameters\\r\\n### SQL: insert into sys_data_struct_node        (node_code        ,parent_node_code        ,struct_code        ,node_name        ,display_order        ,enabled_flag        ,description)         values        (?        ,?        ,?        ,?        ,?        ,?        ,?)\\r\\n### Cause: java.sql.SQLException: Incorrect integer value: \'\' for column \'display_order\' at row 1\\n; uncategorized SQLException for SQL []; SQL state [HY000]; error code [1366]; Incorrect integer value: \'\' for column \'display_order\' at row 1; nested exception is java.sql.SQLException: Incorrect integer value: \'\' for column \'display_order\' at row 1\",\"methodName\":\"translate\"}','','','','','','','','','','','',''),('4bc904b51f96409eaf1a3f7b71bb9347','user','operation','2017-04-01 23:04:54','34d68f3512ba4768ba3214e7736bb225','/ADF/app/sys/role/saveRoleMenuAuth','aizheng','','','','','','','','','',''),('4bebbd5b64154c4fa7324e38bfd8f978','user','operation','2017-05-02 13:24:08','{\"node_code\":\"M04\",\"parent_node_code\":\"M04\",\"struct_code\":\"menu_resource\",\"node_name\":\"身份认证\",\"display_order\":\"20\",\"enabled_flag\":\"Y\",\"description\":\"身份认证\"}','/TSP/app/sys/datastruct/addDataStructNode','aizheng','','','','','','','','','',''),('4beec0c91e494a46bbebf301f4a65194','user','login','2017-03-27 15:46:25','aizheng/CbdJibQS6UVc+wKhCZLYxb5Fesj01K83Fmh1PXo5CcyaFmCNVj7WqEFCbp37RbhbgCvoiFpiiUSYzl0cUep92A==','/ADF/login_validate','aizheng','','','','','','','','','',''),('4c1f2f60eba443219662bc8dd7d26b60','user','operation','2017-03-27 15:48:38','[{\"ddt_code\":\"\",\"ddt_text\":\"\",\"description\":\"菜单结构\",\"display_order\":\"10\",\"ds_code\":\"\",\"ds_text\":\"\",\"element_type\":\"lov\",\"element_type_name\":\"值列表\",\"lov_code\":\"lov_data_struct\",\"lov_text\":\"数据结构值列表\",\"parameter_code\":\"menu_struct_code\",\"parameter_name\":\"菜单结构\",\"parameter_type\":\"system_setup\",\"parameter_value\":\"menu_resource\"}]','/ADF/app/sys/parameter/saveParameterConfig','aizheng','','','','','','','','','',''),('4c223c5ec45f4da7a504668e1262f01d','user','operation','2017-04-13 06:07:26','{\"node_code\":\"810000\",\"parent_node_code\":\"CN\",\"struct_code\":\"administrative_area\",\"node_name\":\"香港特别行政区\",\"display_order\":\"810000\",\"enabled_flag\":\"Y\",\"description\":\"香港特别行政区\"}','/TSP/app/sys/datastruct/addDataStructNode','aizheng','','','','','','','','','',''),('4ca6bf2385a946638b255b69d93c425e','user','operation','2017-04-12 21:16:18','{\"item_code\":\"N\",\"type_code\":\"wx_authentication_status\",\"item_name\":\"未认证\",\"display_order\":\"20\",\"enabled_flag\":\"Y\"}','/TSP/app/sys/datadict/addDataDictItem','aizheng','','','','','','','','','',''),('4cf18cc23ec849309d5480099a773391','user','operation','2017-04-12 21:14:39','{\"item_code\":\"subscibe\",\"type_code\":\"wx_public_no_type\",\"item_name\":\"订阅号\",\"display_order\":\"10\",\"enabled_flag\":\"Y\"}','/TSP/app/sys/datadict/addDataDictItem','aizheng','','','','','','','','','',''),('4d31ff406ce540328d2dc431b0c6db3e','user','operation','2017-04-15 13:25:40','{\"node_code\":\"540300\",\"parent_node_code\":\"540000\",\"struct_code\":\"administrative_area\",\"node_name\":\"昌都市\",\"display_order\":\"540300\",\"enabled_flag\":\"Y\",\"description\":\"昌都市\"}','/TSP/app/sys/datastruct/addDataStructNode','aizheng','','','','','','','','','',''),('4d9b418ad7ff451390389f8a4b2ca73f','user','operation','2017-04-13 10:05:00','{\"node_code\":\"230400\",\"parent_node_code\":\"230000\",\"struct_code\":\"administrative_area\",\"node_name\":\"鹤岗市\",\"display_order\":\"230400\",\"enabled_flag\":\"Y\",\"description\":\"鹤岗市\"}','/TSP/app/sys/datastruct/addDataStructNode','aizheng','','','','','','','','','',''),('4e2faced9c414b15a34468248dea9fde','user','operation','2017-04-15 13:12:55','{\"node_code\":\"460200\",\"parent_node_code\":\"460000\",\"struct_code\":\"administrative_area\",\"node_name\":\"三亚市\",\"display_order\":\"460200\",\"enabled_flag\":\"Y\",\"description\":\"三亚市\"}','/TSP/app/sys/datastruct/addDataStructNode','aizheng','','','','','','','','','',''),('4e788865bdd14d0b83845b9c47e35713','user','operation','2017-04-01 23:03:33','2c08a801b74640d9a98a125dbb973410','/ADF/app/sys/role/saveRoleMenuAuth','aizheng','','','','','','','','','',''),('4e7a52c4d8ae4e0fb9aeafda8fbb0e71','user','operation','2017-04-13 10:06:43','{\"node_code\":\"232700\",\"parent_node_code\":\"230000\",\"struct_code\":\"administrative_area\",\"node_name\":\"大兴安岭地区\",\"display_order\":\"232700\",\"enabled_flag\":\"Y\",\"description\":\"大兴安岭地区\"}','/TSP/app/sys/datastruct/addDataStructNode','aizheng','','','','','','','','','',''),('4eac4cf26c454a12bcc06126c3e9cd59','user','operation','2017-04-29 22:37:32','{\"auth_id\":null,\"member_type\":\"diamond\",\"member_auth_type\":\"say_hello\",\"member_auth_name\":\"4.无限次与陌生人打招呼机会\",\"member_auth_value\":\"0\",\"create_date\":null,\"created_by\":\"2282a5af0e1f403297948eca95877a03\",\"last_update_date\":null,\"last_updated_by\":\"2282a5af0e1f403297948eca95877a03\",\"attribute1\":null,\"attribute2\":null,\"attribute3\":null,\"attribute4\":null,\"attribute5\":null,\"attribute6\":null,\"attribute7\":null,\"attribute8\":null,\"attribute9\":null,\"attribute10\":null}','/TSP/app/mbr/auth/addMemberAuth','aizheng','','','','','','','','','',''),('4ecc1190edc84946a3d00ed0e7a57d7e','user','operation','2017-04-01 22:57:02','[{\"attribute_code\":\"font_icon_code\",\"attribute_name\":\"字体图标\",\"attribute_text\":\"\",\"attribute_value\":\"fa-building\",\"ddt_code\":\"\",\"ds_code\":\"\",\"element_type\":\"lov\",\"lov_code\":\"lov_font_icon\",\"node_code\":\"M0105\",\"struct_code\":\"menu_resource\"},{\"attribute_code\":\"function_code\",\"attribute_name\":\"功能\",\"attribute_text\":\"\",\"attribute_value\":\"sys_flex_field\",\"ddt_code\":\"\",\"ds_code\":\"\",\"element_type\":\"lov\",\"lov_code\":\"lov_function\",\"node_code\":\"M0105\",\"struct_code\":\"menu_resource\"}]','/ADF/app/sys/datastruct/saveDataStructNodeAttributes','aizheng','','','','','','','','','',''),('4f8d1d60a27543d2a4d3dff1ea760e58','user','operation','2017-04-13 06:01:51','{\"node_code\":\"330000\",\"parent_node_code\":\"CN\",\"struct_code\":\"administrative_area\",\"node_name\":\"浙江省\",\"display_order\":\"330000\",\"enabled_flag\":\"Y\",\"description\":\"浙江省\"}','/TSP/app/sys/datastruct/addDataStructNode','aizheng','','','','','','','','','',''),('4fddc06e9dbc4fe3b7b5f00fba63d8c2','user','operation','2017-04-29 06:11:20','{\"item_code\":\"12\",\"type_code\":\"member_duration\",\"item_name\":\"12个月\",\"display_order\":\"40\",\"enabled_flag\":\"Y\"}','/TSP/app/sys/datadict/addDataDictItem','aizheng','','','','','','','','','',''),('5011ba2a01f342b1beff644553bf7209','user','operation','2017-04-29 07:23:04','{\"item_code\":\"90\",\"type_code\":\"tenant_label\",\"item_name\":\"工程师\",\"display_order\":\"90\",\"enabled_flag\":\"Y\"}','/TSP/app/sys/datadict/addDataDictItem','aizheng','','','','','','','','','',''),('502141804b644fb2b06cc4967e0cb2c1','user','operation','2017-04-12 21:09:04','{\"operation_code\":\"oe_operating_entity_setStatus\",\"function_code\":\"oe_operating_entity\",\"operation_name\":\"状态\",\"description\":\"状态\"}','/TSP/app/sys/function/addOperation','aizheng','','','','','','','','','',''),('505050333fc34a40b978de23c77d9b4f','user','operation','2017-04-04 16:06:45','{\"node_code\":\"M\",\"parent_node_code\":\"M\",\"struct_code\":\"menu_resource\",\"node_name\":\"租户管理\",\"display_order\":\"30\",\"enabled_flag\":\"Y\",\"description\":\"租户管理\"}','/TSP/app/sys/datastruct/addDataStructNode','aizheng','','','','','','','','','',''),('508e43224c064346b90a18a7af0eff91','user','operation','2017-04-25 09:06:54','{\"entity_id\":\"8c3d572f0a124ade8b2330e943989bc0\",\"entity_name\":\"123\",\"operator\":\"fdsafdsa\",\"email\":\"123@123.com\",\"mobilephone\":\"12344444444\",\"start_date\":\"2017-04-25\",\"end_date\":\"2018-04-24\",\"status\":\"valid\",\"description\":\"fdsafds\",\"create_date\":\"2017-04-25 09:06:34\",\"created_by\":\"2282a5af0e1f403297948eca95877a03\",\"last_update_date\":null,\"last_updated_by\":\"2282a5af0e1f403297948eca95877a03\",\"attribute1\":\"\",\"attribute2\":\"\",\"attribute3\":\"\",\"attribute4\":\"\",\"attribute5\":\"\",\"attribute6\":\"\",\"attribute7\":\"\",\"attribute8\":\"\",\"attribute9\":\"\",\"attribute10\":\"\"}','/TSP/app/oe/OperatingEntity/editOperatingEntity','aizheng','','','','','','','','','',''),('50b01356a15e4b4bb571e13d3db593d7','user','operation','2017-04-13 09:22:23','{\"node_code\":\"211200\",\"parent_node_code\":\"210000\",\"struct_code\":\"administrative_area\",\"node_name\":\"铁岭市\",\"display_order\":\"211200\",\"enabled_flag\":\"Y\",\"description\":\"铁岭市\"}','/TSP/app/sys/datastruct/addDataStructNode','aizheng','','','','','','','','','',''),('50d48390f0b74431a20f6cfceacd9d82','user','operation','2017-04-29 07:14:27','{\"item_code\":\"120\",\"type_code\":\"rent_scope\",\"item_name\":\"旅游\",\"display_order\":\"120\",\"enabled_flag\":\"Y\"}','/TSP/app/sys/datadict/addDataDictItem','aizheng','','','','','','','','','',''),('50f56421eec94219added2bf63fbda68','user','operation','2017-03-28 07:16:25','{\"operation_code\":\"test1\",\"function_code\":\"test\",\"operation_name\":\"test1\",\"description\":\"\"}','/ADF/app/sys/function/addOperation','aizheng','','','','','','','','','',''),('5118b630ef53487c9ffda2e20b2d4ed2','user','operation','2017-03-25 09:09:19','34d68f3512ba4768ba3214e7736bb225','/ADF/app/sys/role/saveRoleMenuAuth','aizheng','','','','','','','','','',''),('511ef129a7c142be8c89d9a2b9dec671','user','login','2017-04-01 02:55:01','aizheng/IE7XqvCjxbDlYtWOX2Pf/h/yguxKLnO0LIivbD4j/RbCVvlaCN9oc4d1rGMQwWF9GV4jvfrZ8q5qlyTqlVM3jQ==','/TSP/login_validate','aizheng','','','','','','','','','',''),('51612e2634e54c3299e2e3eb0a5ef321','user','operation','2017-04-15 13:28:25','{\"node_code\":\"610400\",\"parent_node_code\":\"610000\",\"struct_code\":\"administrative_area\",\"node_name\":\"咸阳市\",\"display_order\":\"610400\",\"enabled_flag\":\"Y\",\"description\":\"咸阳市\"}','/TSP/app/sys/datastruct/addDataStructNode','aizheng','','','','','','','','','',''),('5184b94265084a9eb4065cd374e94ae6','user','operation','2017-04-28 16:42:08','[{\"attribute_code\":\"font_icon_code\",\"attribute_name\":\"字体图标\",\"attribute_text\":\"\",\"attribute_value\":\"fa-asterisk\",\"ddt_code\":\"\",\"ds_code\":\"\",\"element_type\":\"lov\",\"lov_code\":\"lov_font_icon\",\"node_code\":\"M0204\",\"struct_code\":\"menu_resource\"},{\"attribute_code\":\"function_code\",\"attribute_name\":\"功能\",\"attribute_text\":\"\",\"attribute_value\":\"\",\"ddt_code\":\"\",\"ds_code\":\"\",\"element_type\":\"lov\",\"lov_code\":\"lov_function\",\"node_code\":\"M0204\",\"struct_code\":\"menu_resource\"}]','/TSP/app/sys/datastruct/saveDataStructNodeAttributes','aizheng','','','','','','','','','',''),('51863674e237418c880e7168cde355c1','user','operation','2017-04-29 07:24:43','{\"item_code\":\"140\",\"type_code\":\"tenant_label\",\"item_name\":\"外貌协会\",\"display_order\":\"140\",\"enabled_flag\":\"Y\"}','/TSP/app/sys/datadict/addDataDictItem','aizheng','','','','','','','','','',''),('519eeb11a7864c58a04cd2c6c05e5398','user','operation','2017-04-29 07:22:57','{\"item_code\":\"80\",\"type_code\":\"tenant_label\",\"item_name\":\"设计师\",\"display_order\":\"80\",\"enabled_flag\":\"Y\"}','/TSP/app/sys/datadict/editDataDictItem','aizheng','','','','','','','','','',''),('521063e62b504a16b3b86e6c728f0cdf','user','operation','2017-04-13 21:50:46','{\"node_code\":\"420800\",\"parent_node_code\":\"420000\",\"struct_code\":\"administrative_area\",\"node_name\":\"荆门市\",\"display_order\":\"420800\",\"enabled_flag\":\"Y\",\"description\":\"荆门市\"}','/TSP/app/sys/datastruct/addDataStructNode','aizheng','','','','','','','','','',''),('5212d58365b9499bb10a31902ede9947','user','operation','2017-04-15 13:13:18','{\"node_code\":\"460400\",\"parent_node_code\":\"460000\",\"struct_code\":\"administrative_area\",\"node_name\":\"儋州市\",\"display_order\":\"460400\",\"enabled_flag\":\"Y\",\"description\":\"儋州市\"}','/TSP/app/sys/datastruct/addDataStructNode','aizheng','','','','','','','','','',''),('52a45eb9a0d8445fac49858d4c26d9e6','system','exception','2017-04-25 08:59:30','{\"className\":\"net.sf.json.util.PropertySetStrategy$DefaultPropertySetStrategy\",\"lineNumber\":\"69\",\"message\":\"java.lang.NoSuchMethodException: Unknown property \'wx_public_no_type\' on class \'class org.adf.application.common.mybatis.entity.OeOperatingEntity\'\",\"methodName\":\"_setProperty\"}','','','','','','','','','','','',''),('52b9c00e04d941a6a961b6f2e9ac6c49','user','operation','2017-04-13 10:15:36','{\"node_code\":\"341300\",\"parent_node_code\":\"340000\",\"struct_code\":\"administrative_area\",\"node_name\":\"宿州市\",\"display_order\":\"341300\",\"enabled_flag\":\"Y\",\"description\":\"宿州市\"}','/TSP/app/sys/datastruct/addDataStructNode','aizheng','','','','','','','','','',''),('52cc3e11fa3b4899bbe4cdfb9e252cf4','user','operation','2017-04-13 06:07:40','{\"node_code\":\"820000\",\"parent_node_code\":\"CN\",\"struct_code\":\"administrative_area\",\"node_name\":\"澳门特别行政区\",\"display_order\":\"820000\",\"enabled_flag\":\"Y\",\"description\":\"澳门特别行政区\"}','/TSP/app/sys/datastruct/addDataStructNode','aizheng','','','','','','','','','',''),('531559c635f94ffba46bda5f5bdc4c34','user','operation','2017-03-27 15:28:17','[{\"ddt_code\":\"\",\"ddt_text\":\"\",\"description\":\"菜单结构编码\",\"display_order\":\"10\",\"ds_code\":\"\",\"ds_text\":\"\",\"element_type\":\"lov\",\"element_type_name\":\"值列表\",\"lov_code\":\"lov_data_struct\",\"lov_text\":\"数据结构值列表\",\"parameter_code\":\"menu_struct_code\",\"parameter_name\":\"菜单结构编码\",\"parameter_type\":\"system_setup\",\"parameter_value\":\"\"},{\"ddt_code\":\"\",\"ddt_text\":\"\",\"description\":\"\",\"display_order\":\"20\",\"ds_code\":\"\",\"ds_text\":\"\",\"element_type\":\"date\",\"element_type_name\":\"日期控件\",\"lov_code\":\"\",\"lov_text\":\"\",\"parameter_code\":\"date\",\"parameter_name\":\"日期\",\"parameter_type\":\"system_setup\",\"parameter_value\":\"2017-03-14 00:00:00\"},{\"ddt_code\":\"\",\"ddt_text\":\"\",\"description\":\"\",\"display_order\":\"30\",\"ds_code\":\"\",\"ds_text\":\"\",\"element_type\":\"time\",\"element_type_name\":\"时间控件\",\"lov_code\":\"\",\"lov_text\":\"\",\"parameter_code\":\"time\",\"parameter_name\":\"时间\",\"parameter_type\":\"system_setup\",\"parameter_value\":\"2017-03-27 14:30:51\"},{\"ddt_code\":\"\",\"ddt_text\":\"\",\"description\":\"\",\"display_order\":\"40\",\"ds_code\":\"\",\"ds_text\":\"\",\"element_type\":\"datetime\",\"element_type_name\":\"日期时间控件\",\"lov_code\":\"\",\"lov_text\":\"\",\"parameter_code\":\"datetime\",\"parameter_name\":\"日期时间\",\"parameter_type\":\"system_setup\",\"parameter_value\":\"2017-03-27 14:30:51\"}]','/ADF/app/sys/parameter/saveParameterConfig','aizheng','','','','','','','','','',''),('533b3cd37376444588301afd23755472','user','operation','2017-04-29 17:47:41','{\"service_id\":null,\"member_type\":\"diamond\",\"member_duration\":\"6\",\"member_price\":\"488\",\"service_name\":\"6个月488元\",\"service_name_ext\":\"优惠72%\",\"create_date\":null,\"created_by\":\"2282a5af0e1f403297948eca95877a03\",\"last_update_date\":null,\"last_updated_by\":\"2282a5af0e1f403297948eca95877a03\",\"attribute1\":null,\"attribute2\":null,\"attribute3\":null,\"attribute4\":null,\"attribute5\":null,\"attribute6\":null,\"attribute7\":null,\"attribute8\":null,\"attribute9\":null,\"attribute10\":null}','/TSP/app/mbr/service/addMemberService','aizheng','','','','','','','','','',''),('534a2b4150de460bad57324bf0f384e8','user','operation','2017-05-01 00:54:43','{\"column_code\":\"register_date_from\",\"search_code\":\"TenantMgr\",\"column_name\":\"注册日期从\",\"column_sql\":\"tt.register_date\",\"operation_symbol\":\"greater_equal\",\"element_type\":\"date\",\"ddt_code\":\"\",\"lov_code\":\"\",\"ds_code\":\"\",\"display_order\":\"70\",\"description\":\"\"}','/TSP/app/sys/search/addSearchColumn','aizheng','','','','','','','','','',''),('537ba63649ea46329f1583eb0ba6dc7d','user','operation','2017-04-13 10:15:05','{\"node_code\":\"341000\",\"parent_node_code\":\"340000\",\"struct_code\":\"administrative_area\",\"node_name\":\"黄山市\",\"display_order\":\"341000\",\"enabled_flag\":\"Y\",\"description\":\"黄山市\"}','/TSP/app/sys/datastruct/addDataStructNode','aizheng','','','','','','','','','',''),('537e292779134c5a8c525297f9ff80d8','user','operation','2017-04-28 16:44:05','[{\"attribute_code\":\"test\",\"attribute_name\":\"test\",\"attribute_text\":\"\",\"attribute_value\":\"feww\",\"ddt_code\":\"\",\"ds_code\":\"\",\"element_type\":\"text\",\"lov_code\":\"\",\"node_code\":\"M02\",\"struct_code\":\"menu\"}]','/TSP/app/sys/datastruct/saveDataStructNodeAttributes','aizheng','','','','','','','','','',''),('5389c7f73f9f485b81f57829782738a5','user','operation','2017-03-28 06:54:23','{\"parameter_code\":\"time\",\"parameter_name\":\"time\",\"parameter_type\":\"test\",\"element_type\":\"time\",\"ddt_code\":\"\",\"lov_code\":\"\",\"ds_code\":\"\",\"display_order\":\"20\",\"description\":\"\"}','/ADF/app/sys/parameter/addParameterDefine','aizheng','','','','','','','','','',''),('53b650012b2c459a9371ec16450679de','user','operation','2017-04-13 06:04:18','{\"node_code\":\"450000\",\"parent_node_code\":\"CN\",\"struct_code\":\"administrative_area\",\"node_name\":\"广西省\",\"display_order\":\"450000\",\"enabled_flag\":\"Y\",\"description\":\"广西省\"}','/TSP/app/sys/datastruct/addDataStructNode','aizheng','','','','','','','','','',''),('5401087af53741aab5a1da853e5eae97','user','operation','2017-04-13 10:10:16','{\"node_code\":\"321000\",\"parent_node_code\":\"320000\",\"struct_code\":\"administrative_area\",\"node_name\":\"扬州市\",\"display_order\":\"321000\",\"enabled_flag\":\"Y\",\"description\":\"扬州市\"}','/TSP/app/sys/datastruct/addDataStructNode','aizheng','','','','','','','','','',''),('54489ae48e714b8d838d1ec38d14df7d','user','operation','2017-04-15 13:43:04','{\"node_code\":\"659000\",\"parent_node_code\":\"650000\",\"struct_code\":\"administrative_area\",\"node_name\":\"自治区直辖县级行政区划\",\"display_order\":\"659000\",\"enabled_flag\":\"Y\",\"description\":\"自治区直辖县级行政区划\"}','/TSP/app/sys/datastruct/addDataStructNode','aizheng','','','','','','','','','',''),('54582deb165b4aa2a6800999bafdcc76','user','operation','2017-04-15 13:40:21','{\"node_code\":\"652300\",\"parent_node_code\":\"650000\",\"struct_code\":\"administrative_area\",\"node_name\":\"昌吉回族自治州\",\"display_order\":\"652300\",\"enabled_flag\":\"Y\",\"description\":\"昌吉回族自治州\"}','/TSP/app/sys/datastruct/addDataStructNode','aizheng','','','','','','','','','',''),('54d56e78736743b49752d5011dca706b','user','operation','2017-04-13 09:22:47','{\"node_code\":\"211400\",\"parent_node_code\":\"210000\",\"struct_code\":\"administrative_area\",\"node_name\":\"葫芦岛市\",\"display_order\":\"211400\",\"enabled_flag\":\"Y\",\"description\":\"葫芦岛市\"}','/TSP/app/sys/datastruct/addDataStructNode','aizheng','','','','','','','','','',''),('551568f3aaf64e54accf0984a83a0ebe','user','operation','2017-04-29 07:21:23','{\"item_code\":\"40\",\"type_code\":\"tenant_label\",\"item_name\":\"主播\",\"display_order\":\"40\",\"enabled_flag\":\"Y\"}','/TSP/app/sys/datadict/addDataDictItem','aizheng','','','','','','','','','',''),('5572ce62bac04175be1d546e7dcf3e25','user','operation','2017-04-13 06:09:21','{\"node_code\":\"370500\",\"parent_node_code\":\"370000\",\"struct_code\":\"administrative_area\",\"node_name\":\"东营市\",\"display_order\":\"370500\",\"enabled_flag\":\"Y\",\"description\":\"东营市\"}','/TSP/app/sys/datastruct/addDataStructNode','aizheng','','','','','','','','','',''),('558aea46b1704a818f03daa815e4dd66','user','operation','2017-04-28 11:21:54','{\"type_code\":\"member_auth\",\"type_name\":\"会员权限\",\"description\":\"会员权限\"}','/TSP/app/sys/datadict/addDataDictType','aizheng','','','','','','','','','',''),('55e14b5c88924191866528f8579b1731','user','operation','2017-03-27 14:25:21','{\"parameter_code\":\"datetime\",\"parameter_name\":\"日期时间\",\"parameter_type\":\"test\",\"element_type\":\"datetime\",\"ddt_code\":\"\",\"lov_code\":\"\",\"ds_code\":\"\",\"display_order\":\"10\",\"description\":\"\"}','/ADF/app/sys/parameter/addParameterDefine','aizheng','','','','','','','','','',''),('56185e9d10514c3497378f68567b2c61','user','operation','2017-04-27 14:17:46','{\"role_id\":null,\"role_name\":\"TimeSharePlatform\",\"description\":\"时间分享平台\"}','/TSP/app/sys/role/addRole','aizheng','','','','','','','','','',''),('5676223c80d54d709de309d5c05ddff1','system','exception','2017-04-28 16:06:54','{\"className\":\"org.springframework.jdbc.support.SQLErrorCodeSQLExceptionTranslator\",\"lineNumber\":\"241\",\"message\":\"\\r\\n### Error updating database.  Cause: com.mysql.jdbc.exceptions.jdbc4.MySQLIntegrityConstraintViolationException: Duplicate entry \'2c08a801b74640d9a98a125dbb973410-menu_resource-menu_struct\' for key \'PRIMARY\'\\r\\n### The error may involve org.adf.application.common.mybatis.mapper.SysRoleResource.insertSysRoleResource-Inline\\r\\n### The error occurred while setting parameters\\r\\n### SQL: insert into sys_role_resource        (role_id        ,resource_id        ,resource_type)         values        (?        ,?        ,?)\\r\\n### Cause: com.mysql.jdbc.exceptions.jdbc4.MySQLIntegrityConstraintViolationException: Duplicate entry \'2c08a801b74640d9a98a125dbb973410-menu_resource-menu_struct\' for key \'PRIMARY\'\\n; SQL []; Duplicate entry \'2c08a801b74640d9a98a125dbb973410-menu_resource-menu_struct\' for key \'PRIMARY\'; nested exception is com.mysql.jdbc.exceptions.jdbc4.MySQLIntegrityConstraintViolationException: Duplicate entry \'2c08a801b74640d9a98a125dbb973410-menu_resource-menu_struct\' for key \'PRIMARY\'\",\"methodName\":\"doTranslate\"}','','','','','','','','','','','',''),('568aed3cba154137963490131b9b0b31','user','operation','2017-04-13 10:13:47','{\"node_code\":\"340200\",\"parent_node_code\":\"340000\",\"struct_code\":\"administrative_area\",\"node_name\":\"芜湖市\",\"display_order\":\"340200\",\"enabled_flag\":\"Y\",\"description\":\"芜湖市\"}','/TSP/app/sys/datastruct/addDataStructNode','aizheng','','','','','','','','','',''),('5694f1757f804dccb7c9adcd5ddbfcdc','user','operation','2017-04-13 21:58:16','{\"node_code\":\"441600\",\"parent_node_code\":\"440000\",\"struct_code\":\"administrative_area\",\"node_name\":\"河源市\",\"display_order\":\"441600\",\"enabled_flag\":\"Y\",\"description\":\"河源市\"}','/TSP/app/sys/datastruct/addDataStructNode','aizheng','','','','','','','','','',''),('5716a9ad103e41eebc0f2aea65157428','user','operation','2017-04-13 21:56:11','{\"node_code\":\"440300\",\"parent_node_code\":\"440000\",\"struct_code\":\"administrative_area\",\"node_name\":\"深圳市\",\"display_order\":\"440300\",\"enabled_flag\":\"Y\",\"description\":\"深圳市\"}','/TSP/app/sys/datastruct/addDataStructNode','aizheng','','','','','','','','','',''),('57185d9366a44e66a60d74479cf58a90','user','operation','2017-05-01 01:26:52','367bd463597b4a2ab23a808088adb750;valid','/TSP/app/tnt/updateTenantStatus','aizheng','','','','','','','','','',''),('572ac9d300ba4ca19c1fb72045f175bb','user','operation','2017-04-13 21:46:21','{\"node_code\":\"410600\",\"parent_node_code\":\"410000\",\"struct_code\":\"administrative_area\",\"node_name\":\"鹤壁市\",\"display_order\":\"410600\",\"enabled_flag\":\"Y\",\"description\":\"鹤壁市\"}','/TSP/app/sys/datastruct/addDataStructNode','aizheng','','','','','','','','','',''),('574272b92dd948508f729e1942b180ec','user','operation','2017-04-13 05:59:27','{\"node_code\":\"130000\",\"parent_node_code\":\"CN\",\"struct_code\":\"administrative_area\",\"node_name\":\"河北省\",\"display_order\":\"130000\",\"enabled_flag\":\"Y\",\"description\":\"河北省\"}','/TSP/app/sys/datastruct/addDataStructNode','aizheng','','','','','','','','','',''),('5751c00dd6e74d4798170246ee6ec726','user','operation','2017-04-28 11:07:37','[{\"attribute_code\":\"member_price\",\"attribute_name\":\"会员价格\",\"attribute_text\":\"\",\"attribute_value\":\"299\",\"ddt_code\":\"\",\"ds_code\":\"\",\"element_type\":\"text\",\"item_code\":\"six\",\"lov_code\":\"\",\"type_code\":\"member_duration\"}]','/TSP/app/sys/datadict/saveDataDictItemAttributes','aizheng','','','','','','','','','',''),('57d436c7bece4995acd0377e45623fca','user','operation','2017-04-27 14:01:20','{\"lov_code\":\"lov_operating_entity\",\"lov_name\":\"运营实体值列表\",\"view_name\":\"lov_operating_entity_v\",\"dynamic_condition\":\"WHERE v.entity_id IN \\n  (SELECT \\n    srr.resource_id\\n  FROM\\n    sys_role_resource srr,\\n    sys_user su \\n  WHERE srr.resource_type = \'operating_entity\' \\n    AND su.user_id = ${userId}\\n    AND srr.role_id = su.default_role_id)\",\"description\":\"运营实体值列表\"}','/TSP/app/sys/lov/saveLovInfo','aizheng','','','','','','','','','',''),('57dc4d21888746ba9284825d2632d8ce','user','login','2017-03-24 10:41:44','aizheng/aQf3yqBh8Qq3cqlq/WhJrK+sSe/w/wnD32+XPMRoGNBOa7PaozEg346DmRIeeIwPtir9Xjdmjici64XcwRPpAA==','/ADF/login_validate','aizheng','','','','','','','','','',''),('580906c2d61f4e5487ff8d64bf70b9e3','user','operation','2017-05-01 00:25:01','[{\"attribute_code\":\"font_icon_code\",\"attribute_name\":\"字体图标\",\"attribute_text\":\"\",\"attribute_value\":\"\",\"ddt_code\":\"\",\"ds_code\":\"\",\"element_type\":\"lov\",\"lov_code\":\"lov_font_icon\",\"node_code\":\"M0401\",\"struct_code\":\"menu_resource\"},{\"attribute_code\":\"function_code\",\"attribute_name\":\"功能\",\"attribute_text\":\"\",\"attribute_value\":\"tnt_tenant\",\"ddt_code\":\"\",\"ds_code\":\"\",\"element_type\":\"lov\",\"lov_code\":\"lov_function\",\"node_code\":\"M0401\",\"struct_code\":\"menu_resource\"}]','/TSP/app/sys/datastruct/saveDataStructNodeAttributes','aizheng','','','','','','','','','',''),('580b0fbd85414b77805d506afa8d5e43','user','operation','2017-04-28 16:44:00','[{\"attribute_code\":\"test\",\"attribute_name\":\"test\",\"attribute_text\":\"\",\"attribute_value\":\"fds\",\"ddt_code\":\"\",\"ds_code\":\"\",\"element_type\":\"text\",\"lov_code\":\"\",\"node_code\":\"M0101\",\"struct_code\":\"menu\"}]','/TSP/app/sys/datastruct/saveDataStructNodeAttributes','aizheng','','','','','','','','','',''),('582cdf93349444b7aa7183fbd7247afb','user','operation','2017-04-27 13:58:22','{\"lov_code\":\"lov_operating_entity\",\"lov_name\":\"运营实体值列表\",\"view_name\":\"lov_operating_entity_v\",\"dynamic_condition\":\"WHERE v.`entity_id` IN \\n  (SELECT \\n    srr.`resource_id` \\n  FROM\\n    sys_role_resource srr,\\n    sys_user su \\n  WHERE srr.`resource_type` = \'operating_entity\' \\n    AND su.`user_id` = \'2282a5af0e1f403297948eca95877a03\' \\n    AND srr.`role_id` = su.`default_role_id`)\",\"description\":\"运营实体值列表\"}','/TSP/app/sys/lov/saveLovInfo','aizheng','','','','','','','','','',''),('5854427937864844a85eb4c98d2a8b4b','user','operation','2017-04-13 21:44:08','{\"node_code\":\"360900\",\"parent_node_code\":\"360000\",\"struct_code\":\"administrative_area\",\"node_name\":\"宜春市\",\"display_order\":\"360900\",\"enabled_flag\":\"Y\",\"description\":\"宜春市\"}','/TSP/app/sys/datastruct/addDataStructNode','aizheng','','','','','','','','','',''),('58a7b60940d84591980b8ffd9ef1a42c','user','operation','2017-04-12 21:14:49','{\"item_code\":\"service\",\"type_code\":\"wx_public_no_type\",\"item_name\":\"服务号\",\"display_order\":\"20\",\"enabled_flag\":\"Y\"}','/TSP/app/sys/datadict/addDataDictItem','aizheng','','','','','','','','','',''),('58f2cc8400c442a38def6daf7a552d7a','user','operation','2017-04-28 16:43:19','{\"struct_code\":\"menu\",\"struct_name\":\"菜单\",\"node_code_rule\":\"auto\",\"rule_prefix\":\"M\",\"rule_length\":\"2\",\"description\":\"\"}','/TSP/app/sys/datastruct/addDataStructDefine','aizheng','','','','','','','','','',''),('5934ab31412c4764b9273b17e08bcee6','user','operation','2017-04-29 16:26:05','member_type;22','/TSP/app/sys/datadict/removeDataDictItem','aizheng','','','','','','','','','',''),('5936340f6dc14a509ce7e01206d9e635','user','operation','2017-04-28 16:45:24','menu','/TSP/app/sys/datastruct/removeDataStructDefine','aizheng','','','','','','','','','',''),('5948b98d81f540f6b550bed4421f544b','user','operation','2017-04-13 21:43:06','{\"node_code\":\"360400\",\"parent_node_code\":\"360000\",\"struct_code\":\"administrative_area\",\"node_name\":\"九江市\",\"display_order\":\"360400\",\"enabled_flag\":\"Y\",\"description\":\"九江市\"}','/TSP/app/sys/datastruct/addDataStructNode','aizheng','','','','','','','','','',''),('596cc0da9ebd434dba62db012f260181','user','operation','2017-03-25 23:01:00','{\"operation_code\":\"sys_search_column_remove\",\"function_code\":\"sys_search\",\"operation_name\":\"搜索列-删除\",\"description\":\"搜索列-删除\"}','/ADF/app/sys/function/addOperation','aizheng','','','','','','','','','',''),('598673e276294a87a376545d0f85801f','user','logout','2017-03-26 04:16:48','aizheng','/ADF/logout','aizheng','','','','','','','','','',''),('5a09b6a9f1414a11b59021d22e0c4655','user','operation','2017-04-29 16:24:28','{\"item_code\":\"22\",\"type_code\":\"member_type\",\"item_name\":\"22\",\"display_order\":\"50\",\"enabled_flag\":\"Y\"}','/TSP/app/sys/datadict/addDataDictItem','aizheng','','','','','','','','','',''),('5a3994b65fea42b88a731ee3e113e4a0','user','login','2017-03-24 10:43:44','aizheng/hc//aporKSouzC7ctfFUog02hOmpXOoRhgZj3L318eLhSQAXjCVCs4fcNJiZaN2k9zMErvfx+1tezUXuEMeyKA==','/ADF/login_validate','aizheng','','','','','','','','','',''),('5a3baac28ba545aabe6357ea4051a9c9','user','login','2017-04-27 13:13:26','aizheng/YgNgAW68PC6okleRAeZlFNFILEVvF+cPKuWKsmii0FPVQ0iVhJK/SLR8c+ywBrXPmfz3OWMVLOqi5HTv+SFVvA==','/TSP/login_validate','aizheng','','','','','','','','','',''),('5ae1fc1fa9bf480880a158fabe6255bb','user','operation','2017-03-27 15:27:45','{\"parameter_code\":\"time\",\"parameter_name\":\"时间\",\"parameter_type\":\"system_setup\",\"element_type\":\"time\",\"ddt_code\":\"\",\"lov_code\":\"\",\"ds_code\":\"\",\"display_order\":\"30\",\"description\":\"\"}','/ADF/app/sys/parameter/addParameterDefine','aizheng','','','','','','','','','',''),('5af55f79e4974b268f8eb3e94c09c41f','user','operation','2017-04-29 16:22:27','[{\"attribute_code\":\"font_icon_code\",\"attribute_name\":\"字体图标\",\"attribute_text\":\"\",\"attribute_value\":\"\",\"ddt_code\":\"\",\"ds_code\":\"\",\"element_type\":\"lov\",\"lov_code\":\"lov_font_icon\",\"node_code\":\"M0302\",\"struct_code\":\"menu_resource\"},{\"attribute_code\":\"function_code\",\"attribute_name\":\"功能\",\"attribute_text\":\"\",\"attribute_value\":\"mbr_member_auth\",\"ddt_code\":\"\",\"ds_code\":\"\",\"element_type\":\"lov\",\"lov_code\":\"lov_function\",\"node_code\":\"M0302\",\"struct_code\":\"menu_resource\"}]','/TSP/app/sys/datastruct/saveDataStructNodeAttributes','aizheng','','','','','','','','','',''),('5b616fca747b449eb6b001afe901d884','user','operation','2017-05-01 22:54:16','{\"function_code\":\"mbr_member\",\"function_name\":\"会员管理\",\"function_url\":\"/app/mbr/member/MemberMgr\",\"description\":\"会员管理\"}','/TSP/app/sys/function/addFunction','aizheng','','','','','','','','','',''),('5b797050ad93495db21401d3d743722f','user','operation','2017-04-13 06:05:33','{\"node_code\":\"530000\",\"parent_node_code\":\"CN\",\"struct_code\":\"administrative_area\",\"node_name\":\"云南省\",\"display_order\":\"530000\",\"enabled_flag\":\"Y\",\"description\":\"云南省\"}','/TSP/app/sys/datastruct/addDataStructNode','aizheng','','','','','','','','','',''),('5b915d417f474f1ea25a2ca9bf6d6c49','user','operation','2017-05-01 00:53:17','{\"column_code\":\"weixin\",\"search_code\":\"TenantMgr\",\"column_name\":\"微信号\",\"column_sql\":\"tt.weixin\",\"operation_symbol\":\"include\",\"element_type\":\"text\",\"ddt_code\":\"\",\"lov_code\":\"\",\"ds_code\":\"\",\"display_order\":\"50\",\"description\":\"\"}','/TSP/app/sys/search/addSearchColumn','aizheng','','','','','','','','','',''),('5ba98117a47347deb618b661ccea630d','user','operation','2017-04-15 13:28:50','{\"node_code\":\"610600\",\"parent_node_code\":\"610000\",\"struct_code\":\"administrative_area\",\"node_name\":\"延安市\",\"display_order\":\"610600\",\"enabled_flag\":\"Y\",\"description\":\"延安市\"}','/TSP/app/sys/datastruct/addDataStructNode','aizheng','','','','','','','','','',''),('5baff00efec3415e980c91dbeeda3311','user','operation','2017-04-13 21:51:43','{\"node_code\":\"421200\",\"parent_node_code\":\"420000\",\"struct_code\":\"administrative_area\",\"node_name\":\"咸宁市\",\"display_order\":\"421200\",\"enabled_flag\":\"Y\",\"description\":\"咸宁市\"}','/TSP/app/sys/datastruct/addDataStructNode','aizheng','','','','','','','','','',''),('5bd931db43ad4090a2a67f6dcdf6f794','user','operation','2017-04-13 06:09:08','{\"node_code\":\"370400\",\"parent_node_code\":\"370000\",\"struct_code\":\"administrative_area\",\"node_name\":\"枣庄市\",\"display_order\":\"370400\",\"enabled_flag\":\"Y\",\"description\":\"枣庄市\"}','/TSP/app/sys/datastruct/addDataStructNode','aizheng','','','','','','','','','',''),('5c3f730461eb44ce9e613d6a6e1d13f1','user','operation','2017-04-29 06:26:56','menu_resource;M0206','/TSP/app/sys/datastruct/removeDataStructNode','aizheng','','','','','','','','','',''),('5c3fa92d1d1142f7b7036a42a0b28e71','user','operation','2017-03-25 07:32:09','[{\"attribute_code\":\"font_icon_code\",\"attribute_name\":\"字体图标\",\"attribute_text\":\"\",\"attribute_value\":\"fa-search\",\"ddt_code\":\"\",\"ds_code\":\"\",\"element_type\":\"lov\",\"lov_code\":\"lov_font_icon\",\"node_code\":\"M0114\",\"struct_code\":\"menu_resource\"},{\"attribute_code\":\"function_code\",\"attribute_name\":\"功能\",\"attribute_text\":\"\",\"attribute_value\":\"sys_search\",\"ddt_code\":\"\",\"ds_code\":\"\",\"element_type\":\"lov\",\"lov_code\":\"lov_function\",\"node_code\":\"M0114\",\"struct_code\":\"menu_resource\"}]','/ADF/app/sys/datastruct/saveDataStructNodeAttributes','aizheng','','','','','','','','','',''),('5c473ef32a084a6396e599757cb38fcb','user','operation','2017-04-13 08:09:04','{\"node_code\":\"150200\",\"parent_node_code\":\"150000\",\"struct_code\":\"administrative_area\",\"node_name\":\"包头市\",\"display_order\":\"150200\",\"enabled_flag\":\"Y\",\"description\":\"包头市\"}','/TSP/app/sys/datastruct/addDataStructNode','aizheng','','','','','','','','','',''),('5ce17661bff74bbdbd60b88e0b829975','user','login','2017-04-29 11:20:16','aizheng/ZeoDG4cbpNagyQCAhkmObE8lDda7bgj5m/EwLwskAqBU1fwvybe5SwSk0YSEV6UkG7P+6oNplYWQoOOTO6keDQ==','/TSP/login_validate','aizheng','','','','','','','','','',''),('5cff600e8f0e4c13bf6702106af815aa','user','operation','2017-04-13 21:43:31','{\"node_code\":\"360600\",\"parent_node_code\":\"360000\",\"struct_code\":\"administrative_area\",\"node_name\":\"鹰潭市\",\"display_order\":\"360600\",\"enabled_flag\":\"Y\",\"description\":\"鹰潭市\"}','/TSP/app/sys/datastruct/addDataStructNode','aizheng','','','','','','','','','',''),('5d816923ab124fc09a95192c6299e18d','user','operation','2017-04-28 11:13:04','{\"item_code\":\"one\",\"type_code\":\"member_service\",\"item_name\":\"1个月99元\",\"display_order\":\"10\",\"enabled_flag\":\"Y\"}','/TSP/app/sys/datadict/editDataDictItem','aizheng','','','','','','','','','',''),('5d8c31d07cb24c9097aa3a0a1701f7fc','user','login','2017-04-13 08:02:54','aizheng/cdCxfoxjIybvcKomzlMIV/pf4mM+SFHoi9YsAXwGbQ9BUdGBSxSP7GwGpjPS1nm7mpj4aB1UjE+eM+kDDakCrA==','/TSP/login_validate','aizheng','','','','','','','','','',''),('5d90e6ea367b401f8f787947c62f716c','user','operation','2017-04-28 15:10:02','{\"item_code\":\"platinum\",\"type_code\":\"member_type\",\"item_name\":\"白金会员\",\"display_order\":\"20\",\"enabled_flag\":\"Y\"}','/TSP/app/sys/datadict/editDataDictItem','aizheng','','','','','','','','','',''),('5e5e179a1ee7472ba180f7ea6cb8fb61','user','operation','2017-04-13 06:05:50','{\"node_code\":\"540000\",\"parent_node_code\":\"CN\",\"struct_code\":\"administrative_area\",\"node_name\":\"西藏自治区\",\"display_order\":\"540000\",\"enabled_flag\":\"Y\",\"description\":\"西藏自治区\"}','/TSP/app/sys/datastruct/addDataStructNode','aizheng','','','','','','','','','',''),('5e73dfa1a7134370b3335a8f356ec583','user','operation','2017-04-13 06:04:48','{\"node_code\":\"500000\",\"parent_node_code\":\"CN\",\"struct_code\":\"administrative_area\",\"node_name\":\"重庆市\",\"display_order\":\"500000\",\"enabled_flag\":\"Y\",\"description\":\"重庆市\"}','/TSP/app/sys/datastruct/addDataStructNode','aizheng','','','','','','','','','',''),('5e80955f76104634be102f30174a1cf2','user','operation','2017-05-01 17:15:46','{\"item_code\":\"authenticating\",\"type_code\":\"authentication_status\",\"item_name\":\"认证中\",\"display_order\":\"20\",\"enabled_flag\":\"Y\"}','/TSP/app/sys/datadict/addDataDictItem','aizheng','','','','','','','','','',''),('5eba2b3876a5475aa4525f4d09ca9726','user','operation','2017-04-15 13:22:06','{\"node_code\":\"530400\",\"parent_node_code\":\"530000\",\"struct_code\":\"administrative_area\",\"node_name\":\"玉溪市\",\"display_order\":\"530400\",\"enabled_flag\":\"Y\",\"description\":\"玉溪市\"}','/TSP/app/sys/datastruct/addDataStructNode','aizheng','','','','','','','','','',''),('5ec731e6770645c380937fcfda29a442','user','operation','2017-04-13 06:10:28','{\"node_code\":\"371000\",\"parent_node_code\":\"370000\",\"struct_code\":\"administrative_area\",\"node_name\":\"威海市\",\"display_order\":\"371000\",\"enabled_flag\":\"Y\",\"description\":\"威海市\"}','/TSP/app/sys/datastruct/addDataStructNode','aizheng','','','','','','','','','',''),('5eda8e098a3b4f15a4660a912c2780df','user','operation','2017-04-13 06:06:21','{\"node_code\":\"620000\",\"parent_node_code\":\"CN\",\"struct_code\":\"administrative_area\",\"node_name\":\"甘肃省\",\"display_order\":\"620000\",\"enabled_flag\":\"Y\",\"description\":\"甘肃省\"}','/TSP/app/sys/datastruct/addDataStructNode','aizheng','','','','','','','','','',''),('5f4d693838c646e79131b81366166b30','user','operation','2017-04-15 13:29:58','{\"node_code\":\"611000\",\"parent_node_code\":\"610000\",\"struct_code\":\"administrative_area\",\"node_name\":\"商洛市\",\"display_order\":\"611000\",\"enabled_flag\":\"Y\",\"description\":\"商洛市\"}','/TSP/app/sys/datastruct/addDataStructNode','aizheng','','','','','','','','','',''),('5fb175b8f5764ec0b3834e2d8bba7e73','user','operation','2017-05-01 02:22:17','img_server_url','/TSP/app/sys/parameter/removeParameterDefine','aizheng','','','','','','','','','',''),('5fcb71b240fd4f4aa72427147e681d1f','user','operation','2017-04-29 07:13:11','{\"item_code\":\"90\",\"type_code\":\"rent_scope\",\"item_name\":\"羽毛球\",\"display_order\":\"90\",\"enabled_flag\":\"Y\"}','/TSP/app/sys/datadict/addDataDictItem','aizheng','','','','','','','','','',''),('606205c7baec42b6b205bcfd824a07fa','user','operation','2017-04-15 13:19:13','{\"node_code\":\"513400\",\"parent_node_code\":\"510000\",\"struct_code\":\"administrative_area\",\"node_name\":\"凉山彝族自治州\",\"display_order\":\"513400\",\"enabled_flag\":\"Y\",\"description\":\"凉山彝族自治州\"}','/TSP/app/sys/datastruct/addDataStructNode','aizheng','','','','','','','','','',''),('60771435f9f14932aba6fe3c7c1d06f9','user','operation','2017-04-15 13:14:43','{\"node_code\":\"510600\",\"parent_node_code\":\"510000\",\"struct_code\":\"administrative_area\",\"node_name\":\"德阳市\",\"display_order\":\"510600\",\"enabled_flag\":\"Y\",\"description\":\"德阳市\"}','/TSP/app/sys/datastruct/addDataStructNode','aizheng','','','','','','','','','',''),('60e15176ad934b2bbc35e76b3195edb3','user','login','2017-05-01 00:57:00','aizheng/fOj02MGOgEh01LEZty3qaF0NAWrxcuJy8jOyHR+/p2YiszBR1M9rgi0Ic6D9fbtXlg+RBlRsWLlp1hlfZ1nj5w==','/TSP/login_validate','aizheng','','','','','','','','','',''),('615661664da74e9c96a8b48f398fcb29','user','operation','2017-04-29 07:31:22','{\"operation_code\":\"mbr_member_service_add\",\"function_code\":\"mbr_member_service\",\"operation_name\":\"新建\",\"description\":\"新建\"}','/TSP/app/sys/function/addOperation','aizheng','','','','','','','','','',''),('616ee1a77fba455ea258f9bbcf901e20','user','operation','2017-03-27 15:48:01','{\"type_code\":\"test\",\"type_name\":\"测试\",\"display_order\":\"20\",\"description\":\"\"}','/ADF/app/sys/parameter/addParameterType','aizheng','','','','','','','','','',''),('61b39a6f19d44f749f5f33db3a88b56d','user','operation','2017-03-27 15:53:05','{\"parameter_code\":\"time\",\"parameter_name\":\"时间\",\"parameter_type\":\"test\",\"element_type\":\"time\",\"ddt_code\":\"\",\"lov_code\":\"\",\"ds_code\":\"\",\"display_order\":\"20\",\"description\":\"\"}','/ADF/app/sys/parameter/addParameterDefine','aizheng','','','','','','','','','',''),('624030ac427c41efbedf0a107a7415f2','user','operation','2017-04-13 10:05:46','{\"node_code\":\"230800\",\"parent_node_code\":\"230000\",\"struct_code\":\"administrative_area\",\"node_name\":\"佳木斯市\",\"display_order\":\"230800\",\"enabled_flag\":\"Y\",\"description\":\"佳木斯市\"}','/TSP/app/sys/datastruct/addDataStructNode','aizheng','','','','','','','','','',''),('62534dca5ff64ba19caf82209ee6e5fe','user','operation','2017-04-13 21:54:21','{\"node_code\":\"430900\",\"parent_node_code\":\"430000\",\"struct_code\":\"administrative_area\",\"node_name\":\"益阳市\",\"display_order\":\"430900\",\"enabled_flag\":\"Y\",\"description\":\"益阳市\"}','/TSP/app/sys/datastruct/addDataStructNode','aizheng','','','','','','','','','',''),('626f0ec880f649d1a15cea38577a7bf7','user','operation','2017-04-28 11:33:04','[{\"attribute_code\":\"member_auth_value\",\"attribute_name\":\"会员权限\",\"attribute_text\":\"\",\"attribute_value\":\"0\",\"ddt_code\":\"\",\"ds_code\":\"\",\"element_type\":\"text\",\"item_code\":\"see_rent_out_time\",\"lov_code\":\"\",\"type_code\":\"member_auth\"}]','/TSP/app/sys/datadict/saveDataDictItemAttributes','aizheng','','','','','','','','','',''),('62bdc526d95c4e6596836b7d269a50a7','user','login','2017-04-23 18:06:12','aizheng/XjODEZoqogJGp4DA08SUx1HhCTKaTxeLRpCh5Pd9CSvpNwAkQRlYUIDCnBJlqBt/kv0o8400xJkPJbVkRtvSxQ==','/TSP/login_validate','aizheng','','','','','','','','','',''),('633b7323421b4547b4a9cba76007a0a2','user','operation','2017-04-28 16:43:42','{\"node_code\":\"M02\",\"parent_node_code\":\"M02\",\"struct_code\":\"menu\",\"node_name\":\"21\",\"display_order\":\"1\",\"enabled_flag\":\"Y\",\"description\":\"\"}','/TSP/app/sys/datastruct/addDataStructNode','aizheng','','','','','','','','','',''),('636992e03ae84d9399f00efd2cc50815','user','operation','2017-04-30 07:21:17','{\"type_code\":\"chines_zodiac\",\"type_name\":\"生肖\",\"description\":\"生肖\"}','/TSP/app/sys/datadict/addDataDictType','aizheng','','','','','','','','','',''),('6394cf02e6024d9eb12f72ce4eaa94a3','user','operation','2017-03-26 23:11:09','{\"column_code\":\"log_type\",\"search_code\":\"LogMgr\",\"column_name\":\"日志类型\",\"column_sql\":\"sl.log_type\",\"operation_symbol\":\"equal\",\"element_type\":\"select\",\"ddt_code\":\"log_type\",\"lov_code\":\"\",\"ds_code\":\"\",\"display_order\":\"40\",\"description\":\"日志类型\"}','/ADF/app/sys/search/editSearchColumn','aizheng','','','','','','','','','',''),('63b387c869344297a145a5ee8313c220','user','operation','2017-04-29 07:27:25','{\"item_code\":\"220\",\"type_code\":\"tenant_label\",\"item_name\":\"摄影\",\"display_order\":\"220\",\"enabled_flag\":\"Y\"}','/TSP/app/sys/datadict/addDataDictItem','aizheng','','','','','','','','','',''),('63d93da84c89443d8fc114be5efd4454','user','operation','2017-04-29 07:32:56','{\"operation_code\":\"mbr_member_auth_remove\",\"function_code\":\"mbr_member_auth\",\"operation_name\":\"删除\",\"description\":\"删除\"}','/TSP/app/sys/function/addOperation','aizheng','','','','','','','','','',''),('63e8b15c87fa48659e9c0bab846dfa6a','user','operation','2017-03-27 15:43:37','[{\"ddt_code\":\"\",\"ddt_text\":\"\",\"description\":\"菜单结构编码\",\"display_order\":\"10\",\"ds_code\":\"\",\"ds_text\":\"\",\"element_type\":\"lov\",\"element_type_name\":\"值列表\",\"lov_code\":\"lov_data_struct\",\"lov_text\":\"数据结构值列表\",\"parameter_code\":\"menu_struct_code\",\"parameter_name\":\"菜单结构编码\",\"parameter_type\":\"system_setup\",\"parameter_value\":\"\"},{\"ddt_code\":\"\",\"ddt_text\":\"\",\"description\":\"\",\"display_order\":\"20\",\"ds_code\":\"\",\"ds_text\":\"\",\"element_type\":\"date\",\"element_type_name\":\"日期控件\",\"lov_code\":\"\",\"lov_text\":\"\",\"parameter_code\":\"date\",\"parameter_name\":\"日期\",\"parameter_type\":\"system_setup\",\"parameter_value\":\"2017-03-08\"},{\"ddt_code\":\"\",\"ddt_text\":\"\",\"description\":\"\",\"display_order\":\"30\",\"ds_code\":\"\",\"ds_text\":\"\",\"element_type\":\"time\",\"element_type_name\":\"时间控件\",\"lov_code\":\"\",\"lov_text\":\"\",\"parameter_code\":\"time\",\"parameter_name\":\"时间\",\"parameter_type\":\"system_setup\",\"parameter_value\":\"14:30:51\"},{\"ddt_code\":\"\",\"ddt_text\":\"\",\"description\":\"\",\"display_order\":\"40\",\"ds_code\":\"\",\"ds_text\":\"\",\"element_type\":\"datetime\",\"element_type_name\":\"日期时间控件\",\"lov_code\":\"\",\"lov_text\":\"\",\"parameter_code\":\"datetime\",\"parameter_name\":\"日期时间\",\"parameter_type\":\"system_setup\",\"parameter_value\":\"2017-03-07 10:10:51\"}]','/ADF/app/sys/parameter/saveParameterConfig','aizheng','','','','','','','','','',''),('63fdca5eaa7249119cafa6dc674e6e71','user','operation','2017-04-13 21:47:23','{\"node_code\":\"411100\",\"parent_node_code\":\"410000\",\"struct_code\":\"administrative_area\",\"node_name\":\"漯河市\",\"display_order\":\"411100\",\"enabled_flag\":\"Y\",\"description\":\"漯河市\"}','/TSP/app/sys/datastruct/addDataStructNode','aizheng','','','','','','','','','',''),('655c2d3fb77d4b089e3c58899889dc70','user','operation','2017-04-13 09:19:24','{\"node_code\":\"152200\",\"parent_node_code\":\"150000\",\"struct_code\":\"administrative_area\",\"node_name\":\"兴安盟\",\"display_order\":\"152200\",\"enabled_flag\":\"Y\",\"description\":\"兴安盟\"}','/TSP/app/sys/datastruct/addDataStructNode','aizheng','','','','','','','','','',''),('658d5ca92adc4e139125f5326cca5fb8','user','operation','2017-04-12 21:09:57','{\"node_code\":\"M02\",\"parent_node_code\":\"M\",\"struct_code\":\"menu_resource\",\"node_name\":\"运营实体管理\",\"display_order\":\"20\",\"enabled_flag\":\"Y\",\"description\":\"运营实体管理\"}','/TSP/app/sys/datastruct/editDataStructNode','aizheng','','','','','','','','','',''),('659601e7cff74ac381e42de78b52468e','user','operation','2017-03-27 15:26:40','{\"parameter_code\":\"date\",\"parameter_name\":\"日期\",\"parameter_type\":\"system_setup\",\"element_type\":\"date\",\"ddt_code\":\"\",\"lov_code\":\"\",\"ds_code\":\"\",\"display_order\":\"20\",\"description\":\"\"}','/ADF/app/sys/parameter/addParameterDefine','aizheng','','','','','','','','','',''),('66054befbed84e63bcf4d78f5ca9d785','user','operation','2017-04-13 09:19:50','{\"node_code\":\"152900\",\"parent_node_code\":\"150000\",\"struct_code\":\"administrative_area\",\"node_name\":\"阿拉善盟\",\"display_order\":\"152900\",\"enabled_flag\":\"Y\",\"description\":\"阿拉善盟\"}','/TSP/app/sys/datastruct/addDataStructNode','aizheng','','','','','','','','','',''),('660ab21bb6e94a09aa7fb3559c29864e','user','login','2017-04-01 02:54:17','aizheng/Cvni2XJmzivGays+a0FRhelUD+h8daigufgyeGAUn775DxnEJF6hLIlpQ9mkrgpQ3j9HN6ygzqhy028AmHN47w==','/TSP/login_validate','aizheng','','','','','','','','','',''),('660b07a21799412e9cd36fb2f2cb2da4','user','operation','2017-04-04 15:39:05','c92ac60341854f39878629d8294b23a5','/TSP/app/sys/role/saveRoleMenuAuth','aizheng','','','','','','','','','',''),('66736d469f4c480c8b95f6065353b3d3','user','operation','2017-04-29 07:12:04','{\"item_code\":\"60\",\"type_code\":\"rent_scope\",\"item_name\":\"台球\",\"display_order\":\"60\",\"enabled_flag\":\"Y\"}','/TSP/app/sys/datadict/addDataDictItem','aizheng','','','','','','','','','',''),('667ce26d23374cea9acbc060f297e235','user','operation','2017-04-29 07:31:32','{\"operation_code\":\"mbr_member_service_edit\",\"function_code\":\"mbr_member_service\",\"operation_name\":\"编辑\",\"description\":\"编辑\"}','/TSP/app/sys/function/addOperation','aizheng','','','','','','','','','',''),('669b6e260c044c11ad2677ba9faa9877','user','operation','2017-04-28 11:03:40','{\"item_code\":\"super\",\"type_code\":\"member_type\",\"item_name\":\"超级会员\",\"display_order\":\"50\",\"enabled_flag\":\"Y\"}','/TSP/app/sys/datadict/addDataDictItem','aizheng','','','','','','','','','',''),('669d53245ecd404eb5c7677cb8ba861e','user','operation','2017-04-04 16:04:57','{\"node_code\":\"M0204\",\"parent_node_code\":\"M0204\",\"struct_code\":\"menu_resource\",\"node_name\":\"会员权限设置\",\"display_order\":\"30\",\"enabled_flag\":\"Y\",\"description\":\"会员权限设置\"}','/TSP/app/sys/datastruct/addDataStructNode','aizheng','','','','','','','','','',''),('66ac4e5108294450880ed50fa928509f','user','operation','2017-04-28 14:33:42','2c08a801b74640d9a98a125dbb973410','/TSP/app/sys/role/saveRoleMenuAuth','aizheng','','','','','','','','','',''),('66ba252b976c4010a29414f4376ad829','user','operation','2017-04-28 11:35:11','{\"item_code\":\"see_rent_out_time\",\"type_code\":\"member_auth\",\"item_name\":\"每天不限次数查看出租人出租次数\",\"display_order\":\"20\",\"enabled_flag\":\"Y\"}','/TSP/app/sys/datadict/editDataDictItem','aizheng','','','','','','','','','',''),('66fcb6cab0a14397b349117cf685a72d','user','operation','2017-04-29 07:10:18','{\"item_code\":\"30\",\"type_code\":\"rent_scope\",\"item_name\":\"看电影\",\"display_order\":\"30\",\"enabled_flag\":\"Y\"}','/TSP/app/sys/datadict/addDataDictItem','aizheng','','','','','','','','','',''),('67054b0068464f558dfb3463fc0941ec','system','exception','2017-04-29 16:45:34','{\"className\":\"org.springframework.jdbc.support.SQLExceptionSubclassTranslator\",\"lineNumber\":\"86\",\"message\":\"\\r\\n### Error updating database.  Cause: com.mysql.jdbc.exceptions.jdbc4.MySQLIntegrityConstraintViolationException: Column \'service_id\' cannot be null\\r\\n### The error may involve org.adf.application.common.mybatis.mapper.MbrMemberService.insertMbrMemberService-Inline\\r\\n### The error occurred while setting parameters\\r\\n### SQL: insert into mbr_member_service        (service_id        ,member_type        ,member_duration        ,member_price        ,service_name        ,service_name_ext        ,create_date        ,created_by        ,last_update_date        ,last_updated_by        ,attribute1        ,attribute2        ,attribute3        ,attribute4        ,attribute5        ,attribute6        ,attribute7        ,attribute8        ,attribute9        ,attribute10)         values        (?        ,?        ,?        ,?        ,?        ,?        ,str_to_date(?,\'%Y-%m-%d %H:%i:%s\')        ,?        ,str_to_date(?,\'%Y-%m-%d %H:%i:%s\')        ,?        ,?        ,?        ,?        ,?        ,?    \",\"methodName\":\"doTranslate\"}','','','','','','','','','','','',''),('6768807acc7f4935990322267e1f001a','user','operation','2017-03-25 08:39:26','{\"column_code\":\"log_source\",\"search_code\":\"LogMgr\",\"column_name\":\"日志来源\",\"column_sql\":\"sl.log_source\",\"operation_symbol\":\"equal\",\"element_type\":\"select\",\"ddt_code\":\"log_source\",\"lov_code\":\"\",\"ds_code\":\"\",\"display_order\":\"10\",\"description\":\"日志来源\"}','/ADF/app/sys/search/addSearchColumn','aizheng','','','','','','','','','',''),('679f62567ae2475d90c9f10697390c23','user','operation','2017-04-01 22:55:22','[{\"attribute_code\":\"font_icon_code\",\"attribute_name\":\"字体图标\",\"attribute_text\":\"\",\"attribute_value\":\"fa-user\",\"ddt_code\":\"\",\"ds_code\":\"\",\"element_type\":\"lov\",\"lov_code\":\"lov_font_icon\",\"node_code\":\"M0110\",\"struct_code\":\"menu_resource\"},{\"attribute_code\":\"function_code\",\"attribute_name\":\"功能\",\"attribute_text\":\"\",\"attribute_value\":\"sys_user\",\"ddt_code\":\"\",\"ds_code\":\"\",\"element_type\":\"lov\",\"lov_code\":\"lov_function\",\"node_code\":\"M0110\",\"struct_code\":\"menu_resource\"}]','/ADF/app/sys/datastruct/saveDataStructNodeAttributes','aizheng','','','','','','','','','',''),('67c9d77fd0d9488da6033b2c3f00dfdd','user','operation','2017-03-24 12:43:40','{\"function_code\":\"sys_config\",\"function_name\":\"系统设置\",\"function_url\":\"/app/sys/parameter/ParameterConfig\",\"description\":\"系统设置\"}','/ADF/app/sys/function/editFunction','aizheng','','','','','','','','','',''),('68124f4e8d894e7ea433bcbe9dd5e5f9','user','operation','2017-04-04 16:01:45','{\"node_code\":\"M0203\",\"parent_node_code\":\"M02\",\"struct_code\":\"menu_resource\",\"node_name\":\"账户交易\",\"display_order\":\"30\",\"enabled_flag\":\"Y\",\"description\":\"账户交易\"}','/TSP/app/sys/datastruct/editDataStructNode','aizheng','','','','','','','','','',''),('6831289964da4425a00a24ec1a423dbc','user','operation','2017-04-13 21:41:20','{\"node_code\":\"350500\",\"parent_node_code\":\"350000\",\"struct_code\":\"administrative_area\",\"node_name\":\"泉州市\",\"display_order\":\"350500\",\"enabled_flag\":\"Y\",\"description\":\"泉州市\"}','/TSP/app/sys/datastruct/addDataStructNode','aizheng','','','','','','','','','',''),('685c072525984c97b20c8d81e3943565','user','operation','2017-05-01 23:15:12','{\"column_code\":\"username\",\"search_code\":\"MemberMgr\",\"column_name\":\"用户名\",\"column_sql\":\"tt.username\",\"operation_symbol\":\"include\",\"element_type\":\"text\",\"ddt_code\":\"\",\"lov_code\":\"\",\"ds_code\":\"\",\"display_order\":\"40\",\"description\":\"\"}','/TSP/app/sys/search/addSearchColumn','aizheng','','','','','','','','','',''),('68c1d5714dfb4bf9950479661869ee8a','system','exception','2017-03-27 15:54:31','{\"className\":\"org.springframework.jdbc.support.SQLErrorCodeSQLExceptionTranslator\",\"lineNumber\":\"233\",\"message\":\"\\r\\n### Error updating database.  Cause: com.mysql.jdbc.exceptions.jdbc4.MySQLSyntaxErrorException: You have an error in your SQL syntax; check the manual that corresponds to your MySQL server version for the right syntax to use near \'spc\\n    \\t where spc.parameter_code in \\n    \\t \\t(select spd.parameter_code from sy\' at line 2\\r\\n### The error may involve org.adf.application.modules.system.mapper.ParameterMapper.removeParameterConfigList-Inline\\r\\n### The error occurred while setting parameters\\r\\n### SQL: delete        from sys_parameter_config spc       where spc.parameter_code in         (select spd.parameter_code from sys_parameter_define spd where spd.parameter_type = ?)\\r\\n### Cause: com.mysql.jdbc.exceptions.jdbc4.MySQLSyntaxErrorException: You have an error in your SQL syntax; check the manual that corresponds to your MySQL server version for the right syntax to use near \'spc\\n    \\t where spc.parameter_code in \\n    \\t \\t(select spd.parameter_code from sy\' at line 2\\n; bad SQL grammar []; neste\",\"methodName\":\"doTranslate\"}','','','','','','','','','','','',''),('690413ce16904f1db95e8a7dae43b604','user','operation','2017-03-25 08:36:44','{\"item_code\":\"less\",\"type_code\":\"operation_symbol\",\"item_name\":\"小于\",\"display_order\":\"50\",\"enabled_flag\":\"Y\"}','/ADF/app/sys/datadict/addDataDictItem','aizheng','','','','','','','','','',''),('691005a637f2491a8da019a198afe401','user','operation','2017-03-26 23:23:35','{\"column_code\":\"log_start_time\",\"search_code\":\"LogMgr\",\"column_name\":\"开始时间\",\"column_sql\":\"sl.log_time\",\"operation_symbol\":\"greater_equal\",\"element_type\":\"date\",\"ddt_code\":\"\",\"lov_code\":\"\",\"ds_code\":\"\",\"display_order\":\"10\",\"description\":\"开始时间\"}','/ADF/app/sys/search/editSearchColumn','aizheng','','','','','','','','','',''),('69216969589740b695a1f69420e3c7c1','user','operation','2017-04-15 13:19:52','{\"node_code\":\"520200\",\"parent_node_code\":\"520000\",\"struct_code\":\"administrative_area\",\"node_name\":\"六盘水市\",\"display_order\":\"520200\",\"enabled_flag\":\"Y\",\"description\":\"六盘水市\"}','/TSP/app/sys/datastruct/addDataStructNode','aizheng','','','','','','','','','',''),('6932ff20a8ca4d49bd7be9abb41a83fa','user','operation','2017-04-13 21:41:32','{\"node_code\":\"350600\",\"parent_node_code\":\"350000\",\"struct_code\":\"administrative_area\",\"node_name\":\"漳州市\",\"display_order\":\"350600\",\"enabled_flag\":\"Y\",\"description\":\"漳州市\"}','/TSP/app/sys/datastruct/addDataStructNode','aizheng','','','','','','','','','',''),('699c3dfa513d4f5d937c239df3ab572f','user','operation','2017-04-13 06:01:22','{\"node_code\":\"310000\",\"parent_node_code\":\"CN\",\"struct_code\":\"administrative_area\",\"node_name\":\"上海市\",\"display_order\":\"310000\",\"enabled_flag\":\"Y\",\"description\":\"上海市\"}','/TSP/app/sys/datastruct/addDataStructNode','aizheng','','','','','','','','','',''),('69b45a8bd9f645309710f1c0eae65598','user','operation','2017-04-14 02:56:27','{\"node_code\":\"442000\",\"parent_node_code\":\"440000\",\"struct_code\":\"administrative_area\",\"node_name\":\"中山市\",\"display_order\":\"442000\",\"enabled_flag\":\"Y\",\"description\":\"中山市\"}','/TSP/app/sys/datastruct/addDataStructNode','aizheng','','','','','','','','','',''),('69bdbb07a9714ce0aaba3b584dccdff5','user','operation','2017-04-29 17:01:02','{\"service_id\":\"8a475dba3cb04b47851cb98f9cb41edf\",\"member_type\":\"member_type\",\"member_duration\":\"1\",\"member_price\":\"99\",\"service_name\":\"1个月99元\",\"service_name_ext\":\"\",\"create_date\":\"2017-04-29 16:58:35\",\"created_by\":\"2282a5af0e1f403297948eca95877a03\",\"last_update_date\":null,\"last_updated_by\":\"2282a5af0e1f403297948eca95877a03\",\"attribute1\":null,\"attribute2\":null,\"attribute3\":null,\"attribute4\":null,\"attribute5\":null,\"attribute6\":null,\"attribute7\":null,\"attribute8\":null,\"attribute9\":null,\"attribute10\":null}','/TSP/app/mbr/service/editMemberService','aizheng','','','','','','','','','',''),('69ce0281e47c490bb62e43c2609ff4ca','user','operation','2017-04-13 10:14:54','{\"node_code\":\"340800\",\"parent_node_code\":\"340000\",\"struct_code\":\"administrative_area\",\"node_name\":\"安庆市\",\"display_order\":\"340800\",\"enabled_flag\":\"Y\",\"description\":\"安庆市\"}','/TSP/app/sys/datastruct/addDataStructNode','aizheng','','','','','','','','','',''),('69da2669262e4645baa7a8586a3bbd28','user','operation','2017-04-15 13:10:43','{\"node_code\":\"450900\",\"parent_node_code\":\"450000\",\"struct_code\":\"administrative_area\",\"node_name\":\"玉林市\",\"display_order\":\"450900\",\"enabled_flag\":\"Y\",\"description\":\"玉林市\"}','/TSP/app/sys/datastruct/addDataStructNode','aizheng','','','','','','','','','',''),('6a00614bfa624026b719a6af73b7ae8e','user','operation','2017-04-29 07:11:38','{\"item_code\":\"60\",\"type_code\":\"rent_scope\",\"item_name\":\"跑步\",\"display_order\":\"60\",\"enabled_flag\":\"Y\"}','/TSP/app/sys/datadict/addDataDictItem','aizheng','','','','','','','','','',''),('6a51e71831de48a09934e589eef572bd','user','operation','2017-04-13 21:47:11','{\"node_code\":\"411000\",\"parent_node_code\":\"410000\",\"struct_code\":\"administrative_area\",\"node_name\":\"许昌市\",\"display_order\":\"411000\",\"enabled_flag\":\"Y\",\"description\":\"许昌市\"}','/TSP/app/sys/datastruct/addDataStructNode','aizheng','','','','','','','','','',''),('6a543e03ac7d47b09b62c1e6e36db6ba','user','operation','2017-04-15 13:14:54','{\"node_code\":\"510700\",\"parent_node_code\":\"510000\",\"struct_code\":\"administrative_area\",\"node_name\":\"绵阳市\",\"display_order\":\"510700\",\"enabled_flag\":\"Y\",\"description\":\"绵阳市\"}','/TSP/app/sys/datastruct/addDataStructNode','aizheng','','','','','','','','','',''),('6a98a30551be4029936a3df36da215af','user','operation','2017-04-15 13:23:17','{\"node_code\":\"532300\",\"parent_node_code\":\"530000\",\"struct_code\":\"administrative_area\",\"node_name\":\"楚雄彝族自治州\",\"display_order\":\"532300\",\"enabled_flag\":\"Y\",\"description\":\"楚雄彝族自治州\"}','/TSP/app/sys/datastruct/addDataStructNode','aizheng','','','','','','','','','',''),('6acfb40536e94fb0a9980427c0317b34','user','login','2017-03-27 16:59:38','aizheng/WQCd6C+Fitjv5ArNNo+UywOF6ZTnWkrmMtCghXYwOoWRpcEvCMAmw4EpfnutRKDXQ620VxbgtW194/udOzbENQ==','/ADF/login_validate','aizheng','','','','','','','','','',''),('6b25105cec804fb98d05fc5ae7fbfc60','user','login','2017-04-04 10:58:35','aizheng/HuMGQMK3APBt6Be77w276/izVFFmrU9QjQlZ3PgY3UWNyWvCGJqvMcTev/PIaPkgDOila/QYyE6tYLMShfay6g==','/ADF/login_validate','aizheng','','','','','','','','','',''),('6b33d0d94dd3482f9fb9841cdc339a77','user','login','2017-03-26 04:17:23','aizheng/W/4Ig88joIsAiYtRWsgiJlpPn1onYlcKi3+E4c5jrNMXd35nyjxAWqtvNVCfDEQmZNmsQ5DN/O/5ZdPAXeNo+Q==','/ADF/login_validate','aizheng','','','','','','','','','',''),('6b3b15ef4fd243fc96dbcf4612b8a940','user','operation','2017-04-13 21:57:10','{\"node_code\":\"440800\",\"parent_node_code\":\"440000\",\"struct_code\":\"administrative_area\",\"node_name\":\"湛江市\",\"display_order\":\"440800\",\"enabled_flag\":\"Y\",\"description\":\"湛江市\"}','/TSP/app/sys/datastruct/addDataStructNode','aizheng','','','','','','','','','',''),('6bb6574ac2cc404e8d54897355d2643c','user','operation','2017-04-13 21:46:47','{\"node_code\":\"410800\",\"parent_node_code\":\"410000\",\"struct_code\":\"administrative_area\",\"node_name\":\"焦作市\",\"display_order\":\"410800\",\"enabled_flag\":\"Y\",\"description\":\"焦作市\"}','/TSP/app/sys/datastruct/addDataStructNode','aizheng','','','','','','','','','',''),('6c1eab9d54bc4d29b78eef6496821d6f','user','operation','2017-04-13 09:20:51','{\"node_code\":\"210400\",\"parent_node_code\":\"210000\",\"struct_code\":\"administrative_area\",\"node_name\":\"抚顺市\",\"display_order\":\"210400\",\"enabled_flag\":\"Y\",\"description\":\"抚顺市\"}','/TSP/app/sys/datastruct/addDataStructNode','aizheng','','','','','','','','','',''),('6c6b6ab091294e2a965c971a5c0bb95f','user','login','2017-05-01 02:40:19','aizheng/goZEMZ72LDklitYHBbbElGA63WdEAVXPDV/Obox8DlNkTSrDBtQSbAg0VSzh+73pJqI9PE08qTHG8vQG4xq6rQ==','/TSP/login_validate','aizheng','','','','','','','','','',''),('6c9ba19ac90a458082c2ddba28fb41e6','user','operation','2017-04-29 06:11:12','{\"item_code\":\"6\",\"type_code\":\"member_duration\",\"item_name\":\"6个月\",\"display_order\":\"30\",\"enabled_flag\":\"Y\"}','/TSP/app/sys/datadict/addDataDictItem','aizheng','','','','','','','','','',''),('6cafd0cbb7684bee90fe3c8e3ac7b49e','user','operation','2017-04-13 10:14:43','{\"node_code\":\"340700\",\"parent_node_code\":\"340000\",\"struct_code\":\"administrative_area\",\"node_name\":\"铜陵市\",\"display_order\":\"340700\",\"enabled_flag\":\"Y\",\"description\":\"铜陵市\"}','/TSP/app/sys/datastruct/addDataStructNode','aizheng','','','','','','','','','',''),('6cf85b7c25544fc8a9ff30f37009d9f8','user','operation','2017-04-29 07:24:59','{\"item_code\":\"150\",\"type_code\":\"tenant_label\",\"item_name\":\"时尚达人\",\"display_order\":\"150\",\"enabled_flag\":\"Y\"}','/TSP/app/sys/datadict/addDataDictItem','aizheng','','','','','','','','','',''),('6da8bf58fa5c481594f7b81a564ceb04','user','operation','2017-04-29 17:00:36','c70f8bd5a8944fc0825a0eabdc4382fb','/TSP/app/mbr/service/removeMemberService','aizheng','','','','','','','','','',''),('6db135548ebc47229848d6c6aed9a3b6','user','operation','2017-04-29 06:26:31','menu_resource;M03','/TSP/app/sys/datastruct/removeDataStructNode','aizheng','','','','','','','','','',''),('6dcc603f74014e329db0d08f703f2d21','user','operation','2017-03-28 06:53:15','test','/ADF/app/sys/parameter/removeParameterType','aizheng','','','','','','','','','',''),('6dfebb8fae08413f8f778d36069d1fcd','user','operation','2017-03-25 23:00:11','{\"operation_code\":\"sys_search_define_remove\",\"function_code\":\"sys_search\",\"operation_name\":\"搜索定义-删除\",\"description\":\"搜索定义-删除\"}','/ADF/app/sys/function/addOperation','aizheng','','','','','','','','','',''),('6e340abe553840ceafbc6893e97c6fca','user','operation','2017-05-01 01:42:10','menu_struct_code','/TSP/app/sys/parameter/removeParameterDefine','aizheng','','','','','','','','','',''),('6e44c70e13e94ef79ebebd07a941a2c9','user','operation','2017-03-26 21:03:50','{\"item_code\":\"time\",\"type_code\":\"element_type\",\"item_name\":\"时间控件\",\"display_order\":\"80\",\"enabled_flag\":\"Y\"}','/ADF/app/sys/datadict/addDataDictItem','aizheng','','','','','','','','','',''),('6e6970c4a33b4f71912e0e43bfd9fdc8','user','operation','2017-04-13 10:15:46','{\"node_code\":\"341500\",\"parent_node_code\":\"340000\",\"struct_code\":\"administrative_area\",\"node_name\":\"六安市\",\"display_order\":\"341500\",\"enabled_flag\":\"Y\",\"description\":\"六安市\"}','/TSP/app/sys/datastruct/addDataStructNode','aizheng','','','','','','','','','',''),('6eb3a162cd2546c1afe81ab18fc50687','user','operation','2017-04-25 08:44:48','{\"entity_id\":\"4a55b2f373364910bdff5f4f01ec213a\",\"wx_public_no_type\":\"subscibe\",\"wx_public_no_id\":\"\",\"wx_public_no_code\":\"\",\"wx_public_no_name\":\"\",\"wx_public_no_desc\":\"\",\"wx_country\":\"CN\",\"wx_province\":\"370000\",\"wx_city\":\"370200\",\"wx_authentication_status\":\"N\",\"wx_payment_status\":\"N\",\"wx_developer_app_id\":\"\",\"wx_developer_app_secret\":\"\",\"wx_server_url\":\"\",\"wx_server_token\":\"\",\"wx_server_encoding_aes_key\":\"\",\"wx_server_encoding_type\":\"plaintext\",\"wx_mch_id\":\"\",\"create_date\":\"2017-04-25 08:44:26\",\"created_by\":\"2282a5af0e1f403297948eca95877a03\",\"last_update_date\":null,\"last_updated_by\":\"2282a5af0e1f403297948eca95877a03\",\"attribute1\":\"\",\"attribute2\":\"\",\"attribute3\":\"\",\"attribute4\":\"\",\"attribute5\":\"\",\"attribute6\":\"\",\"attribute7\":\"\",\"attribute8\":\"\",\"attribute9\":\"\",\"attribute10\":\"\"}','/TSP/app/oe/OperatingEntity/saveWechatPublicInfo','aizheng','','','','','','','','','',''),('6f01d00b33ba4116a62319945e2d29e9','user','operation','2017-04-30 07:35:10','{\"item_code\":\"pisces\",\"type_code\":\"constellation\",\"item_name\":\"双鱼座\",\"display_order\":\"120\",\"enabled_flag\":\"Y\"}','/TSP/app/sys/datadict/addDataDictItem','aizheng','','','','','','','','','',''),('6f202f63aeb9425586b60ec84dd9b6e9','user','operation','2017-04-29 07:22:46','{\"item_code\":\"80\",\"type_code\":\"tenant_label\",\"item_name\":\"设计师\",\"display_order\":\"90\",\"enabled_flag\":\"Y\"}','/TSP/app/sys/datadict/addDataDictItem','aizheng','','','','','','','','','',''),('6f30240ac94b45b9aed84177d3743309','user','operation','2017-05-01 00:51:10','{\"column_code\":\"entity_id\",\"search_code\":\"TenantMgr\",\"column_name\":\"运营实体\",\"column_sql\":\"tt.entity_id\",\"operation_symbol\":\"equal\",\"element_type\":\"lov\",\"ddt_code\":\"\",\"lov_code\":\"lov_operating_entity\",\"ds_code\":\"\",\"display_order\":\"10\",\"description\":\"\"}','/TSP/app/sys/search/addSearchColumn','aizheng','','','','','','','','','',''),('6ffb9ec801e04fd59b453c71f02025eb','user','operation','2017-04-28 16:03:17','2c08a801b74640d9a98a125dbb973410','/TSP/app/sys/role/saveRoleMenuAuth','aizheng','','','','','','','','','',''),('701217711dae4b6da1e9a52fc5caba31','user','operation','2017-04-29 06:28:18','2c08a801b74640d9a98a125dbb973410','/TSP/app/sys/role/saveRoleMenuAuth','aizheng','','','','','','','','','',''),('702bf792ad884176a0a77fe32634d0d3','user','operation','2017-04-13 10:11:47','{\"node_code\":\"330400\",\"parent_node_code\":\"330000\",\"struct_code\":\"administrative_area\",\"node_name\":\"嘉兴市\",\"display_order\":\"330400\",\"enabled_flag\":\"Y\",\"description\":\"嘉兴市\"}','/TSP/app/sys/datastruct/addDataStructNode','aizheng','','','','','','','','','',''),('703156bbcc654b73b4c9a64b16c0c682','user','operation','2017-04-29 07:29:24','{\"item_code\":\"240\",\"type_code\":\"tenant_label\",\"item_name\":\"飞车党\",\"display_order\":\"240\",\"enabled_flag\":\"Y\"}','/TSP/app/sys/datadict/addDataDictItem','aizheng','','','','','','','','','',''),('70857eb8335943bbb6f3d6a5f8e3212f','system','exception','2017-04-25 08:41:17','{\"className\":\"org.adf.application.modules.oe.controller.OperatingEntityController\",\"lineNumber\":\"243\",\"message\":\"org.adf.application.common.mybatis.entity.OeOperatingEntity cannot be cast to org.adf.application.common.mybatis.entity.OeWechatPublic\",\"methodName\":\"saveWechatPublicInfo\"}','','','','','','','','','','','',''),('709e9dae2cb94256a0a43cb2d56b5063','user','operation','2017-04-15 13:11:05','{\"node_code\":\"451100\",\"parent_node_code\":\"450000\",\"struct_code\":\"administrative_area\",\"node_name\":\"贺州市\",\"display_order\":\"451100\",\"enabled_flag\":\"Y\",\"description\":\"贺州市\"}','/TSP/app/sys/datastruct/addDataStructNode','aizheng','','','','','','','','','',''),('70bc9d8bad084622b5138fc31b29f90b','user','operation','2017-04-29 17:46:25','{\"service_id\":\"01b2a3fc143e41439fa1e690645a545f\",\"member_type\":\"platinum\",\"member_duration\":\"12\",\"member_price\":\"488\",\"service_name\":\"12个月488元\",\"service_name_ext\":\"优惠78%\",\"create_date\":\"2017-04-29 17:15:00\",\"created_by\":\"2282a5af0e1f403297948eca95877a03\",\"last_update_date\":null,\"last_updated_by\":\"2282a5af0e1f403297948eca95877a03\",\"attribute1\":null,\"attribute2\":null,\"attribute3\":null,\"attribute4\":null,\"attribute5\":null,\"attribute6\":null,\"attribute7\":null,\"attribute8\":null,\"attribute9\":null,\"attribute10\":null}','/TSP/app/mbr/service/editMemberService','aizheng','','','','','','','','','',''),('7109b4ccd9ad4fe99005129b1aa1fea3','user','operation','2017-04-15 14:58:19','{\"entity_id\":null,\"entity_name\":\"TimeSharePlatform\",\"wx_public_no_type\":\"subscibe\",\"wx_public_no_id\":\"gh_d4c5ac837a87\",\"wx_public_no_code\":\"TimeSharePlatform\",\"wx_public_no_name\":\"TimeSharePlatform\",\"wx_public_no_desc\":\"时间分享平台\",\"wx_country\":\"\",\"wx_province\":\"\",\"wx_city\":\"\",\"wx_authentication_status\":\"N\",\"wx_payment_status\":\"N\",\"wx_developer_app_id\":\"wx7d3bc8ad5516c0b3\",\"wx_developer_app_secret\":\"c23565f98385cb249a1d5b230e392127\",\"wx_server_url\":\"http://t16971b592.51mypc.cn/TSPS\",\"wx_server_token\":\"\",\"wx_server_encoding_aes_key\":\"\",\"wx_server_encoding_type\":\"plaintext\",\"wx_mch_id\":\"\",\"email\":\"aisunny1986@yeah.net\",\"telephone\":\"15853257351\",\"linkman\":\"艾铮\",\"status\":null,\"description\":\"时间分享平台\",\"create_date\":null,\"created_by\":\"2282a5af0e1f403297948eca95877a03\",\"last_update_date\":null,\"last_updated_by\":\"2282a5af0e1f403297948eca95877a03\",\"attribute1\":null,\"attribute2\":null,\"attribute3\":null,\"attribute4\":null,\"attribute5\":null,\"attribute6\":null,\"attribute7\":null,\"attribute8\":null,\"attribute9\":null,\"attribute10\":null}','/TSP/app/oe/OperatingEntity/addOperatingEntity','aizheng','','','','','','','','','',''),('710eac6d5081471182291a3778cf831c','user','operation','2017-04-29 22:32:37','{\"auth_id\":null,\"member_type\":\"general\",\"member_auth_type\":\"see_social_credit\",\"member_auth_name\":\"3.无限次数查看出租人的社交信息\",\"member_auth_value\":\"0\",\"create_date\":null,\"created_by\":\"2282a5af0e1f403297948eca95877a03\",\"last_update_date\":null,\"last_updated_by\":\"2282a5af0e1f403297948eca95877a03\",\"attribute1\":null,\"attribute2\":null,\"attribute3\":null,\"attribute4\":null,\"attribute5\":null,\"attribute6\":null,\"attribute7\":null,\"attribute8\":null,\"attribute9\":null,\"attribute10\":null}','/TSP/app/mbr/auth/addMemberAuth','aizheng','','','','','','','','','',''),('7119b761fbf44fb187aec4af61022c95','user','operation','2017-04-28 16:35:14','[{\"attribute_code\":\"font_icon_code\",\"attribute_name\":\"字体图标\",\"attribute_text\":\"\",\"attribute_value\":\"fa-arrows\",\"ddt_code\":\"\",\"ds_code\":\"\",\"element_type\":\"lov\",\"lov_code\":\"lov_font_icon\",\"node_code\":\"M020402\",\"struct_code\":\"menu_resource\"},{\"attribute_code\":\"function_code\",\"attribute_name\":\"功能\",\"attribute_text\":\"\",\"attribute_value\":\"\",\"ddt_code\":\"\",\"ds_code\":\"\",\"element_type\":\"lov\",\"lov_code\":\"lov_function\",\"node_code\":\"M020402\",\"struct_code\":\"menu_resource\"}]','/TSP/app/sys/datastruct/saveDataStructNodeAttributes','aizheng','','','','','','','','','',''),('716f2170c6fe431f9a4238b0ab70cb62','user','operation','2017-05-01 00:12:31','{\"item_code\":\"valid\",\"type_code\":\"tenant_status\",\"item_name\":\"有效\",\"display_order\":\"10\",\"enabled_flag\":\"Y\"}','/TSP/app/sys/datadict/addDataDictItem','aizheng','','','','','','','','','',''),('71cd46d1d0ca48f7870a4335b8c7491f','user','operation','2017-04-13 09:20:39','{\"node_code\":\"210300\",\"parent_node_code\":\"210000\",\"struct_code\":\"administrative_area\",\"node_name\":\"鞍山市\",\"display_order\":\"210300\",\"enabled_flag\":\"Y\",\"description\":\"鞍山市\"}','/TSP/app/sys/datastruct/addDataStructNode','aizheng','','','','','','','','','',''),('71e263d1663248c9905b426d58c75cfc','user','operation','2017-04-29 17:14:34','{\"service_id\":null,\"member_type\":\"platinum\",\"member_duration\":\"3\",\"member_price\":\"299\",\"service_name\":\"3个月299元\",\"service_name_ext\":\"\",\"create_date\":null,\"created_by\":\"2282a5af0e1f403297948eca95877a03\",\"last_update_date\":null,\"last_updated_by\":\"2282a5af0e1f403297948eca95877a03\",\"attribute1\":null,\"attribute2\":null,\"attribute3\":null,\"attribute4\":null,\"attribute5\":null,\"attribute6\":null,\"attribute7\":null,\"attribute8\":null,\"attribute9\":null,\"attribute10\":null}','/TSP/app/mbr/service/addMemberService','aizheng','','','','','','','','','',''),('7231abc19e084a8fb03991b976d44b83','user','operation','2017-04-13 10:15:16','{\"node_code\":\"341100\",\"parent_node_code\":\"340000\",\"struct_code\":\"administrative_area\",\"node_name\":\"滁州市\",\"display_order\":\"341100\",\"enabled_flag\":\"Y\",\"description\":\"滁州市\"}','/TSP/app/sys/datastruct/addDataStructNode','aizheng','','','','','','','','','',''),('727283ef512d469181d3b4d20fb2c6b4','user','operation','2017-04-28 11:05:27','{\"item_code\":\"three\",\"type_code\":\"member_duration\",\"item_name\":\"3\",\"display_order\":\"20\",\"enabled_flag\":\"Y\"}','/TSP/app/sys/datadict/addDataDictItem','aizheng','','','','','','','','','',''),('727cd27518f34515aa82c1076e2f39c5','user','operation','2017-04-15 13:28:37','{\"node_code\":\"610500\",\"parent_node_code\":\"610000\",\"struct_code\":\"administrative_area\",\"node_name\":\"渭南市\",\"display_order\":\"610500\",\"enabled_flag\":\"Y\",\"description\":\"渭南市\"}','/TSP/app/sys/datastruct/addDataStructNode','aizheng','','','','','','','','','',''),('729618f909fd4dc38be145cb21039ed7','user','login','2017-03-27 16:01:12','aizheng/Kf4o2wiuvn4Vj60IGHmLDoHA+YYiy/c+z3l/K4rEivoY4nZurfQ4ZTuxOjjnHZ6L9hmw9fVuSYNFsPcD+kTNjA==','/ADF/login_validate','aizheng','','','','','','','','','',''),('72ad17f2adf945828b3d4207c8bb3c9f','user','operation','2017-04-15 13:24:10','{\"node_code\":\"533100\",\"parent_node_code\":\"530000\",\"struct_code\":\"administrative_area\",\"node_name\":\"德宏傣族景颇族自治州\",\"display_order\":\"533100\",\"enabled_flag\":\"Y\",\"description\":\"德宏傣族景颇族自治州\"}','/TSP/app/sys/datastruct/addDataStructNode','aizheng','','','','','','','','','',''),('72fb84a1d8e742a98e62d8149f8b5369','user','operation','2017-04-29 07:32:47','{\"operation_code\":\"mbr_member_auth_edit\",\"function_code\":\"mbr_member_auth\",\"operation_name\":\"编辑\",\"description\":\"编辑\"}','/TSP/app/sys/function/addOperation','aizheng','','','','','','','','','',''),('7331c95273904c91afa25bf95aca9a6b','user','operation','2017-04-15 13:23:30','{\"node_code\":\"532500\",\"parent_node_code\":\"530000\",\"struct_code\":\"administrative_area\",\"node_name\":\"红河哈尼族彝族自治州\",\"display_order\":\"532500\",\"enabled_flag\":\"Y\",\"description\":\"红河哈尼族彝族自治州\"}','/TSP/app/sys/datastruct/addDataStructNode','aizheng','','','','','','','','','',''),('7338e85623c94b6eaafb8626c1620b76','user','operation','2017-04-15 13:20:16','{\"node_code\":\"520400\",\"parent_node_code\":\"520000\",\"struct_code\":\"administrative_area\",\"node_name\":\"安顺市\",\"display_order\":\"520400\",\"enabled_flag\":\"Y\",\"description\":\"安顺市\"}','/TSP/app/sys/datastruct/addDataStructNode','aizheng','','','','','','','','','',''),('7374ba8101cf48e7a8ea1a2c84328ee3','user','operation','2017-04-29 21:45:35','{\"node_code\":\"M03\",\"parent_node_code\":\"M03\",\"struct_code\":\"menu_resource\",\"node_name\":\"会员设置\",\"display_order\":\"10\",\"enabled_flag\":\"Y\",\"description\":\"会员设置\"}','/TSP/app/sys/datastruct/addDataStructNode','aizheng','','','','','','','','','',''),('738d1bfce0c54534a9116196cecd9f98','user','operation','2017-03-25 09:07:48','{\"column_code\":\"log_content\",\"search_code\":\"LogMgr\",\"column_name\":\"日志内容\",\"column_sql\":\"sl.log_content\",\"operation_symbol\":\"include\",\"element_type\":\"text\",\"ddt_code\":\"\",\"lov_code\":\"\",\"ds_code\":\"\",\"display_order\":\"30\",\"description\":\"日志内容\"}','/ADF/app/sys/search/editSearchColumn','aizheng','','','','','','','','','',''),('7390ee6da8a345d281657b94610b1919','system','exception','2017-04-27 14:03:12','{\"className\":\"java.util.regex.Pattern\",\"lineNumber\":\"1924\",\"message\":\"Illegal repetition near index 0\\r\\n${userId}\\r\\n^\",\"methodName\":\"error\"}','','','','','','','','','','','',''),('7394731c08814b6f923c3d6e2caf014e','user','login','2017-05-05 06:51:01','aizheng/VsqPQxhepXLPEeng8FU+R5IYC1NLtjbFwQ614VgkSxP8WlnPn8xs5qb+0I+hhGBFW4jWE7gcG8wQpUEAwMjRHg==','/TSP/login_validate','aizheng','','','','','','','','','',''),('74c592a7530c4becaa34f2948318eae7','user','operation','2017-04-15 13:34:06','{\"node_code\":\"621200\",\"parent_node_code\":\"620000\",\"struct_code\":\"administrative_area\",\"node_name\":\"陇南市\",\"display_order\":\"621200\",\"enabled_flag\":\"Y\",\"description\":\"陇南市\"}','/TSP/app/sys/datastruct/addDataStructNode','aizheng','','','','','','','','','',''),('7544e78ced6240c5bb2ef5826bf34797','user','operation','2017-04-13 21:51:58','{\"node_code\":\"421300\",\"parent_node_code\":\"420000\",\"struct_code\":\"administrative_area\",\"node_name\":\"随州市\",\"display_order\":\"421300\",\"enabled_flag\":\"Y\",\"description\":\"随州市\"}','/TSP/app/sys/datastruct/addDataStructNode','aizheng','','','','','','','','','',''),('7548a8822c104898b44a4324ab08793d','user','login','2017-03-26 06:09:08','aizheng/JhxaVFPN3Z9a/7hKrlNBhyLEIDNp5MJZtByWTxxDdtaz4QIQP8t0vqL0bZ0QbkeVamJRp5g0+LePcFT03hB9Sw==','/ADF/login_validate','aizheng','','','','','','','','','',''),('75c2f3e05f5b4ca9be9c4e8ac17f8df3','user','operation','2017-04-13 21:57:21','{\"node_code\":\"440900\",\"parent_node_code\":\"440000\",\"struct_code\":\"administrative_area\",\"node_name\":\"茂名市\",\"display_order\":\"440900\",\"enabled_flag\":\"Y\",\"description\":\"茂名市\"}','/TSP/app/sys/datastruct/addDataStructNode','aizheng','','','','','','','','','',''),('75c569552ee2429aa1f0d70a60089608','user','operation','2017-04-25 08:45:18','{\"entity_id\":\"4a55b2f373364910bdff5f4f01ec213a\",\"wx_public_no_type\":\"subscibe\",\"wx_public_no_id\":\"gh_d4c5ac837a87\",\"wx_public_no_code\":\"TimeSharePlatform\",\"wx_public_no_name\":\"TimeSharePlatform\",\"wx_public_no_desc\":\"时间分享平台\",\"wx_country\":\"CN\",\"wx_province\":\"370000\",\"wx_city\":\"370200\",\"wx_authentication_status\":\"N\",\"wx_payment_status\":\"N\",\"wx_developer_app_id\":\"\",\"wx_developer_app_secret\":\"\",\"wx_server_url\":\"\",\"wx_server_token\":\"\",\"wx_server_encoding_aes_key\":\"\",\"wx_server_encoding_type\":\"plaintext\",\"wx_mch_id\":\"\",\"create_date\":\"2017-04-25 08:44:26\",\"created_by\":\"2282a5af0e1f403297948eca95877a03\",\"last_update_date\":null,\"last_updated_by\":\"2282a5af0e1f403297948eca95877a03\",\"attribute1\":\"\",\"attribute2\":\"\",\"attribute3\":\"\",\"attribute4\":\"\",\"attribute5\":\"\",\"attribute6\":\"\",\"attribute7\":\"\",\"attribute8\":\"\",\"attribute9\":\"\",\"attribute10\":\"\"}','/TSP/app/oe/OperatingEntity/saveWechatPublicInfo','aizheng','','','','','','','','','',''),('75ca19fbe0c64b20a2e199b0d83e5bca','user','operation','2017-04-13 08:04:00','{\"node_code\":\"130300\",\"parent_node_code\":\"130000\",\"struct_code\":\"administrative_area\",\"node_name\":\"秦皇岛市\",\"display_order\":\"130300\",\"enabled_flag\":\"Y\",\"description\":\"秦皇岛市\"}','/TSP/app/sys/datastruct/addDataStructNode','aizheng','','','','','','','','','',''),('75def34f563c401f8ba23d6688284114','user','operation','2017-03-27 15:26:51','[{\"ddt_code\":\"\",\"ddt_text\":\"\",\"description\":\"菜单结构编码\",\"display_order\":\"10\",\"ds_code\":\"\",\"ds_text\":\"\",\"element_type\":\"lov\",\"element_type_name\":\"值列表\",\"lov_code\":\"lov_data_struct\",\"lov_text\":\"数据结构值列表\",\"parameter_code\":\"menu_struct_code\",\"parameter_name\":\"菜单结构编码\",\"parameter_type\":\"system_setup\",\"parameter_value\":\"\"},{\"ddt_code\":\"\",\"ddt_text\":\"\",\"description\":\"\",\"display_order\":\"20\",\"ds_code\":\"\",\"ds_text\":\"\",\"element_type\":\"date\",\"element_type_name\":\"日期控件\",\"lov_code\":\"\",\"lov_text\":\"\",\"parameter_code\":\"date\",\"parameter_name\":\"日期\",\"parameter_type\":\"system_setup\",\"parameter_value\":\"2017-03-14 00:00:00\"}]','/ADF/app/sys/parameter/saveParameterConfig','aizheng','','','','','','','','','',''),('75e037d812ac4e879bcf9577e654149f','user','operation','2017-04-28 16:42:30','menu_resource;M0204','/TSP/app/sys/datastruct/removeDataStructNode','aizheng','','','','','','','','','',''),('75f700ee252649c3ad57a0e68cb665e7','user','operation','2017-04-28 11:05:14','{\"item_code\":\"one\",\"type_code\":\"member_duration\",\"item_name\":\"1\",\"display_order\":\"10\",\"enabled_flag\":\"Y\"}','/TSP/app/sys/datadict/addDataDictItem','aizheng','','','','','','','','','',''),('76a056f177c04bb0b46858ecf293c668','user','operation','2017-04-13 06:02:09','{\"node_code\":\"340000\",\"parent_node_code\":\"CN\",\"struct_code\":\"administrative_area\",\"node_name\":\"安徽省\",\"display_order\":\"340000\",\"enabled_flag\":\"Y\",\"description\":\"安徽省\"}','/TSP/app/sys/datastruct/addDataStructNode','aizheng','','','','','','','','','',''),('776808daa13041d0958e8e65039f1151','user','operation','2017-03-25 23:08:16','{\"search_code\":\"tenent\",\"search_name\":\"租户\",\"description\":\"租户\"}','/ADF/app/sys/search/addSearchDefine','aizheng','','','','','','','','','',''),('7800b2cd4afc43a1b1f0cfc10e0943b0','user','operation','2017-04-28 16:43:27','{\"node_code\":\"M\",\"parent_node_code\":\"M\",\"struct_code\":\"menu\",\"node_name\":\"1\",\"display_order\":\"1\",\"enabled_flag\":\"Y\",\"description\":\"\"}','/TSP/app/sys/datastruct/addDataStructNode','aizheng','','','','','','','','','',''),('78cd7f420cba4907aa099b98ecbc454d','user','operation','2017-04-29 07:14:08','{\"item_code\":\"110\",\"type_code\":\"rent_scope\",\"item_name\":\"瑜伽\",\"display_order\":\"110\",\"enabled_flag\":\"Y\"}','/TSP/app/sys/datadict/addDataDictItem','aizheng','','','','','','','','','',''),('7930b9adfb8f4a7fa74a7ab6c0364345','user','operation','2017-04-13 21:48:03','{\"node_code\":\"411400\",\"parent_node_code\":\"410000\",\"struct_code\":\"administrative_area\",\"node_name\":\"商丘市\",\"display_order\":\"411400\",\"enabled_flag\":\"Y\",\"description\":\"商丘市\"}','/TSP/app/sys/datastruct/addDataStructNode','aizheng','','','','','','','','','',''),('79564a21f8ae433082af735796de441a','user','operation','2017-04-29 07:23:43','{\"item_code\":\"120\",\"type_code\":\"tenant_label\",\"item_name\":\"宅男\",\"display_order\":\"120\",\"enabled_flag\":\"Y\"}','/TSP/app/sys/datadict/addDataDictItem','aizheng','','','','','','','','','',''),('7991ab22259242c38c4b0d53553e988a','user','operation','2017-04-25 07:35:49','{\"role_id\":null,\"role_name\":\"运营实体\",\"description\":\"运营实体\"}','/TSP/app/sys/role/addRole','aizheng','','','','','','','','','',''),('79a38e8ce2814645a04b0a30408c91fd','user','operation','2017-04-15 13:30:48','{\"node_code\":\"620300\",\"parent_node_code\":\"620000\",\"struct_code\":\"administrative_area\",\"node_name\":\"金昌市\",\"display_order\":\"620300\",\"enabled_flag\":\"Y\",\"description\":\"金昌市\"}','/TSP/app/sys/datastruct/addDataStructNode','aizheng','','','','','','','','','',''),('7ae22d32e7d84048b3c0d65f1794cb8d','user','operation','2017-03-27 14:18:35','{\"operation_code\":\"sys_parameter_type_remove\",\"function_code\":\"sys_parameter\",\"operation_name\":\"参数类型-删除\",\"description\":\"参数类型-删除\"}','/ADF/app/sys/function/addOperation','aizheng','','','','','','','','','',''),('7af4906864ee4b49a59f8e5c1bce9448','user','login','2017-04-29 04:56:11','aizheng/AbhNfdH5W+iINVshl9hf+nEijK6oOQz+OkodvmKexE+2xUe9MUxlDHhAiJYHJaPp7QkHWL6H+7lSj8m8H0yxrQ==','/TSP/login_validate','aizheng','','','','','','','','','',''),('7bbf04815596429b8023ad175694e7e0','user','operation','2017-04-13 21:40:25','{\"node_code\":\"350100\",\"parent_node_code\":\"350000\",\"struct_code\":\"administrative_area\",\"node_name\":\"福州市\",\"display_order\":\"350100\",\"enabled_flag\":\"Y\",\"description\":\"福州市\"}','/TSP/app/sys/datastruct/addDataStructNode','aizheng','','','','','','','','','',''),('7bc3dcb0eddd497f91ab9a2a45e32afa','user','operation','2017-03-25 08:37:17','{\"item_code\":\"include\",\"type_code\":\"operation_symbol\",\"item_name\":\"包含\",\"display_order\":\"70\",\"enabled_flag\":\"Y\"}','/ADF/app/sys/datadict/addDataDictItem','aizheng','','','','','','','','','',''),('7be0fbd4e6c5426da605a6036c1e78a8','user','operation','2017-04-15 13:10:09','{\"node_code\":\"450600\",\"parent_node_code\":\"450000\",\"struct_code\":\"administrative_area\",\"node_name\":\"防城港市\",\"display_order\":\"450600\",\"enabled_flag\":\"Y\",\"description\":\"防城港市\"}','/TSP/app/sys/datastruct/addDataStructNode','aizheng','','','','','','','','','',''),('7be416b5c7b54e09bbea34893c06f3a8','user','operation','2017-04-29 07:13:55','{\"item_code\":\"100\",\"type_code\":\"rent_scope\",\"item_name\":\"健身\",\"display_order\":\"100\",\"enabled_flag\":\"Y\"}','/TSP/app/sys/datadict/addDataDictItem','aizheng','','','','','','','','','',''),('7bef66ca97b44fd8bfd94540142e4f42','user','operation','2017-04-13 10:02:16','{\"node_code\":\"220100\",\"parent_node_code\":\"220000\",\"struct_code\":\"administrative_area\",\"node_name\":\"长春市\",\"display_order\":\"220100\",\"enabled_flag\":\"Y\",\"description\":\"长春市\"}','/TSP/app/sys/datastruct/addDataStructNode','aizheng','','','','','','','','','',''),('7c3d72cbeb4944bfb464c83f84fad83f','user','operation','2017-04-28 11:10:54','[{\"attribute_code\":\"member_duration\",\"attribute_name\":\"会员时长\",\"attribute_text\":\"\",\"attribute_value\":\"3\",\"ddt_code\":\"\",\"ds_code\":\"\",\"element_type\":\"text\",\"item_code\":\"three\",\"lov_code\":\"\",\"type_code\":\"member_service\"},{\"attribute_code\":\"member_price\",\"attribute_name\":\"会员价格\",\"attribute_text\":\"\",\"attribute_value\":\"199\",\"ddt_code\":\"\",\"ds_code\":\"\",\"element_type\":\"text\",\"item_code\":\"three\",\"lov_code\":\"\",\"type_code\":\"member_service\"}]','/TSP/app/sys/datadict/saveDataDictItemAttributes','aizheng','','','','','','','','','',''),('7c73ec059b8942c2bf03904d809d8512','user','login','2017-04-04 22:18:14','aizheng/OgDT3rTy1yuprJpanii2QSOyIsYxOnGq3fwHUt9iVhAtZnPW6Fsfls+SzNeUBzbfv1dyCnyrSpiHZyKuOrDjNA==','/TSP/login_validate','aizheng','','','','','','','','','',''),('7ce03fe093f14199b2bd10c0dae16d53','user','operation','2017-04-15 13:09:19','{\"node_code\":\"450200\",\"parent_node_code\":\"450000\",\"struct_code\":\"administrative_area\",\"node_name\":\"柳州市\",\"display_order\":\"450200\",\"enabled_flag\":\"Y\",\"description\":\"柳州市\"}','/TSP/app/sys/datastruct/addDataStructNode','aizheng','','','','','','','','','',''),('7d2b1de16673452aba28508c2e5b48bc','user','operation','2017-04-15 13:10:54','{\"node_code\":\"451000\",\"parent_node_code\":\"450000\",\"struct_code\":\"administrative_area\",\"node_name\":\"百色市\",\"display_order\":\"451000\",\"enabled_flag\":\"Y\",\"description\":\"百色市\"}','/TSP/app/sys/datastruct/addDataStructNode','aizheng','','','','','','','','','',''),('7d2d741c5e594d9dbf11e261ca03748c','user','operation','2017-04-01 22:51:23','[{\"attribute_code\":\"font_icon_code\",\"attribute_name\":\"字体图标\",\"attribute_text\":\"\",\"attribute_value\":\"\",\"ddt_code\":\"\",\"ds_code\":\"\",\"element_type\":\"lov\",\"lov_code\":\"lov_font_icon\",\"node_code\":\"M0104\",\"struct_code\":\"menu_resource\"},{\"attribute_code\":\"function_code\",\"attribute_name\":\"功能\",\"attribute_text\":\"\",\"attribute_value\":\"sys_lov\",\"ddt_code\":\"\",\"ds_code\":\"\",\"element_type\":\"lov\",\"lov_code\":\"lov_function\",\"node_code\":\"M0104\",\"struct_code\":\"menu_resource\"}]','/ADF/app/sys/datastruct/saveDataStructNodeAttributes','aizheng','','','','','','','','','',''),('7d56c4f0da074147803ade1d822391a8','user','operation','2017-04-12 21:15:36','{\"type_code\":\"wx_authentication_status\",\"type_name\":\"微信认证状态\",\"description\":\"微信认证状态\"}','/TSP/app/sys/datadict/addDataDictType','aizheng','','','','','','','','','',''),('7db6fd0c8a3642d297ba02d1c844f9fc','user','operation','2017-04-29 07:23:12','{\"item_code\":\"100\",\"type_code\":\"tenant_label\",\"item_name\":\"公务员\",\"display_order\":\"100\",\"enabled_flag\":\"Y\"}','/TSP/app/sys/datadict/addDataDictItem','aizheng','','','','','','','','','',''),('7e070b2259214fa2965ef829bf2fcd55','user','operation','2017-04-13 10:03:14','{\"node_code\":\"220500\",\"parent_node_code\":\"220000\",\"struct_code\":\"administrative_area\",\"node_name\":\"通化市\",\"display_order\":\"220500\",\"enabled_flag\":\"Y\",\"description\":\"通化市\"}','/TSP/app/sys/datastruct/addDataStructNode','aizheng','','','','','','','','','',''),('7e8e4f80cb2a48f9bdc3c17ee1372484','user','operation','2017-04-15 13:37:35','{\"node_code\":\"632800\",\"parent_node_code\":\"630000\",\"struct_code\":\"administrative_area\",\"node_name\":\"海西蒙古族藏族自治州\",\"display_order\":\"632800\",\"enabled_flag\":\"Y\",\"description\":\"海西蒙古族藏族自治州\"}','/TSP/app/sys/datastruct/addDataStructNode','aizheng','','','','','','','','','',''),('7eadf434bd534bd8b1a667b508027a4c','user','operation','2017-04-29 06:27:26','{\"node_code\":\"M\",\"parent_node_code\":\"M\",\"struct_code\":\"menu_resource\",\"node_name\":\"会员管理\",\"display_order\":\"30\",\"enabled_flag\":\"Y\",\"description\":\"会员管理\"}','/TSP/app/sys/datastruct/addDataStructNode','aizheng','','','','','','','','','',''),('7efd01e7271d4d69aec3fe2929c0dc5b','user','operation','2017-04-30 07:25:20','{\"item_code\":\"monkey\",\"type_code\":\"chines_zodiac\",\"item_name\":\"猴\",\"display_order\":\"90\",\"enabled_flag\":\"Y\"}','/TSP/app/sys/datadict/addDataDictItem','aizheng','','','','','','','','','',''),('7f07b9098eed4831b503c9a485f9b458','user','login','2017-03-26 04:15:26','aizheng/EvLy/AHzVUTJhww2zHH/o/EbcDLmzWvX9WNlHHODtK+bbr03hwynTP6zUP8w7/bDPU7PgPtjkTZvN4+4LDajnw==','/ADF/login_validate','aizheng','','','','','','','','','',''),('7f316e1736eb4d3eb515746dc1859884','user','operation','2017-04-13 21:52:24','{\"node_code\":\"429000\",\"parent_node_code\":\"420000\",\"struct_code\":\"administrative_area\",\"node_name\":\"省直辖县级行政区划\",\"display_order\":\"429000\",\"enabled_flag\":\"Y\",\"description\":\"省直辖县级行政区划\"}','/TSP/app/sys/datastruct/addDataStructNode','aizheng','','','','','','','','','',''),('7f44fa3514e94a88a66f31013ecfb8a9','user','operation','2017-04-30 07:34:42','{\"item_code\":\"aquarius\",\"type_code\":\"constellation\",\"item_name\":\"水瓶座\",\"display_order\":\"110\",\"enabled_flag\":\"Y\"}','/TSP/app/sys/datadict/addDataDictItem','aizheng','','','','','','','','','',''),('7f71fd9e0d1540a9b1efaa75a8984ad5','user','operation','2017-05-02 13:27:14','{\"tenant_id\":\"367bd463597b4a2ab23a808088adb750\",\"real_name\":\"艾铮\",\"id_card_no\":\"370832198608110019\",\"id_card_img_front\":\"/img/367bd463597b4a2ab23a808088adb750/id_card_front.png\",\"id_card_img_back\":\"/img/367bd463597b4a2ab23a808088adb750/id_card_back.png\",\"submit_time\":\"2017-05-01 17:18:45\",\"audit_time\":\"2017-05-02 13:27:14\",\"audit_opinion\":\"审核通过\",\"audited_by\":\"2282a5af0e1f403297948eca95877a03\",\"authentication_status\":\"authenticated_pass\",\"attribute1\":null,\"attribute2\":null,\"attribute3\":null,\"attribute4\":null,\"attribute5\":null,\"attribute6\":null,\"attribute7\":null,\"attribute8\":null,\"attribute9\":null,\"attribute10\":null}','/TSP/app/tnt/updateAuthenticationStatus','aizheng','','','','','','','','','',''),('7ffc28c44baf4b11a934b9bc4411e2a4','user','operation','2017-04-28 11:10:25','{\"attribute_code\":\"member_duration\",\"type_code\":\"member_service\",\"attribute_name\":\"会员时长\",\"element_type\":\"text\",\"ddt_code\":\"\",\"lov_code\":\"\",\"ds_code\":\"\",\"description\":\"会员时长\"}','/TSP/app/sys/datadict/addDataDictTypeAttribute','aizheng','','','','','','','','','',''),('800736e6241547918a262210d6d1a6d4','user','operation','2017-04-15 13:23:03','{\"node_code\":\"530900\",\"parent_node_code\":\"530000\",\"struct_code\":\"administrative_area\",\"node_name\":\"临沧市\",\"display_order\":\"530900\",\"enabled_flag\":\"Y\",\"description\":\"临沧市\"}','/TSP/app/sys/datastruct/addDataStructNode','aizheng','','','','','','','','','',''),('8011fb0632f74de0ac31e08579b77f03','user','operation','2017-05-01 17:16:53','{\"item_code\":\"authenticated_failure\",\"type_code\":\"authentication_status\",\"item_name\":\"认证不通过\",\"display_order\":\"40\",\"enabled_flag\":\"Y\"}','/TSP/app/sys/datadict/addDataDictItem','aizheng','','','','','','','','','',''),('801b585d53a246dd97bac9b6e712e228','user','login','2017-04-28 16:08:10','aizheng/CqSTiIQ2nb88ptZJcP3AYA2dsWuNvzKUGkTUQPbIDJXSxz7xKgrCYGYWs6TA+KEzNDjiQIa1yXU8f/ZjDfVGUg==','/TSP/login_validate','aizheng','','','','','','','','','',''),('809fc3a6bdba42f8a5e166c50422ca43','user','login','2017-04-15 16:48:40','aizheng/WDzvbwnYAIfRPdX4ToH3nGCKILHo3Q2lL1NDxJeVpHjfqn2or6+SRl1DjLoEtfBp+vnJT7+JEYt58dY/dtTsmA==','/TSP/login_validate','aizheng','','','','','','','','','',''),('80ae86290312475482097ed1b5dd60d6','user','operation','2017-04-15 15:51:51','4a55b2f373364910bdff5f4f01ec213a/valid','/TSP/app/oe/OperatingEntity/updateStatus','aizheng','','','','','','','','','',''),('81056c0b8c8e468ba0534f66aca419e4','user','operation','2017-04-13 06:02:55','{\"node_code\":\"370000\",\"parent_node_code\":\"CN\",\"struct_code\":\"administrative_area\",\"node_name\":\"山东省\",\"display_order\":\"370000\",\"enabled_flag\":\"Y\",\"description\":\"山东省\"}','/TSP/app/sys/datastruct/addDataStructNode','aizheng','','','','','','','','','',''),('815de3772b514a28b1429c829291fc75','user','login','2017-03-27 16:48:21','aizheng/OK+KNC9AD4Xhi0mtk7+PA2ghTwN1iQn0f48UYx7zK00pGrqJdB+Pr+g5yPkwkxHS/6zqGRUA3/MfOsJsFR5shQ==','/ADF/login_validate','aizheng','','','','','','','','','',''),('816f730b8fbf4d3980c6d2a2dcaeaace','user','login','2017-04-15 16:49:50','aizheng/eBILGB6FLcFwY88KCOYxV8V9pNLKLtrGDBqynJTuPsVi5thPgc+F7znWe9EYHOJ3l4mkGN7YomhKaymvDFK+Zg==','/TSP/login_validate','aizheng','','','','','','','','','',''),('81921906dca9435295eec54976a3f11a','system','exception','2017-03-25 23:04:42','{\"className\":\"org.springframework.jdbc.support.SQLErrorCodeSQLExceptionTranslator\",\"lineNumber\":\"233\",\"message\":\"\\r\\n### Error updating database.  Cause: com.mysql.jdbc.exceptions.jdbc4.MySQLSyntaxErrorException: You have an error in your SQL syntax; check the manual that corresponds to your MySQL server version for the right syntax to use near \'ssc\\n    \\t where ssc.search_code = \'tenent\'\' at line 2\\r\\n### The error may involve defaultParameterMap\\r\\n### The error occurred while setting parameters\\r\\n### SQL: delete        from sys_search_column ssc       where ssc.search_code = ?\\r\\n### Cause: com.mysql.jdbc.exceptions.jdbc4.MySQLSyntaxErrorException: You have an error in your SQL syntax; check the manual that corresponds to your MySQL server version for the right syntax to use near \'ssc\\n    \\t where ssc.search_code = \'tenent\'\' at line 2\\n; bad SQL grammar []; nested exception is com.mysql.jdbc.exceptions.jdbc4.MySQLSyntaxErrorException: You have an error in your SQL syntax; check the manual that corresponds to your MySQL server version for the right syntax to use near \'ssc\\n    \\t where ssc.search_code = \'ten\",\"methodName\":\"doTranslate\"}','','','','','','','','','','','',''),('819d07e2076e49ad95f03660e8b182ca','user','login','2017-05-01 21:55:48','aizheng/ZWgkd+MzR0sWpolSl5IPegnECAPvoKXKY9iO8+xMQOzricxkCd7//Pmni+y3gmCdAFA3qHy7YyRarR8oGpay2Q==','/TSP/login_validate','aizheng','','','','','','','','','',''),('81a11d9e1ed24075bcc3cbb523e25739','user','login','2017-03-26 04:14:32','aizheng/fVkLdC3aHTiu3LYUlySySOFQfWB6woevbnF7UFkpisv84c8HQCdGYgowa2uoJgOq/QN9l07O/j+mXC7qyTAbMw==','/ADF/login_validate','aizheng','','','','','','','','','',''),('8243e69f7d5c45e5a0ab1a9e3a6cf48c','user','login','2017-04-28 14:56:36','aizheng/asQwkM0ciz0s8eXB5X3WmhR82AX/Nj7RDnD2KuaE0+/ojiZHnmEU0ntG2+fW7v/yj1LTMDttCZREEjQLkC76xg==','/TSP/login_validate','aizheng','','','','','','','','','',''),('82589c2202d546aa899d95f11b2d4ca3','user','operation','2017-04-13 10:02:32','{\"node_code\":\"220200\",\"parent_node_code\":\"220000\",\"struct_code\":\"administrative_area\",\"node_name\":\"吉林市\",\"display_order\":\"220200\",\"enabled_flag\":\"Y\",\"description\":\"吉林市\"}','/TSP/app/sys/datastruct/addDataStructNode','aizheng','','','','','','','','','',''),('82f320f4c64747aeb11a0299f146a2f7','user','operation','2017-04-15 13:23:56','{\"node_code\":\"532800\",\"parent_node_code\":\"530000\",\"struct_code\":\"administrative_area\",\"node_name\":\"西双版纳傣族自治州\",\"display_order\":\"532800\",\"enabled_flag\":\"Y\",\"description\":\"西双版纳傣族自治州\"}','/TSP/app/sys/datastruct/addDataStructNode','aizheng','','','','','','','','','',''),('82fc4946d63941a58264386cb89d3c23','user','operation','2017-03-27 15:28:01','{\"parameter_code\":\"datetime\",\"parameter_name\":\"日期时间\",\"parameter_type\":\"system_setup\",\"element_type\":\"datetime\",\"ddt_code\":\"\",\"lov_code\":\"\",\"ds_code\":\"\",\"display_order\":\"40\",\"description\":\"\"}','/ADF/app/sys/parameter/addParameterDefine','aizheng','','','','','','','','','',''),('834d38439c4b4cd29eaa1f5aaf915c1f','user','login','2017-04-27 14:08:17','aizheng/KaXw3R6320/ChseP1WOIoXrakYp3oprjoFD9ZS416J3QCwx5fVaRI2en+usuhvMy+a+CVdvfSIV14RMBX+kn1Q==','/TSP/login_validate','aizheng','','','','','','','','','',''),('8381ca5398024f02a09e099e3997d96a','user','operation','2017-03-27 15:47:50','{\"parameter_code\":\"menu_struct_code\",\"parameter_name\":\"菜单结构\",\"parameter_type\":\"system_setup\",\"element_type\":\"tree\",\"ddt_code\":\"\",\"lov_code\":\"\",\"ds_code\":\"menu_resource\",\"display_order\":\"10\",\"description\":\"菜单结构\"}','/ADF/app/sys/parameter/addParameterDefine','aizheng','','','','','','','','','',''),('839e86c2433447818f23d827874ad841','user','operation','2017-04-13 09:20:10','{\"node_code\":\"210100\",\"parent_node_code\":\"210000\",\"struct_code\":\"administrative_area\",\"node_name\":\"沈阳市\",\"display_order\":\"210100\",\"enabled_flag\":\"Y\",\"description\":\"沈阳市\"}','/TSP/app/sys/datastruct/addDataStructNode','aizheng','','','','','','','','','',''),('83df1cebba234a75b3952e9610c24280','user','operation','2017-04-13 21:53:45','{\"node_code\":\"430600\",\"parent_node_code\":\"430000\",\"struct_code\":\"administrative_area\",\"node_name\":\"岳阳市\",\"display_order\":\"430600\",\"enabled_flag\":\"Y\",\"description\":\"岳阳市\"}','/TSP/app/sys/datastruct/addDataStructNode','aizheng','','','','','','','','','',''),('83f5708bde2e4f459250a2a452a3d73b','user','login','2017-04-15 16:36:19','aizheng/RDYc+KotVH/2myfxErm9Pyqo1NuBKLE+kOLDweqUZDnwOMQXtM6dyoKkdQ7a6/VWbVkkfoMZANjsFirUMGbyrQ==','/TSP/login_validate','aizheng','','','','','','','','','',''),('84dd22696d7c4dd786c37ca0b42cebba','user','operation','2017-04-13 06:00:45','{\"node_code\":\"220000\",\"parent_node_code\":\"CN\",\"struct_code\":\"administrative_area\",\"node_name\":\"吉林省\",\"display_order\":\"220000\",\"enabled_flag\":\"Y\",\"description\":\"吉林省\"}','/TSP/app/sys/datastruct/addDataStructNode','aizheng','','','','','','','','','',''),('84e541e0698b42728cdd007e2f95c138','user','login','2017-04-28 15:02:21','aizheng/V+MJqTnFKT0SJqLMrhvKWCGQdTWzEYEFfq2AFgb5k9cB7UVK0kMwJLlVDDcv9hBf3NtJs2+aGAUYO7tRt40Nlw==','/TSP/login_validate','aizheng','','','','','','','','','',''),('84ef7a87e90a4edea277742f55e07b4d','user','operation','2017-03-24 12:43:48','{\"role_id\":\"2c08a801b74640d9a98a125dbb973410\",\"role_name\":\"超级管理员\",\"description\":\"超级管理员\"}','/ADF/app/sys/role/editRole','aizheng','','','','','','','','','',''),('850b7b8dd9d44cf4a7434d7b37112d0a','user','operation','2017-04-13 21:54:08','{\"node_code\":\"430800\",\"parent_node_code\":\"430000\",\"struct_code\":\"administrative_area\",\"node_name\":\"张家界市\",\"display_order\":\"430800\",\"enabled_flag\":\"Y\",\"description\":\"张家界市\"}','/TSP/app/sys/datastruct/addDataStructNode','aizheng','','','','','','','','','',''),('8513748fca824da8a70327411b2a306a','system','exception','2017-03-27 16:49:46','{\"className\":\"org.adf.application.modules.system.service.ParameterService\",\"lineNumber\":\"77\",\"message\":\"/ by zero\",\"methodName\":\"removeParameterType\"}','','','','','','','','','','','',''),('8515093121de488eb2b7c8a2364ae3bc','user','login','2017-05-19 14:25:32','aizheng/I5WqX3IqqkTPyYDsh5q4YeeIDurz1Xbkw58D4sDwf7dwDrvbB7jSKK7WDcTBoYBiuNOfS7wOhHuRi/a7TZ/PFQ==','/TSP/login_validate','aizheng','','','','','','','','','',''),('8540902a9d7a4aeea8eed4f8a452de71','user','operation','2017-04-28 11:13:20','{\"item_code\":\"six\",\"type_code\":\"member_service\",\"item_name\":\"6个月299元\",\"display_order\":\"30\",\"enabled_flag\":\"Y\"}','/TSP/app/sys/datadict/editDataDictItem','aizheng','','','','','','','','','',''),('8567db0c4c734d1fa77ce90ea4188729','user','operation','2017-04-13 06:01:34','{\"node_code\":\"320000\",\"parent_node_code\":\"CN\",\"struct_code\":\"administrative_area\",\"node_name\":\"江苏省\",\"display_order\":\"320000\",\"enabled_flag\":\"Y\",\"description\":\"江苏省\"}','/TSP/app/sys/datastruct/addDataStructNode','aizheng','','','','','','','','','',''),('856ff25418bd482c96c7cb4fab8f1484','user','operation','2017-04-16 04:22:07','4a55b2f373364910bdff5f4f01ec213a/valid','/TSP/app/oe/OperatingEntity/updateStatus','aizheng','','','','','','','','','',''),('85b6e631d6ba4cc8a80cfd7f5e465a36','user','operation','2017-04-28 16:43:37','{\"node_code\":\"M01\",\"parent_node_code\":\"M01\",\"struct_code\":\"menu\",\"node_name\":\"11\",\"display_order\":\"1\",\"enabled_flag\":\"Y\",\"description\":\"\"}','/TSP/app/sys/datastruct/addDataStructNode','aizheng','','','','','','','','','',''),('85b9c18a70854ecab264f6a3f2a81f9c','user','operation','2017-04-13 06:02:25','{\"node_code\":\"350000\",\"parent_node_code\":\"CN\",\"struct_code\":\"administrative_area\",\"node_name\":\"福建省\",\"display_order\":\"350000\",\"enabled_flag\":\"Y\",\"description\":\"福建省\"}','/TSP/app/sys/datastruct/addDataStructNode','aizheng','','','','','','','','','',''),('86151ed90c404dab83ea66e97805def4','user','operation','2017-03-25 21:50:41','LogMgr|avc','/ADF/app/sys/search/removeSearchColumn','aizheng','','','','','','','','','',''),('86642e2c35a84457926ec32b1f51ad61','user','operation','2017-04-15 13:29:47','{\"node_code\":\"610900\",\"parent_node_code\":\"610000\",\"struct_code\":\"administrative_area\",\"node_name\":\"安康市\",\"display_order\":\"610900\",\"enabled_flag\":\"Y\",\"description\":\"安康市\"}','/TSP/app/sys/datastruct/addDataStructNode','aizheng','','','','','','','','','',''),('8684746c46ca493e9a76efc3570d98ee','user','operation','2017-04-29 16:58:21','{\"service_id\":null,\"member_type\":\"member_type\",\"member_duration\":\"1\",\"member_price\":\"2\",\"service_name\":\"2\",\"service_name_ext\":\"2\",\"create_date\":null,\"created_by\":\"2282a5af0e1f403297948eca95877a03\",\"last_update_date\":null,\"last_updated_by\":\"2282a5af0e1f403297948eca95877a03\",\"attribute1\":null,\"attribute2\":null,\"attribute3\":null,\"attribute4\":null,\"attribute5\":null,\"attribute6\":null,\"attribute7\":null,\"attribute8\":null,\"attribute9\":null,\"attribute10\":null}','/TSP/app/mbr/service/addMemberService','aizheng','','','','','','','','','',''),('86a95a279a73425f8cb35f4a3d68d9a8','user','login','2017-03-25 21:58:16','aizheng/c2gW57zKiFJMX0HzC2PWy/JhGKIibosX4+7w1lMiOlrAwxBvpXpIopuSOVLSN6kzKR8Xq8Sf46TLlj1Bw2nM7A==','/ADF/login_validate','aizheng','','','','','','','','','',''),('876415df962f41b4895de4d8d73c1f06','user','operation','2017-03-25 07:31:57','[{\"attribute_code\":\"font_icon_code\",\"attribute_name\":\"字体图标\",\"attribute_text\":\"\",\"attribute_value\":\"\",\"ddt_code\":\"\",\"ds_code\":\"\",\"element_type\":\"lov\",\"lov_code\":\"lov_font_icon\",\"node_code\":\"M0114\",\"struct_code\":\"menu_resource\"},{\"attribute_code\":\"function_code\",\"attribute_name\":\"功能\",\"attribute_text\":\"\",\"attribute_value\":\"sys_search\",\"ddt_code\":\"\",\"ds_code\":\"\",\"element_type\":\"lov\",\"lov_code\":\"lov_function\",\"node_code\":\"M0114\",\"struct_code\":\"menu_resource\"}]','/ADF/app/sys/datastruct/saveDataStructNodeAttributes','aizheng','','','','','','','','','',''),('878ec25fc2804fad841b15d1dc885fb5','user','operation','2017-04-13 10:05:11','{\"node_code\":\"230500\",\"parent_node_code\":\"230000\",\"struct_code\":\"administrative_area\",\"node_name\":\"双鸭山市\",\"display_order\":\"230500\",\"enabled_flag\":\"Y\",\"description\":\"双鸭山市\"}','/TSP/app/sys/datastruct/addDataStructNode','aizheng','','','','','','','','','',''),('87e340075c2d4eeebfda808593f49351','user','operation','2017-04-29 16:56:52','{\"service_id\":null,\"member_type\":\"member_type\",\"member_duration\":\"1\",\"member_price\":\"321\",\"service_name\":\"123\",\"service_name_ext\":\"321\",\"create_date\":null,\"created_by\":\"2282a5af0e1f403297948eca95877a03\",\"last_update_date\":null,\"last_updated_by\":\"2282a5af0e1f403297948eca95877a03\",\"attribute1\":null,\"attribute2\":null,\"attribute3\":null,\"attribute4\":null,\"attribute5\":null,\"attribute6\":null,\"attribute7\":null,\"attribute8\":null,\"attribute9\":null,\"attribute10\":null}','/TSP/app/mbr/service/addMemberService','aizheng','','','','','','','','','',''),('881642756f0d435aab7a847b73741134','user','login','2017-04-23 11:51:34','15853257351/NuGwI4Y9BGYwV3EXkZYkR/Pq8PumvfZEHtqiTyuHbanTdZ7jH31ugkBgDkSa9nU/0PTEwdSK3Po7WwpIabyOxw==','/TSP/login_validate','15853257351','','','','','','','','','',''),('88451e6427d746cebc8e766f01066a89','user','operation','2017-04-29 22:32:54','{\"auth_id\":\"16278b5840e8451db5363a0f0d98c6f3\",\"member_type\":\"general\",\"member_auth_type\":\"see_rent_count\",\"member_auth_name\":\"2.无限次查看出租人的出租次数\",\"member_auth_value\":\"0\",\"create_date\":\"2017-04-29 22:28:32\",\"created_by\":\"2282a5af0e1f403297948eca95877a03\",\"last_update_date\":null,\"last_updated_by\":\"2282a5af0e1f403297948eca95877a03\",\"attribute1\":null,\"attribute2\":null,\"attribute3\":null,\"attribute4\":null,\"attribute5\":null,\"attribute6\":null,\"attribute7\":null,\"attribute8\":null,\"attribute9\":null,\"attribute10\":null}','/TSP/app/mbr/auth/editMemberAuth','aizheng','','','','','','','','','',''),('88dd771d97ee420181f7babbdb78030e','user','login','2017-03-24 10:43:56','aizheng/VkqogwBygbCagVn9idvMiU0YM8Yakisu/MoiX59XakeCpsxS5l5FIcrX5PPCXQ+QbNwmVaH4w8R+n2d4TABElQ==','/ADF/login_validate','aizheng','','','','','','','','','',''),('88def442b772495e9ad410941c3dfa30','user','operation','2017-03-25 07:30:04','{\"operation_code\":\"sys_search_column_add\",\"function_code\":\"sys_search\",\"operation_name\":\"搜索列-新建\",\"description\":\"搜索列-新建\"}','/ADF/app/sys/function/addOperation','aizheng','','','','','','','','','',''),('88df9b59c4f440babf10cc6076455d61','user','operation','2017-04-29 07:22:29','{\"item_code\":\"70\",\"type_code\":\"tenant_label\",\"item_name\":\"程序猿\",\"display_order\":\"70\",\"enabled_flag\":\"Y\"}','/TSP/app/sys/datadict/addDataDictItem','aizheng','','','','','','','','','',''),('8972dd5e175448baa181b2fb0f49de39','user','operation','2017-04-13 21:42:13','{\"node_code\":\"350900\",\"parent_node_code\":\"350000\",\"struct_code\":\"administrative_area\",\"node_name\":\"宁德市\",\"display_order\":\"350900\",\"enabled_flag\":\"Y\",\"description\":\"宁德市\"}','/TSP/app/sys/datastruct/addDataStructNode','aizheng','','','','','','','','','',''),('89752cf6752647fdad3f803e1b2a6d05','user','operation','2017-04-29 17:44:44','{\"service_id\":\"4c427839e28444be976077e0f52390e9\",\"member_type\":\"general\",\"member_duration\":\"6\",\"member_price\":\"288\",\"service_name\":\"6个月288元\",\"service_name_ext\":\"优惠45%\",\"create_date\":\"2017-04-29 16:58:21\",\"created_by\":\"2282a5af0e1f403297948eca95877a03\",\"last_update_date\":null,\"last_updated_by\":\"2282a5af0e1f403297948eca95877a03\",\"attribute1\":null,\"attribute2\":null,\"attribute3\":null,\"attribute4\":null,\"attribute5\":null,\"attribute6\":null,\"attribute7\":null,\"attribute8\":null,\"attribute9\":null,\"attribute10\":null}','/TSP/app/mbr/service/editMemberService','aizheng','','','','','','','','','',''),('89d221ce53cd4280b1588d6390c255dc','user','operation','2017-04-16 04:20:17','{\"entity_id\":\"4a55b2f373364910bdff5f4f01ec213a\",\"entity_name\":\"TimeSharePlatform\",\"wx_public_no_type\":\"subscibe\",\"wx_public_no_id\":\"gh_d4c5ac837a87\",\"wx_public_no_code\":\"TimeSharePlatform\",\"wx_public_no_name\":\"TimeSharePlatform\",\"wx_public_no_desc\":\"时间分享平台\",\"wx_country\":\"CN\",\"wx_province\":\"370000\",\"wx_city\":\"370200\",\"wx_authentication_status\":\"N\",\"wx_payment_status\":\"N\",\"wx_developer_app_id\":\"wx7d3bc8ad5516c0b3\",\"wx_developer_app_secret\":\"c23565f98385cb249a1d5b230e392127\",\"wx_server_url\":\"http://t16971b592.51mypc.cn/TSPS\",\"wx_server_token\":\"\",\"wx_server_encoding_aes_key\":\"\",\"wx_server_encoding_type\":\"plaintext\",\"wx_mch_id\":\"\",\"operator\":\"艾铮\",\"email\":\"aisunny1986@yeah.net\",\"mobilephone\":\"15853257351\",\"start_date\":\"2017-04-16\",\"end_date\":\"2018-04-15\",\"status\":\"valid\",\"description\":\"时间分享平台\",\"create_date\":\"2017-04-15 14:58:17\",\"created_by\":\"2282a5af0e1f403297948eca95877a03\",\"last_update_date\":null,\"last_updated_by\":\"2282a5af0e1f403297948eca95877a03\",\"attribute1\":\"\",\"attribute2\":\"\",\"attribute3\":\"\",\"attribute4\":\"\",\"attribute5\":\"\",\"attribute6\":\"\",\"attribute7\":\"\",\"attribute8\":\"\",\"attribute9\":\"\",\"attribute10\":\"\"}','/TSP/app/oe/OperatingEntity/editOperatingEntity','aizheng','','','','','','','','','',''),('89e1dbd61ae14bf7b23a92e15199f784','user','operation','2017-03-28 07:02:24','{\"attribute_code\":\"time\",\"struct_code\":\"menu_resource\",\"attribute_name\":\"时间\",\"element_type\":\"time\",\"ddt_code\":\"\",\"ds_code\":\"\",\"lov_code\":\"\",\"description\":\"\"}','/ADF/app/sys/datastruct/addDataStructAttribute','aizheng','','','','','','','','','',''),('89fc5e33c0cf4d52aa923a98fbbfbfef','user','operation','2017-04-29 07:27:53','{\"item_code\":\"230\",\"type_code\":\"tenant_label\",\"item_name\":\"八卦\",\"display_order\":\"230\",\"enabled_flag\":\"Y\"}','/TSP/app/sys/datadict/addDataDictItem','aizheng','','','','','','','','','',''),('8a238bb650804a5c87b56cabf545324a','user','operation','2017-04-01 22:55:00','[{\"attribute_code\":\"font_icon_code\",\"attribute_name\":\"字体图标\",\"attribute_text\":\"\",\"attribute_value\":\"fa-sticky-note\",\"ddt_code\":\"\",\"ds_code\":\"\",\"element_type\":\"lov\",\"lov_code\":\"lov_font_icon\",\"node_code\":\"M0110\",\"struct_code\":\"menu_resource\"},{\"attribute_code\":\"function_code\",\"attribute_name\":\"功能\",\"attribute_text\":\"\",\"attribute_value\":\"sys_user\",\"ddt_code\":\"\",\"ds_code\":\"\",\"element_type\":\"lov\",\"lov_code\":\"lov_function\",\"node_code\":\"M0110\",\"struct_code\":\"menu_resource\"}]','/ADF/app/sys/datastruct/saveDataStructNodeAttributes','aizheng','','','','','','','','','',''),('8a753051ad8a48ef928fd159127e617a','user','operation','2017-05-02 13:24:18','[{\"attribute_code\":\"font_icon_code\",\"attribute_name\":\"字体图标\",\"attribute_text\":\"\",\"attribute_value\":\"\",\"ddt_code\":\"\",\"ds_code\":\"\",\"element_type\":\"lov\",\"lov_code\":\"lov_font_icon\",\"node_code\":\"M0402\",\"struct_code\":\"menu_resource\"},{\"attribute_code\":\"function_code\",\"attribute_name\":\"功能\",\"attribute_text\":\"\",\"attribute_value\":\"tnt_authentication\",\"ddt_code\":\"\",\"ds_code\":\"\",\"element_type\":\"lov\",\"lov_code\":\"lov_function\",\"node_code\":\"M0402\",\"struct_code\":\"menu_resource\"}]','/TSP/app/sys/datastruct/saveDataStructNodeAttributes','aizheng','','','','','','','','','',''),('8a7d0be1c44d4b1a9622071cf946b1f3','user','operation','2017-04-15 13:22:17','{\"node_code\":\"530500\",\"parent_node_code\":\"530000\",\"struct_code\":\"administrative_area\",\"node_name\":\"保山市\",\"display_order\":\"530500\",\"enabled_flag\":\"Y\",\"description\":\"保山市\"}','/TSP/app/sys/datastruct/addDataStructNode','aizheng','','','','','','','','','',''),('8a8826bd9ba4490f8968dd1b50a908bc','user','operation','2017-04-15 13:32:11','{\"node_code\":\"620800\",\"parent_node_code\":\"620000\",\"struct_code\":\"administrative_area\",\"node_name\":\"平凉市\",\"display_order\":\"620800\",\"enabled_flag\":\"Y\",\"description\":\"平凉市\"}','/TSP/app/sys/datastruct/addDataStructNode','aizheng','','','','','','','','','',''),('8a993a5740ef4046a43681d024359f86','system','exception','2017-04-25 09:05:14','{\"className\":\"net.sf.json.util.PropertySetStrategy$DefaultPropertySetStrategy\",\"lineNumber\":\"69\",\"message\":\"java.lang.NoSuchMethodException: Unknown property \'wx_public_no_type\' on class \'class org.adf.application.common.mybatis.entity.OeOperatingEntity\'\",\"methodName\":\"_setProperty\"}','','','','','','','','','','','',''),('8ae7b9666f9a4d06b0f6c950ee0a4634','user','login','2017-03-25 22:35:32','aizheng/RjUJIQA56+h6ICqWnL8m5G0JlS8OKtllOYKmLo7RPA67ycO/Ldr3gVPoH8dMrFoD28+ce4Ia290XIMvCk16Wew==','/ADF/login_validate','aizheng','','','','','','','','','',''),('8b16449f05af46daaec7fe3287a63277','user','operation','2017-04-15 13:26:33','{\"node_code\":\"540500\",\"parent_node_code\":\"540000\",\"struct_code\":\"administrative_area\",\"node_name\":\"山南市\",\"display_order\":\"540500\",\"enabled_flag\":\"Y\",\"description\":\"山南市\"}','/TSP/app/sys/datastruct/addDataStructNode','aizheng','','','','','','','','','',''),('8b9faca2c8ad4b09ae494efc0123cf4c','user','operation','2017-04-12 21:14:17','{\"type_code\":\"wx_public_no_type\",\"type_name\":\"微信公众号类型\",\"description\":\"微信公众号类型\"}','/TSP/app/sys/datadict/addDataDictType','aizheng','','','','','','','','','',''),('8c3c856ced6a4e5c8a0f7b457fa0a4fd','user','operation','2017-04-15 13:35:10','{\"node_code\":\"630100\",\"parent_node_code\":\"630000\",\"struct_code\":\"administrative_area\",\"node_name\":\"西宁市\",\"display_order\":\"630100\",\"enabled_flag\":\"Y\",\"description\":\"西宁市\"}','/TSP/app/sys/datastruct/addDataStructNode','aizheng','','','','','','','','','',''),('8c41c8014c3f45eda5fe5d7045742403','user','login','2017-04-27 14:16:58','aizheng/Yyo/3aYXsAAWpp/YhZN7cdSfjMsIIf4INVfz+vy9JDr6ynT7yWcwUqadRKeiP1TIY63uKeIU636qPVxXYFfdLw==','/TSP/login_validate','aizheng','','','','','','','','','',''),('8cc2ac92de06468ebf026085733b857b','user','operation','2017-04-28 11:01:35','{\"item_code\":\"platinum\",\"type_code\":\"member_type\",\"item_name\":\"白金会员\",\"display_order\":\"30\",\"enabled_flag\":\"Y\"}','/TSP/app/sys/datadict/addDataDictItem','aizheng','','','','','','','','','',''),('8cdbb8fbcf384534961f1ce3791165e1','user','operation','2017-04-26 07:48:19','{\"lov_code\":\"lov_operating_entity_v\",\"lov_name\":\"运营实体值列表\",\"view_name\":\"lov_operating_entity_v\",\"description\":\"运营实体值列表\"}','/TSP/app/sys/lov/saveLovInfo','aizheng','','','','','','','','','',''),('8d263cd70b6c4f8885c7a8880af5bea4','user','login','2017-03-26 04:12:00','aizheng/SO2Jhkmt0eZTrXCGWbWxe/fJOAG9ruC4oFnhUksOozS9MlEJbCTD3gLsvQ8BD8kNBtX66z2Uz5Ff2H4q5LqHWw==','/ADF/login_validate','aizheng','','','','','','','','','',''),('8d2ad164ed4a4e0ba3e479fb6f7c2f77','user','operation','2017-04-28 15:13:54','{\"role_id\":\"34d68f3512ba4768ba3214e7736bb225\",\"resource_id\":\"4a55b2f373364910bdff5f4f01ec213a\",\"resource_type\":\"operating_entity\"}','/TSP/app/sys/role/addRoleOperatingEntity','aizheng','','','','','','','','','',''),('8d633f98fa1e4fc69f7fcd37b41124b4','user','login','2017-05-01 02:43:43','aizheng/Yfn+u7slpVJ+WP+MxCnDfmCv76GRJ7NN91A/AdIks3IN5JECM3X8keLDkftinWIY3CbbgeK3RlY6S0zgj1xEBA==','/TSP/login_validate','aizheng','','','','','','','','','',''),('8d97764b7fb84df3b6cd1508cbe14b57','system','exception','2017-04-25 09:00:21','{\"className\":\"net.sf.json.util.PropertySetStrategy$DefaultPropertySetStrategy\",\"lineNumber\":\"69\",\"message\":\"java.lang.NoSuchMethodException: Unknown property \'wx_public_no_type\' on class \'class org.adf.application.common.mybatis.entity.OeOperatingEntity\'\",\"methodName\":\"_setProperty\"}','','','','','','','','','','','',''),('8dacdec67b1345a2b3c69fc8c7601f20','user','operation','2017-04-28 16:42:01','[{\"attribute_code\":\"font_icon_code\",\"attribute_name\":\"字体图标\",\"attribute_text\":\"\",\"attribute_value\":\"fa-arrows-v\",\"ddt_code\":\"\",\"ds_code\":\"\",\"element_type\":\"lov\",\"lov_code\":\"lov_font_icon\",\"node_code\":\"M020401\",\"struct_code\":\"menu_resource\"},{\"attribute_code\":\"function_code\",\"attribute_name\":\"功能\",\"attribute_text\":\"\",\"attribute_value\":\"\",\"ddt_code\":\"\",\"ds_code\":\"\",\"element_type\":\"lov\",\"lov_code\":\"lov_function\",\"node_code\":\"M020401\",\"struct_code\":\"menu_resource\"}]','/TSP/app/sys/datastruct/saveDataStructNodeAttributes','aizheng','','','','','','','','','',''),('8dbf0f8d88b345eebd269d90b50343fc','user','operation','2017-04-29 16:13:01','{\"function_code\":\"mbr_member_service\",\"function_name\":\"会员服务设置\",\"function_url\":\"/app/mbr/service/MemberServiceMgr\",\"description\":\"会员服务设置\"}','/TSP/app/sys/function/editFunction','aizheng','','','','','','','','','',''),('8e279bf59fcb450789f23cb6a25253c5','user','operation','2017-04-01 22:57:13','[{\"attribute_code\":\"font_icon_code\",\"attribute_name\":\"字体图标\",\"attribute_text\":\"\",\"attribute_value\":\"fa-bars\",\"ddt_code\":\"\",\"ds_code\":\"\",\"element_type\":\"lov\",\"lov_code\":\"lov_font_icon\",\"node_code\":\"M0104\",\"struct_code\":\"menu_resource\"},{\"attribute_code\":\"function_code\",\"attribute_name\":\"功能\",\"attribute_text\":\"\",\"attribute_value\":\"sys_lov\",\"ddt_code\":\"\",\"ds_code\":\"\",\"element_type\":\"lov\",\"lov_code\":\"lov_function\",\"node_code\":\"M0104\",\"struct_code\":\"menu_resource\"}]','/ADF/app/sys/datastruct/saveDataStructNodeAttributes','aizheng','','','','','','','','','',''),('8eb367c10de84641bcc78b164c5860ac','user','operation','2017-04-28 16:48:20','{\"node_code\":\"M\",\"parent_node_code\":\"M\",\"struct_code\":\"menu\",\"node_name\":\"1\",\"display_order\":\"1\",\"enabled_flag\":\"Y\",\"description\":\"\"}','/TSP/app/sys/datastruct/addDataStructNode','aizheng','','','','','','','','','',''),('8eecbe46cb074823adc2626258eabaab','user','login','2017-04-15 16:42:21','aizheng/iAH18Hocf0UxHxUImk/gkUy03EsXjzwtw36ylv7SKKanxXOW/j93i/GGmJhII3U+r+fBysOKIX+wjZUM/33y5g==','/TSP/login_validate','aizheng','','','','','','','','','',''),('8ef06d8ee37145689bd62cf3df5095a7','user','operation','2017-03-28 07:16:50','test2','/ADF/app/sys/function/removeOperation','aizheng','','','','','','','','','',''),('8ef52eb22a7a4440ae34886f51571d18','user','operation','2017-04-13 21:52:11','{\"node_code\":\"422800\",\"parent_node_code\":\"420000\",\"struct_code\":\"administrative_area\",\"node_name\":\"恩施土家族苗族自治州\",\"display_order\":\"422800\",\"enabled_flag\":\"Y\",\"description\":\"恩施土家族苗族自治州\"}','/TSP/app/sys/datastruct/addDataStructNode','aizheng','','','','','','','','','',''),('8f4f6431f5564deaab30d2aa46b74869','user','operation','2017-05-01 01:55:21','[{\"ddt_code\":\"\",\"ddt_text\":\"\",\"description\":\"\",\"display_order\":\"10\",\"ds_code\":\"\",\"ds_text\":\"\",\"element_type\":\"text\",\"element_type_name\":\"文本框\",\"lov_code\":\"\",\"lov_text\":\"\",\"parameter_code\":\"img_server_url\",\"parameter_name\":\"图片服务器URL\",\"parameter_type\":\"system_setup\",\"parameter_value\":\"http://localhost:8080/TSPIMG\"}]','/TSP/app/sys/parameter/saveParameterConfig','aizheng','','','','','','','','','',''),('9003caaf48ca43ed99c90aab9e7aa19a','user','operation','2017-04-13 10:11:07','{\"node_code\":\"330100\",\"parent_node_code\":\"330000\",\"struct_code\":\"administrative_area\",\"node_name\":\"杭州市\",\"display_order\":\"330100\",\"enabled_flag\":\"Y\",\"description\":\"杭州市\"}','/TSP/app/sys/datastruct/addDataStructNode','aizheng','','','','','','','','','',''),('9081475a243545b1817b3724ada55f76','user','operation','2017-04-30 07:25:57','{\"item_code\":\"dog\",\"type_code\":\"chines_zodiac\",\"item_name\":\"狗\",\"display_order\":\"110\",\"enabled_flag\":\"Y\"}','/TSP/app/sys/datadict/addDataDictItem','aizheng','','','','','','','','','',''),('91083907532344aab5c3f5dfde073d6b','user','operation','2017-04-27 13:56:11','{\"lov_code\":\"lov_operating_entity\",\"lov_name\":\"运营实体值列表\",\"view_name\":\"lov_operating_entity_v\",\"dynamic_condition\":null,\"description\":\"运营实体值列表\"}','/TSP/app/sys/lov/saveLovInfo','aizheng','','','','','','','','','',''),('911f5c6e67b94151a3b36e9f02c983ad','user','operation','2017-04-13 10:14:33','{\"node_code\":\"340600\",\"parent_node_code\":\"340000\",\"struct_code\":\"administrative_area\",\"node_name\":\"淮北市\",\"display_order\":\"340600\",\"enabled_flag\":\"Y\",\"description\":\"淮北市\"}','/TSP/app/sys/datastruct/addDataStructNode','aizheng','','','','','','','','','',''),('91bbd192702a44a79fd057a1e3238315','user','operation','2017-04-15 13:38:56','{\"node_code\":\"640500\",\"parent_node_code\":\"640000\",\"struct_code\":\"administrative_area\",\"node_name\":\"中卫市\",\"display_order\":\"640500\",\"enabled_flag\":\"Y\",\"description\":\"中卫市\"}','/TSP/app/sys/datastruct/addDataStructNode','aizheng','','','','','','','','','',''),('91f9a3482fcb4ef88dc3a63375564d15','user','operation','2017-04-15 13:22:41','{\"node_code\":\"530700\",\"parent_node_code\":\"530000\",\"struct_code\":\"administrative_area\",\"node_name\":\"丽江市\",\"display_order\":\"530700\",\"enabled_flag\":\"Y\",\"description\":\"丽江市\"}','/TSP/app/sys/datastruct/addDataStructNode','aizheng','','','','','','','','','',''),('923c31cd0ec042bb84667ce8c89d65fc','user','operation','2017-03-25 08:40:30','{\"column_code\":\"log_content\",\"search_code\":\"LogMgr\",\"column_name\":\"日志内容\",\"column_sql\":\"sl.log_content\",\"operation_symbol\":\"include\",\"element_type\":\"text\",\"ddt_code\":\"\",\"lov_code\":\"\",\"ds_code\":\"\",\"display_order\":\"30\",\"description\":\"日志内容\"}','/ADF/app/sys/search/addSearchColumn','aizheng','','','','','','','','','',''),('9247f11e361a4f8097726bda05a67271','user','operation','2017-04-13 08:09:49','{\"node_code\":\"150500\",\"parent_node_code\":\"150000\",\"struct_code\":\"administrative_area\",\"node_name\":\"通辽市\",\"display_order\":\"150500\",\"enabled_flag\":\"Y\",\"description\":\"通辽市\"}','/TSP/app/sys/datastruct/addDataStructNode','aizheng','','','','','','','','','',''),('9284d6fc7bcd4c5c88c814802b14b77e','user','operation','2017-04-15 13:41:30','{\"node_code\":\"653000\",\"parent_node_code\":\"650000\",\"struct_code\":\"administrative_area\",\"node_name\":\"克孜勒苏柯尔克孜自治州\",\"display_order\":\"653000\",\"enabled_flag\":\"Y\",\"description\":\"克孜勒苏柯尔克孜自治州\"}','/TSP/app/sys/datastruct/addDataStructNode','aizheng','','','','','','','','','',''),('9296016b423f45be8537bebb9a368613','user','operation','2017-04-13 09:21:47','{\"node_code\":\"210900\",\"parent_node_code\":\"210000\",\"struct_code\":\"administrative_area\",\"node_name\":\"阜新市\",\"display_order\":\"210900\",\"enabled_flag\":\"Y\",\"description\":\"阜新市\"}','/TSP/app/sys/datastruct/addDataStructNode','aizheng','','','','','','','','','',''),('9325a69fef8f446ea02a53d51850b669','user','operation','2017-05-01 20:57:28','{\"item_code\":\"authenticated_nopass\",\"type_code\":\"authentication_status\",\"item_name\":\"认证不通过\",\"display_order\":\"40\",\"enabled_flag\":\"Y\"}','/TSP/app/sys/datadict/addDataDictItem','aizheng','','','','','','','','','',''),('93611aed04ba4cbaa3834a81d82faddc','user','operation','2017-04-29 22:28:32','{\"auth_id\":null,\"member_type\":\"general\",\"member_auth_type\":\"see_rent_count\",\"member_auth_name\":\"无限次查看出租人出租次数\",\"member_auth_value\":\"0\",\"create_date\":null,\"created_by\":\"2282a5af0e1f403297948eca95877a03\",\"last_update_date\":null,\"last_updated_by\":\"2282a5af0e1f403297948eca95877a03\",\"attribute1\":null,\"attribute2\":null,\"attribute3\":null,\"attribute4\":null,\"attribute5\":null,\"attribute6\":null,\"attribute7\":null,\"attribute8\":null,\"attribute9\":null,\"attribute10\":null}','/TSP/app/mbr/auth/addMemberAuth','aizheng','','','','','','','','','',''),('9375fd49767a474aa1ed72a577c1a0e4','user','operation','2017-04-15 13:18:25','{\"node_code\":\"513300\",\"parent_node_code\":\"510000\",\"struct_code\":\"administrative_area\",\"node_name\":\"甘孜藏族自治州\",\"display_order\":\"513300\",\"enabled_flag\":\"Y\",\"description\":\"甘孜藏族自治州\"}','/TSP/app/sys/datastruct/addDataStructNode','aizheng','','','','','','','','','',''),('9383007f48c4485694a25c584c2d1e93','user','operation','2017-04-29 22:30:25','{\"auth_id\":null,\"member_type\":\"general\",\"member_auth_type\":\"see_wechat_number\",\"member_auth_name\":\"1.每天3次查看出租人微信号机会\",\"member_auth_value\":\"3\",\"create_date\":\"2017-04-29 22:27:38\",\"created_by\":\"2282a5af0e1f403297948eca95877a03\",\"last_update_date\":null,\"last_updated_by\":\"2282a5af0e1f403297948eca95877a03\",\"attribute1\":null,\"attribute2\":null,\"attribute3\":null,\"attribute4\":null,\"attribute5\":null,\"attribute6\":null,\"attribute7\":null,\"attribute8\":null,\"attribute9\":null,\"attribute10\":null}','/TSP/app/mbr/auth/editMemberAuth','aizheng','','','','','','','','','',''),('941b7278a9c54118bde433fb8c10f9db','user','operation','2017-04-15 13:33:39','{\"node_code\":\"621100\",\"parent_node_code\":\"620000\",\"struct_code\":\"administrative_area\",\"node_name\":\"定西市\",\"display_order\":\"621100\",\"enabled_flag\":\"Y\",\"description\":\"定西市\"}','/TSP/app/sys/datastruct/addDataStructNode','aizheng','','','','','','','','','',''),('9424440361db4a79a9df59088a7c24ab','user','logout','2017-04-04 15:40:29','aizheng','/TSP/logout','aizheng','','','','','','','','','',''),('94284e80dafe42b4a617871057a2d35d','user','operation','2017-04-15 13:36:19','{\"node_code\":\"632300\",\"parent_node_code\":\"630000\",\"struct_code\":\"administrative_area\",\"node_name\":\"黄南藏族自治州\",\"display_order\":\"632300\",\"enabled_flag\":\"Y\",\"description\":\"黄南藏族自治州\"}','/TSP/app/sys/datastruct/addDataStructNode','aizheng','','','','','','','','','',''),('94668deeeccd4988a7793a8b53f2eed2','user','operation','2017-04-30 07:26:46','{\"type_code\":\"constellation\",\"type_name\":\"星座\",\"description\":\"星座\"}','/TSP/app/sys/datadict/addDataDictType','aizheng','','','','','','','','','',''),('94bbb113caf34c4595142376182eb5d6','user','operation','2017-03-27 15:46:47','system_setup','/ADF/app/sys/parameter/removeParameterType','aizheng','','','','','','','','','',''),('94bdbd94fb0a4f1d834f422f2a58c296','user','operation','2017-04-29 07:12:23','{\"item_code\":\"70\",\"type_code\":\"rent_scope\",\"item_name\":\"打牌\",\"display_order\":\"70\",\"enabled_flag\":\"Y\"}','/TSP/app/sys/datadict/addDataDictItem','aizheng','','','','','','','','','',''),('94eaa990964242eb960031caf42d89f8','user','operation','2017-03-27 14:25:32','{\"parameter_code\":\"date\",\"parameter_name\":\"日期\",\"parameter_type\":\"test\",\"element_type\":\"date\",\"ddt_code\":\"\",\"lov_code\":\"\",\"ds_code\":\"\",\"display_order\":\"20\",\"description\":\"\"}','/ADF/app/sys/parameter/addParameterDefine','aizheng','','','','','','','','','',''),('94ed4a5d62d94a32baad6a6716bfa392','user','operation','2017-03-24 12:42:58','{\"type_code\":\"code_rule\",\"type_name\":\"编码规则\",\"description\":\"编码规则\"}','/ADF/app/sys/datadict/editDataDictType','aizheng','','','','','','','','','',''),('94f29eaf38554c7bbc1f7b6c8762b26b','user','operation','2017-04-13 10:04:35','{\"node_code\":\"230200\",\"parent_node_code\":\"230000\",\"struct_code\":\"administrative_area\",\"node_name\":\"齐齐哈尔市\",\"display_order\":\"230200\",\"enabled_flag\":\"Y\",\"description\":\"齐齐哈尔市\"}','/TSP/app/sys/datastruct/addDataStructNode','aizheng','','','','','','','','','',''),('94feeeaf665d4a3ab12b680fa7e97c73','user','operation','2017-04-13 21:48:40','{\"node_code\":\"411700\",\"parent_node_code\":\"410000\",\"struct_code\":\"administrative_area\",\"node_name\":\"驻马店市\",\"display_order\":\"411700\",\"enabled_flag\":\"Y\",\"description\":\"驻马店市\"}','/TSP/app/sys/datastruct/addDataStructNode','aizheng','','','','','','','','','',''),('95262a2d8acf41d7898161828d858bc8','system','exception','2017-04-29 22:39:31','{\"className\":\"org.springframework.jdbc.support.SQLErrorCodeSQLExceptionTranslator\",\"lineNumber\":\"241\",\"message\":\"\\r\\n### Error updating database.  Cause: com.mysql.jdbc.exceptions.jdbc4.MySQLIntegrityConstraintViolationException: Duplicate entry \'general-see_wechat_number\' for key \'mbr_member_auth_u1\'\\r\\n### The error may involve org.adf.application.common.mybatis.mapper.MbrMemberAuth.insertMbrMemberAuth-Inline\\r\\n### The error occurred while setting parameters\\r\\n### SQL: insert into mbr_member_auth        (auth_id        ,member_type        ,member_auth_type        ,member_auth_name        ,member_auth_value        ,create_date        ,created_by        ,last_update_date        ,last_updated_by        ,attribute1        ,attribute2        ,attribute3        ,attribute4        ,attribute5        ,attribute6        ,attribute7        ,attribute8        ,attribute9        ,attribute10)         values        (?        ,?        ,?        ,?        ,?        ,str_to_date(?,\'%Y-%m-%d %H:%i:%s\')        ,?        ,str_to_date(?,\'%Y-%m-%d %H:%i:%s\')        ,?        ,?        ,?        ,?        ,?        ,?   \",\"methodName\":\"doTranslate\"}','','','','','','','','','','','',''),('955e5f01e8624d058fabce621f6812ce','user','operation','2017-04-01 22:31:42','{\"column_name\":\"attribute1\",\"flex_code\":\"user\",\"column_title\":\"start_date\",\"element_type\":\"date\",\"ddt_code\":\"\",\"lov_code\":\"\",\"ds_code\":\"\",\"description\":\"有效日期始\"}','/ADF/app/sys/flexfield/editFlexFieldColumn','aizheng','','','','','','','','','',''),('957b3ac0a28e47d6a51e64dd56a72743','user','operation','2017-05-01 22:55:16','[{\"attribute_code\":\"font_icon_code\",\"attribute_name\":\"字体图标\",\"attribute_text\":\"\",\"attribute_value\":\"\",\"ddt_code\":\"\",\"ds_code\":\"\",\"element_type\":\"lov\",\"lov_code\":\"lov_font_icon\",\"node_code\":\"M0302\",\"struct_code\":\"menu_resource\"},{\"attribute_code\":\"function_code\",\"attribute_name\":\"功能\",\"attribute_text\":\"\",\"attribute_value\":\"mbr_member\",\"ddt_code\":\"\",\"ds_code\":\"\",\"element_type\":\"lov\",\"lov_code\":\"lov_function\",\"node_code\":\"M0302\",\"struct_code\":\"menu_resource\"}]','/TSP/app/sys/datastruct/saveDataStructNodeAttributes','aizheng','','','','','','','','','',''),('95bb357db6b74db59760c3910c523c5c','user','operation','2017-04-13 06:03:14','{\"node_code\":\"410000\",\"parent_node_code\":\"CN\",\"struct_code\":\"administrative_area\",\"node_name\":\"河南省\",\"display_order\":\"410000\",\"enabled_flag\":\"Y\",\"description\":\"河南省\"}','/TSP/app/sys/datastruct/addDataStructNode','aizheng','','','','','','','','','',''),('95fc40ee6fb84b4eb366ea736062783f','system','exception','2017-03-28 06:53:29','{\"className\":\"org.adf.application.modules.system.service.ParameterService\",\"lineNumber\":\"55\",\"message\":\"/ by zero\",\"methodName\":\"addParameterType\"}','','','','','','','','','','','',''),('9637b0fa40804ece929006f9bfe31849','user','operation','2017-04-13 06:07:53','{\"node_code\":\"710000\",\"parent_node_code\":\"CN\",\"struct_code\":\"administrative_area\",\"node_name\":\"台湾省\",\"display_order\":\"710000\",\"enabled_flag\":\"Y\",\"description\":\"台湾省\"}','/TSP/app/sys/datastruct/addDataStructNode','aizheng','','','','','','','','','',''),('964d9f90cad14865971390226cb888c9','user','operation','2017-04-29 17:44:10','{\"service_id\":\"8a475dba3cb04b47851cb98f9cb41edf\",\"member_type\":\"general\",\"member_duration\":\"1\",\"member_price\":\"88\",\"service_name\":\"1个月88元\",\"service_name_ext\":\"\",\"create_date\":\"2017-04-29 16:58:35\",\"created_by\":\"2282a5af0e1f403297948eca95877a03\",\"last_update_date\":null,\"last_updated_by\":\"2282a5af0e1f403297948eca95877a03\",\"attribute1\":null,\"attribute2\":null,\"attribute3\":null,\"attribute4\":null,\"attribute5\":null,\"attribute6\":null,\"attribute7\":null,\"attribute8\":null,\"attribute9\":null,\"attribute10\":null}','/TSP/app/mbr/service/editMemberService','aizheng','','','','','','','','','',''),('96605ccecaa241d1b7e4fbec15697034','user','operation','2017-04-13 21:55:45','{\"node_code\":\"440100\",\"parent_node_code\":\"440000\",\"struct_code\":\"administrative_area\",\"node_name\":\"广州市\",\"display_order\":\"440100\",\"enabled_flag\":\"Y\",\"description\":\"广州市\"}','/TSP/app/sys/datastruct/addDataStructNode','aizheng','','','','','','','','','',''),('967e1addc0e842f28fbfc1f639bf0564','user','operation','2017-04-13 21:48:29','{\"node_code\":\"411600\",\"parent_node_code\":\"410000\",\"struct_code\":\"administrative_area\",\"node_name\":\"周口市\",\"display_order\":\"411600\",\"enabled_flag\":\"Y\",\"description\":\"周口市\"}','/TSP/app/sys/datastruct/addDataStructNode','aizheng','','','','','','','','','',''),('96be65515cea4db9bdce34bb5655ab57','user','operation','2017-04-29 07:24:21','{\"item_code\":\"130\",\"type_code\":\"tenant_label\",\"item_name\":\"逗比\",\"display_order\":\"130\",\"enabled_flag\":\"Y\"}','/TSP/app/sys/datadict/editDataDictItem','aizheng','','','','','','','','','',''),('96c9b4bb37784d2ea4465ef69d6c6853','user','operation','2017-04-29 07:25:25','{\"item_code\":\"160\",\"type_code\":\"tenant_label\",\"item_name\":\"段子手\",\"display_order\":\"160\",\"enabled_flag\":\"Y\"}','/TSP/app/sys/datadict/addDataDictItem','aizheng','','','','','','','','','',''),('96dc9f84de5b4a1989657521b0b282ab','user','login','2017-04-25 08:57:50','aizheng/HlJEDSk8NlsaG/5g0cBViY7tb8Emkp0/rHB/9Cyc675cf3OS13nBlwSFGVGp58KCr4DjBA2NXZ8FO8gqng122w==','/TSP/login_validate','aizheng','','','','','','','','','',''),('97e5fca820334a7382a96d764bfac35b','user','login','2017-03-25 16:56:45','aizheng/CiMNZOUEFc2lsuwGTIZwXBxAgq8yWjtqVw47XxBpvsQ2/3OTXZ92WaJh4eneophbp52+kOpg7zvua+9WIbekzQ==','/ADF/login_validate','aizheng','','','','','','','','','',''),('980f7175b86248bea4ea8dcd750bdd00','user','operation','2017-04-29 16:48:52','{\"service_id\":null,\"member_type\":\"member_type\",\"member_duration\":\"1\",\"member_price\":\"434\",\"service_name\":\"123\",\"service_name_ext\":\"123\",\"create_date\":null,\"created_by\":\"2282a5af0e1f403297948eca95877a03\",\"last_update_date\":null,\"last_updated_by\":\"2282a5af0e1f403297948eca95877a03\",\"attribute1\":null,\"attribute2\":null,\"attribute3\":null,\"attribute4\":null,\"attribute5\":null,\"attribute6\":null,\"attribute7\":null,\"attribute8\":null,\"attribute9\":null,\"attribute10\":null}','/TSP/app/mbr/service/addMemberService','aizheng','','','','','','','','','',''),('9877437d6dd5408ca3d325d01ceaa000','user','login','2017-04-25 08:38:10','aizheng/D1wcy7fuHVJ1UJXHtvZp7JapC5Cei4XCE5dbtPTPokieQ9yEgkD1WtgAUCspSW957VhKVSgdh9+S8Evj/xh6Rg==','/TSP/login_validate','aizheng','','','','','','','','','',''),('98917ae8e652434bac936528e7de4ace','system','exception','2017-04-27 09:19:25','{\"className\":\"org.springframework.jdbc.support.SQLExceptionSubclassTranslator\",\"lineNumber\":\"86\",\"message\":\"\\r\\n### Error updating database.  Cause: com.mysql.jdbc.exceptions.jdbc4.MySQLIntegrityConstraintViolationException: Column \'resource_id\' cannot be null\\r\\n### The error may involve org.adf.application.common.mybatis.mapper.SysRoleResource.insertSysRoleResource-Inline\\r\\n### The error occurred while setting parameters\\r\\n### SQL: insert into sys_role_resource        (role_id        ,resource_id        ,resource_type)         values        (?        ,?        ,?)\\r\\n### Cause: com.mysql.jdbc.exceptions.jdbc4.MySQLIntegrityConstraintViolationException: Column \'resource_id\' cannot be null\\n; SQL []; Column \'resource_id\' cannot be null; nested exception is com.mysql.jdbc.exceptions.jdbc4.MySQLIntegrityConstraintViolationException: Column \'resource_id\' cannot be null\",\"methodName\":\"doTranslate\"}','','','','','','','','','','','',''),('98f521020f204be4a3a08b73e8a84980','user','login','2017-04-12 20:38:02','aizheng/OIAvPgmiiUPWdZLEBCzAx6q1SIlBQSuZI2+/rXnvi8D4RgW4bBqHFpKt+nrWBS4Y+zayEGvpe5KeWIwsur5mtw==','/TSP/login_validate','aizheng','','','','','','','','','',''),('98f8d146485e4263bc441c6a29b5c408','user','operation','2017-03-28 06:54:35','{\"parameter_code\":\"datetime\",\"parameter_name\":\"datetime\",\"parameter_type\":\"test\",\"element_type\":\"datetime\",\"ddt_code\":\"\",\"lov_code\":\"\",\"ds_code\":\"\",\"display_order\":\"30\",\"description\":\"\"}','/ADF/app/sys/parameter/addParameterDefine','aizheng','','','','','','','','','',''),('992f147c51e642bcafc281fe72508978','user','login','2017-03-27 15:52:00','aizheng/BKBQhXaZgrGTuvavtIuJEbsL0ifmqE+jAdfCE1Vrl+AAm7PUt/HpgKQRX2gvGLf88XmM6XEteZsAWmFxnvao/Q==','/ADF/login_validate','aizheng','','','','','','','','','',''),('9958a922702d46c2bc3cda69603d9563','user','operation','2017-04-13 21:58:05','{\"node_code\":\"441500\",\"parent_node_code\":\"440000\",\"struct_code\":\"administrative_area\",\"node_name\":\"汕尾市\",\"display_order\":\"441500\",\"enabled_flag\":\"Y\",\"description\":\"汕尾市\"}','/TSP/app/sys/datastruct/addDataStructNode','aizheng','','','','','','','','','',''),('9970c020d45f4832b2aee5c06b6571f9','user','operation','2017-04-13 09:21:36','{\"node_code\":\"210800\",\"parent_node_code\":\"210000\",\"struct_code\":\"administrative_area\",\"node_name\":\"营口市\",\"display_order\":\"210800\",\"enabled_flag\":\"Y\",\"description\":\"营口市\"}','/TSP/app/sys/datastruct/addDataStructNode','aizheng','','','','','','','','','',''),('9992e067c6144dbf8f20a0a4d921f636','user','operation','2017-04-13 08:08:50','{\"node_code\":\"150100\",\"parent_node_code\":\"150000\",\"struct_code\":\"administrative_area\",\"node_name\":\"呼和浩特市\",\"display_order\":\"150100\",\"enabled_flag\":\"Y\",\"description\":\"呼和浩特市\"}','/TSP/app/sys/datastruct/addDataStructNode','aizheng','','','','','','','','','',''),('9993c8a69cda42f4b927aa2afd4b88ec','user','operation','2017-04-01 22:59:06','[{\"attribute_code\":\"function_code\",\"attribute_name\":\"功能\",\"attribute_text\":\"\",\"attribute_value\":\"\",\"ddt_code\":\"\",\"ds_code\":\"\",\"element_type\":\"lov\",\"lov_code\":\"lov_function\",\"node_code\":\"M0101\",\"struct_code\":\"menu_resource\"},{\"attribute_code\":\"font_icon_code\",\"attribute_name\":\"字体图标\",\"attribute_text\":\"\",\"attribute_value\":\"fa-cog\",\"ddt_code\":\"\",\"ds_code\":\"\",\"element_type\":\"lov\",\"lov_code\":\"lov_font_icon\",\"node_code\":\"M0101\",\"struct_code\":\"menu_resource\"}]','/ADF/app/sys/datastruct/saveDataStructNodeAttributes','aizheng','','','','','','','','','',''),('99d554b839464524b8ddf100e6696859','user','operation','2017-04-29 22:36:08','{\"auth_id\":null,\"member_type\":\"platinum\",\"member_auth_type\":\"see_rent_count\",\"member_auth_name\":\"2.无限次查看出租人的出租次数\",\"member_auth_value\":\"0\",\"create_date\":null,\"created_by\":\"2282a5af0e1f403297948eca95877a03\",\"last_update_date\":null,\"last_updated_by\":\"2282a5af0e1f403297948eca95877a03\",\"attribute1\":null,\"attribute2\":null,\"attribute3\":null,\"attribute4\":null,\"attribute5\":null,\"attribute6\":null,\"attribute7\":null,\"attribute8\":null,\"attribute9\":null,\"attribute10\":null}','/TSP/app/mbr/auth/addMemberAuth','aizheng','','','','','','','','','',''),('99dffc2f24fb4a09ba8cd12b301f6607','user','operation','2017-04-29 17:47:21','{\"service_id\":null,\"member_type\":\"diamond\",\"member_duration\":\"3\",\"member_price\":\"388\",\"service_name\":\"3个月388元\",\"service_name_ext\":\"优惠55%\",\"create_date\":null,\"created_by\":\"2282a5af0e1f403297948eca95877a03\",\"last_update_date\":null,\"last_updated_by\":\"2282a5af0e1f403297948eca95877a03\",\"attribute1\":null,\"attribute2\":null,\"attribute3\":null,\"attribute4\":null,\"attribute5\":null,\"attribute6\":null,\"attribute7\":null,\"attribute8\":null,\"attribute9\":null,\"attribute10\":null}','/TSP/app/mbr/service/addMemberService','aizheng','','','','','','','','','',''),('99e42d96edc543fd85fb4b100c9ab828','user','operation','2017-04-29 07:25:56','{\"item_code\":\"190\",\"type_code\":\"tenant_label\",\"item_name\":\"00后\",\"display_order\":\"190\",\"enabled_flag\":\"Y\"}','/TSP/app/sys/datadict/addDataDictItem','aizheng','','','','','','','','','',''),('9a3b8446443f4c329f1ce7dd12e384f9','user','login','2017-04-27 14:18:59','aizheng/Be4sj/QzmzGg/zC8FBgs+StYaCzcQEvNDFm8ilLc6zPDbJ9F6GGCt/jHo68xVeWhmDomBFsKEc7a8gxFeFWaaQ==','/TSP/login_validate','aizheng','','','','','','','','','',''),('9a51482d09d2441cb2d21bd0b9be1951','user','login','2017-04-01 22:29:22','aizheng/UNxQIxlMAur6/e3X1KvtIlwQamAtXIAGMIG+nVcADkmqkbmlcKXxhi5PBzLUaNPwzk91mRp/24Tv8p0SiE/5cg==','/ADF/login_validate','aizheng','','','','','','','','','',''),('9a601d0e184b40ab920b897cbb05e2cf','user','operation','2017-04-15 13:20:57','{\"node_code\":\"522300\",\"parent_node_code\":\"520000\",\"struct_code\":\"administrative_area\",\"node_name\":\"黔西南布依族苗族自治州\",\"display_order\":\"522300\",\"enabled_flag\":\"Y\",\"description\":\"黔西南布依族苗族自治州\"}','/TSP/app/sys/datastruct/addDataStructNode','aizheng','','','','','','','','','',''),('9aa37408bb524930a56f9ae2aa5ecb72','user','operation','2017-04-13 06:09:33','{\"node_code\":\"370600\",\"parent_node_code\":\"370000\",\"struct_code\":\"administrative_area\",\"node_name\":\"烟台市\",\"display_order\":\"370600\",\"enabled_flag\":\"Y\",\"description\":\"烟台市\"}','/TSP/app/sys/datastruct/addDataStructNode','aizheng','','','','','','','','','',''),('9ac45babd5804bb5b462874029e31df1','user','login','2017-04-27 11:04:41','aizheng/hT2NyzJAOGsJUfso5La15TnH2Cj6wPvolwJvV6JOydgu1eqf/4dn0oyiGexKDFmdlpsqGbNGqHuSGfSsSBOUUw==','/TSP/login_validate','aizheng','','','','','','','','','',''),('9afa9d994e674beaa82be71499adbed4','user','operation','2017-03-26 23:28:00','{\"column_code\":\"log_start_time\",\"search_code\":\"LogMgr\",\"column_name\":\"开始时间\",\"column_sql\":\"sl.log_time\",\"operation_symbol\":\"greater_equal\",\"element_type\":\"time\",\"ddt_code\":\"\",\"lov_code\":\"\",\"ds_code\":\"\",\"display_order\":\"10\",\"description\":\"开始时间\"}','/ADF/app/sys/search/editSearchColumn','aizheng','','','','','','','','','',''),('9b1e5054d436427691bb4a797d169539','user','operation','2017-05-01 00:55:17','{\"column_code\":\"register_date_from\",\"search_code\":\"TenantMgr\",\"column_name\":\"注册日期始\",\"column_sql\":\"tt.register_date\",\"operation_symbol\":\"greater_equal\",\"element_type\":\"date\",\"ddt_code\":\"\",\"lov_code\":\"\",\"ds_code\":\"\",\"display_order\":\"70\",\"description\":\"\"}','/TSP/app/sys/search/editSearchColumn','aizheng','','','','','','','','','',''),('9b4df5f025e34047bf73533de0afa4f2','user','operation','2017-04-15 13:30:36','{\"node_code\":\"620200\",\"parent_node_code\":\"620000\",\"struct_code\":\"administrative_area\",\"node_name\":\"嘉峪关市\",\"display_order\":\"620200\",\"enabled_flag\":\"Y\",\"description\":\"嘉峪关市\"}','/TSP/app/sys/datastruct/addDataStructNode','aizheng','','','','','','','','','',''),('9bc53e14272e4ea4b64781b121539a87','user','operation','2017-04-15 13:15:53','{\"node_code\":\"511300\",\"parent_node_code\":\"510000\",\"struct_code\":\"administrative_area\",\"node_name\":\"南充市\",\"display_order\":\"511300\",\"enabled_flag\":\"Y\",\"description\":\"南充市\"}','/TSP/app/sys/datastruct/addDataStructNode','aizheng','','','','','','','','','',''),('9c3786baa6a040c2b5557ed155f672ec','system','exception','2017-03-26 06:09:37','{\"className\":\"org.springframework.jdbc.support.SQLErrorCodeSQLExceptionTranslator\",\"lineNumber\":\"233\",\"message\":\"\\r\\n### Error querying database.  Cause: com.mysql.jdbc.exceptions.jdbc4.MySQLSyntaxErrorException: You have an error in your SQL syntax; check the manual that corresponds to your MySQL server version for the right syntax to use near \'\' and sl.log_source = \\\\\'system\\\\\' and sl.log_type = \\\\\'exception\\\\\'\'\' at line 6\\r\\n### The error may exist in file [D:\\\\IT\\\\Workbench\\\\ai\\\\workspace\\\\ws_adf\\\\apache-tomcat-7.0.65\\\\webapps\\\\ADF\\\\WEB-INF\\\\classes\\\\org\\\\adf\\\\application\\\\modules\\\\system\\\\mapper\\\\LogMapper.xml]\\r\\n### The error may involve org.adf.application.modules.system.mapper.LogMapper.getLogCount-Inline\\r\\n### The error occurred while setting parameters\\r\\n### SQL: select count(1)           from sys_log sl          where 1 = 1                      ?\\r\\n### Cause: com.mysql.jdbc.exceptions.jdbc4.MySQLSyntaxErrorException: You have an error in your SQL syntax; check the manual that corresponds to your MySQL server version for the right syntax to use near \'\' and sl.log_source = \\\\\'system\\\\\' and sl.log_type = \\\\\'exception\\\\\'\'\",\"methodName\":\"doTranslate\"}','','','','','','','','','','','',''),('9c5212dbfd6d4364a4133283c41ffe04','user','operation','2017-04-27 09:22:08','{\"role_id\":\"2c08a801b74640d9a98a125dbb973410\",\"resource_id\":\"4a55b2f373364910bdff5f4f01ec213a\",\"resource_type\":\"operating_entity\"}','/TSP/app/sys/role/addRoleOperatingEntity','aizheng','','','','','','','','','',''),('9c528d2264f14b7aa2274ce2c2cb9fc3','user','operation','2017-04-13 21:55:12','{\"node_code\":\"431300\",\"parent_node_code\":\"430000\",\"struct_code\":\"administrative_area\",\"node_name\":\"娄底市\",\"display_order\":\"431300\",\"enabled_flag\":\"Y\",\"description\":\"娄底市\"}','/TSP/app/sys/datastruct/addDataStructNode','aizheng','','','','','','','','','',''),('9cc257ac54d04647bcd48bf484e4551a','user','operation','2017-04-15 13:11:39','{\"node_code\":\"451400\",\"parent_node_code\":\"450000\",\"struct_code\":\"administrative_area\",\"node_name\":\"崇左市\",\"display_order\":\"451400\",\"enabled_flag\":\"Y\",\"description\":\"崇左市\"}','/TSP/app/sys/datastruct/addDataStructNode','aizheng','','','','','','','','','',''),('9cfe77998f084a6e85f06430779eab39','user','operation','2017-05-01 20:59:05','{\"column_code\":\"authentication_status\",\"search_code\":\"TenantMgr\",\"column_name\":\"认证状态\",\"column_sql\":\"tt.authentication_status\",\"operation_symbol\":\"equal\",\"element_type\":\"select\",\"ddt_code\":\"authentication_status\",\"lov_code\":\"\",\"ds_code\":\"\",\"display_order\":\"100\",\"description\":\"\"}','/TSP/app/sys/search/addSearchColumn','aizheng','','','','','','','','','',''),('9d76def964894af08afe528c867eadcd','user','operation','2017-04-14 02:56:15','{\"node_code\":\"441900\",\"parent_node_code\":\"440000\",\"struct_code\":\"administrative_area\",\"node_name\":\"东莞市\",\"display_order\":\"441900\",\"enabled_flag\":\"Y\",\"description\":\"东莞市\"}','/TSP/app/sys/datastruct/addDataStructNode','aizheng','','','','','','','','','',''),('9d9e3faabcdc4bac8febf3c58a7e4be0','user','operation','2017-04-13 06:11:33','{\"node_code\":\"371500\",\"parent_node_code\":\"370000\",\"struct_code\":\"administrative_area\",\"node_name\":\"聊城市\",\"display_order\":\"371500\",\"enabled_flag\":\"Y\",\"description\":\"聊城市\"}','/TSP/app/sys/datastruct/addDataStructNode','aizheng','','','','','','','','','',''),('9da05b7b0fd14a06be8a93dda9319cbc','user','operation','2017-04-28 11:07:06','[{\"attribute_code\":\"member_price\",\"attribute_name\":\"会员价格\",\"attribute_text\":\"\",\"attribute_value\":\"99\",\"ddt_code\":\"\",\"ds_code\":\"\",\"element_type\":\"text\",\"item_code\":\"one\",\"lov_code\":\"\",\"type_code\":\"member_duration\"}]','/TSP/app/sys/datadict/saveDataDictItemAttributes','aizheng','','','','','','','','','',''),('9df739e5586a471a865fb489cc4e9eef','user','operation','2017-04-30 07:23:24','{\"item_code\":\"dragon\",\"type_code\":\"chines_zodiac\",\"item_name\":\"龙\",\"display_order\":\"50\",\"enabled_flag\":\"Y\"}','/TSP/app/sys/datadict/addDataDictItem','aizheng','','','','','','','','','',''),('9e03a009ee774770b4ffb2d32b74b894','user','operation','2017-04-13 09:11:21','{\"node_code\":\"150600\",\"parent_node_code\":\"150000\",\"struct_code\":\"administrative_area\",\"node_name\":\"鄂尔多斯市\",\"display_order\":\"150600\",\"enabled_flag\":\"Y\",\"description\":\"鄂尔多斯市\"}','/TSP/app/sys/datastruct/addDataStructNode','aizheng','','','','','','','','','',''),('9e1fefea110e4cd6b1d5f9ba09cd9849','user','operation','2017-03-26 23:11:04','{\"column_code\":\"log_source\",\"search_code\":\"LogMgr\",\"column_name\":\"日志来源\",\"column_sql\":\"sl.log_source\",\"operation_symbol\":\"equal\",\"element_type\":\"select\",\"ddt_code\":\"log_source\",\"lov_code\":\"\",\"ds_code\":\"\",\"display_order\":\"30\",\"description\":\"日志来源\"}','/ADF/app/sys/search/editSearchColumn','aizheng','','','','','','','','','',''),('9e99679e9521472a8897dae28d65d09b','user','operation','2017-04-29 07:04:48','{\"item_code\":\"see_wechat_number\",\"type_code\":\"member_auth\",\"item_name\":\"每天查看微信号次数\",\"display_order\":\"10\",\"enabled_flag\":\"Y\"}','/TSP/app/sys/datadict/addDataDictItem','aizheng','','','','','','','','','',''),('9ed0d8a2ab8547748e0b3b830ba27196','user','operation','2017-04-29 22:36:13','{\"auth_id\":null,\"member_type\":\"diamond\",\"member_auth_type\":\"see_wechat_number\",\"member_auth_name\":\"2.无限次查看出租人的出租次数\",\"member_auth_value\":\"0\",\"create_date\":null,\"created_by\":\"2282a5af0e1f403297948eca95877a03\",\"last_update_date\":null,\"last_updated_by\":\"2282a5af0e1f403297948eca95877a03\",\"attribute1\":null,\"attribute2\":null,\"attribute3\":null,\"attribute4\":null,\"attribute5\":null,\"attribute6\":null,\"attribute7\":null,\"attribute8\":null,\"attribute9\":null,\"attribute10\":null}','/TSP/app/mbr/auth/addMemberAuth','aizheng','','','','','','','','','',''),('9f06ce5a8ccc4cb0b0cb1344b0f719f6','user','operation','2017-04-27 09:22:02','{\"role_id\":\"2c08a801b74640d9a98a125dbb973410\",\"resource_id\":\"4a55b2f373364910bdff5f4f01ec213a\",\"resource_type\":\"operating_entity\"}','/TSP/app/sys/role/addRoleOperatingEntity','aizheng','','','','','','','','','',''),('9f23a0e28c6241f9b177f329987ee4f9','user','operation','2017-03-25 22:55:20','{\"search_code\":\"tenent\",\"search_name\":\"租户管理\",\"description\":\"租户管理\"}','/ADF/app/sys/search/addSearchDefine','aizheng','','','','','','','','','',''),('9f393c1a1ba5483fa371d34e71376061','user','operation','2017-04-12 21:16:48','{\"item_code\":\"Y\",\"type_code\":\"wx_payment_status\",\"item_name\":\"已开通\",\"display_order\":\"10\",\"enabled_flag\":\"Y\"}','/TSP/app/sys/datadict/addDataDictItem','aizheng','','','','','','','','','',''),('9f642602ed1d4636bd7f7fa808637f36','user','operation','2017-03-25 08:33:25','{\"type_code\":\"operation_symbol\",\"type_name\":\"操作符\",\"description\":\"操作符\"}','/ADF/app/sys/datadict/addDataDictType','aizheng','','','','','','','','','',''),('9fb1dc38e61143049e6cc19d070554c5','user','operation','2017-04-13 09:22:01','{\"node_code\":\"211000\",\"parent_node_code\":\"210000\",\"struct_code\":\"administrative_area\",\"node_name\":\"辽阳市\",\"display_order\":\"211000\",\"enabled_flag\":\"Y\",\"description\":\"辽阳市\"}','/TSP/app/sys/datastruct/addDataStructNode','aizheng','','','','','','','','','',''),('9fbfdf6db9e548008e5fc5794e880918','user','operation','2017-04-12 21:18:01','{\"type_code\":\"wx_server_encoding_type\",\"type_name\":\"微信消息加密方式\",\"description\":\"微信消息加密方式\"}','/TSP/app/sys/datadict/addDataDictType','aizheng','','','','','','','','','',''),('9ff31cbbd7ff4cba9594f1806ad2fef4','user','login','2017-05-01 17:14:03','aizheng/IIXIoIE8V5razHScSWgHexUnq7BUhCnjnt9yOM6RA5acMf8ckwXV/4Qkcs4vTDQGPMf3RxhlPUsSumrsxQPepA==','/TSP/login_validate','aizheng','','','','','','','','','',''),('a03ad67580c14242917e0de048530086','user','operation','2017-03-28 07:15:43','2c08a801b74640d9a98a125dbb973410','/ADF/app/sys/role/saveRoleMenuAuth','aizheng','','','','','','','','','',''),('a03d544017214e7582fe30bea91e49b7','user','operation','2017-04-13 10:13:12','{\"node_code\":\"331100\",\"parent_node_code\":\"330000\",\"struct_code\":\"administrative_area\",\"node_name\":\"丽水市\",\"display_order\":\"331100\",\"enabled_flag\":\"Y\",\"description\":\"丽水市\"}','/TSP/app/sys/datastruct/addDataStructNode','aizheng','','','','','','','','','',''),('a0729178e7064d1890df54a3f5d9cea2','system','exception','2017-04-27 14:18:18','{\"className\":\"org.springframework.jdbc.support.SQLErrorCodeSQLExceptionTranslator\",\"lineNumber\":\"233\",\"message\":\"\\r\\n### Error querying database.  Cause: com.mysql.jdbc.exceptions.jdbc4.MySQLSyntaxErrorException: Unknown column \'v.entity_id\' in \'IN/ALL/ANY subquery\'\\r\\n### The error may exist in file [D:\\\\IT\\\\Workbench\\\\ai\\\\workspace\\\\ws_tsp\\\\apache-tomcat-7.0.65\\\\webapps\\\\TSP\\\\WEB-INF\\\\classes\\\\org\\\\adf\\\\application\\\\modules\\\\oe\\\\mapper\\\\OperatingEntityMapper.xml]\\r\\n### The error may involve org.adf.application.modules.oe.mapper.OperatingEntityMapper.getOperatingEntityList-Inline\\r\\n### The error occurred while setting parameters\\r\\n### SQL: select oe.entity_id               ,oe.entity_name               ,oe.operator               ,oe.email               ,oe.mobilephone               ,date_format(oe.start_date,\'%Y-%m-%d\') start_date               ,date_format(oe.end_date,\'%Y-%m-%d\') end_date               ,oe.status               ,oe.description               ,date_format(oe.create_date,\'%Y-%m-%d %H:%i:%s\') create_date               ,oe.created_by               ,date_format(oe.last_update_date,\'%Y-%m-%d %H:%i:%s\') last_u\",\"methodName\":\"doTranslate\"}','','','','','','','','','','','',''),('a084aa36bfd2479ab9b53ae36a9af036','user','login','2017-04-25 07:25:49','aizheng/IZ439uDzp62NSdhhxi71+yMwCNf+TTLMcOQt5WV2LLmyqmDvI7EjAHm4H4z7P4SaIbI96S9RWyMZKnT96kmBKw==','/TSP/login_validate','aizheng','','','','','','','','','',''),('a0a14065b9ca45eebda8d4d84f6eab80','user','operation','2017-04-13 21:56:46','{\"node_code\":\"440600\",\"parent_node_code\":\"440000\",\"struct_code\":\"administrative_area\",\"node_name\":\"佛山市\",\"display_order\":\"440600\",\"enabled_flag\":\"Y\",\"description\":\"佛山市\"}','/TSP/app/sys/datastruct/addDataStructNode','aizheng','','','','','','','','','',''),('a0b80efdf32e4549b7fbe9b46a559554','user','operation','2017-04-15 13:32:00','{\"node_code\":\"620700\",\"parent_node_code\":\"620000\",\"struct_code\":\"administrative_area\",\"node_name\":\"张掖市\",\"display_order\":\"620700\",\"enabled_flag\":\"Y\",\"description\":\"张掖市\"}','/TSP/app/sys/datastruct/addDataStructNode','aizheng','','','','','','','','','',''),('a0c7976a2e2d4857a9746e7b66fdb79b','user','operation','2017-04-27 13:52:32','{\"lov_code\":\"lov_operating_entity\",\"lov_name\":\"运营实体值列表\",\"view_name\":\"lov_operating_entity_v\",\"dynamic_condition\":null,\"description\":\"运营实体值列表\"}','/TSP/app/sys/lov/saveLovInfo','aizheng','','','','','','','','','',''),('a0cc74676a4842209c047dc187dccedc','user','operation','2017-04-04 16:01:02','{\"node_code\":\"M0201\",\"parent_node_code\":\"M02\",\"struct_code\":\"menu_resource\",\"node_name\":\"经营实体管理\",\"display_order\":\"10\",\"enabled_flag\":\"Y\",\"description\":\"经营实体管理\"}','/TSP/app/sys/datastruct/editDataStructNode','aizheng','','','','','','','','','',''),('a0fa82cbe18c493696deb3a24af05c2f','user','operation','2017-05-02 13:24:25','2c08a801b74640d9a98a125dbb973410','/TSP/app/sys/role/saveRoleMenuAuth','aizheng','','','','','','','','','',''),('a161b413eb284ba291110969ab3a3d0f','user','operation','2017-04-12 21:20:10','{\"struct_code\":\"administrative_area\",\"struct_name\":\"行政区域\",\"node_code_rule\":\"manual\",\"rule_prefix\":\"\",\"rule_length\":\"\",\"description\":\"行政区域\"}','/TSP/app/sys/datastruct/addDataStructDefine','aizheng','','','','','','','','','',''),('a16404a580c74b4299057fef2df3b0b0','user','operation','2017-04-30 07:29:55','{\"item_code\":\"cancer\",\"type_code\":\"constellation\",\"item_name\":\"巨蟹座\",\"display_order\":\"40\",\"enabled_flag\":\"Y\"}','/TSP/app/sys/datadict/addDataDictItem','aizheng','','','','','','','','','',''),('a1c12d92a30b4d8c8f0f53a3f1bedadf','user','login','2017-04-26 07:47:24','aizheng/HPtJEAcF45Pyk16R3l3O9BoqiFci3huGHQyfX39dzey4hgxPUXjeh3na1A8truW7EanB4KO1MfyWaBJuDJmd0g==','/TSP/login_validate','aizheng','','','','','','','','','',''),('a23475a28f1743bab5304fa9a895778e','user','operation','2017-04-13 21:45:31','{\"node_code\":\"410200\",\"parent_node_code\":\"410000\",\"struct_code\":\"administrative_area\",\"node_name\":\"开封市\",\"display_order\":\"410200\",\"enabled_flag\":\"Y\",\"description\":\"开封市\"}','/TSP/app/sys/datastruct/addDataStructNode','aizheng','','','','','','','','','',''),('a37673dc32fa47938949ddaad4ad733c','user','operation','2017-03-28 06:54:00','{\"type_code\":\"test\",\"type_name\":\"test\",\"display_order\":\"20\",\"description\":\"test\"}','/ADF/app/sys/parameter/addParameterType','aizheng','','','','','','','','','',''),('a3af7b08d6ff429e8074ee58ae60cb0c','user','operation','2017-05-01 23:12:55','{\"search_code\":\"MemberMgr\",\"search_name\":\"会员管理\",\"description\":\"会员管理\"}','/TSP/app/sys/search/addSearchDefine','aizheng','','','','','','','','','',''),('a3b16354df694df0873ec1daf544aaa5','user','operation','2017-04-27 14:23:08','{\"lov_code\":\"lov_operating_entity_all\",\"lov_name\":\"运营实体值列表\",\"view_name\":\"lov_operating_entity_v\",\"dynamic_condition\":\"\",\"description\":\"运营实体值列表\"}','/TSP/app/sys/lov/saveLovInfo','aizheng','','','','','','','','','',''),('a3bd1685ecb543258a2d319fd30927bb','user','operation','2017-04-28 16:43:56','{\"attribute_code\":\"test\",\"struct_code\":\"menu\",\"attribute_name\":\"test\",\"element_type\":\"text\",\"ddt_code\":\"\",\"ds_code\":\"\",\"lov_code\":\"\",\"description\":\"\"}','/TSP/app/sys/datastruct/addDataStructAttribute','aizheng','','','','','','','','','',''),('a3d3b6adfb0342b195d819a5e945aff8','user','operation','2017-03-25 21:27:59','{\"column_code\":\"attribute1\",\"search_code\":\"LogMgr\",\"column_name\":\"attribute1\",\"column_sql\":\"attribute1\",\"operation_symbol\":\"equal\",\"element_type\":\"text\",\"ddt_code\":\"\",\"lov_code\":\"\",\"ds_code\":\"\",\"display_order\":\"10\",\"description\":\"\"}','/ADF/app/sys/search/addSearchColumn','aizheng','','','','','','','','','',''),('a460e06907d64fa7be53dc8c5e0821da','user','operation','2017-04-01 22:51:55','[{\"attribute_code\":\"font_icon_code\",\"attribute_name\":\"字体图标\",\"attribute_text\":\"\",\"attribute_value\":\"fa-leaf\",\"ddt_code\":\"\",\"ds_code\":\"\",\"element_type\":\"lov\",\"lov_code\":\"lov_font_icon\",\"node_code\":\"M0107\",\"struct_code\":\"menu_resource\"},{\"attribute_code\":\"function_code\",\"attribute_name\":\"功能\",\"attribute_text\":\"\",\"attribute_value\":\"sys_role\",\"ddt_code\":\"\",\"ds_code\":\"\",\"element_type\":\"lov\",\"lov_code\":\"lov_function\",\"node_code\":\"M0107\",\"struct_code\":\"menu_resource\"}]','/ADF/app/sys/datastruct/saveDataStructNodeAttributes','aizheng','','','','','','','','','',''),('a4886271ec2446b89a16a30fa7268c79','user','operation','2017-04-04 15:59:34','{\"node_code\":\"M\",\"parent_node_code\":\"M\",\"struct_code\":\"menu_resource\",\"node_name\":\"经营实体管理\",\"display_order\":\"20\",\"enabled_flag\":\"Y\",\"description\":\"经营实体管理\"}','/TSP/app/sys/datastruct/addDataStructNode','aizheng','','','','','','','','','',''),('a49798deddcc4eed8fee50d670cfa3c6','user','operation','2017-03-27 15:17:58','[{\"attribute_code\":\"date\",\"attribute_name\":\"日期\",\"attribute_text\":\"\",\"attribute_value\":\"2017-03-27 15:17:47\",\"ddt_code\":\"\",\"ds_code\":\"\",\"element_type\":\"date\",\"item_code\":\"platform\",\"lov_code\":\"\",\"type_code\":\"user_type\"},{\"attribute_code\":\"datetime\",\"attribute_name\":\"日期时间\",\"attribute_text\":\"\",\"attribute_value\":\"2017-03-27 15:15:47\",\"ddt_code\":\"\",\"ds_code\":\"\",\"element_type\":\"datetime\",\"item_code\":\"platform\",\"lov_code\":\"\",\"type_code\":\"user_type\"},{\"attribute_code\":\"time\",\"attribute_name\":\"时间\",\"attribute_text\":\"\",\"attribute_value\":\"2017-03-27 15:15:47\",\"ddt_code\":\"\",\"ds_code\":\"\",\"element_type\":\"time\",\"item_code\":\"platform\",\"lov_code\":\"\",\"type_code\":\"user_type\"}]','/ADF/app/sys/datadict/saveDataDictItemAttributes','aizheng','','','','','','','','','',''),('a4a9e03d1ef34b33b0890adedfd717cc','user','operation','2017-04-25 09:11:35','{\"lov_code\":\"lov_operating_entity_v\",\"lov_name\":\"运营实体值列表\",\"view_name\":\"lov_operating_entity_v\",\"description\":\"运营实体值列表\"}','/TSP/app/sys/lov/saveLovInfo','aizheng','','','','','','','','','',''),('a4afb32a989942fba71f77ae368f30ea','user','operation','2017-04-13 10:12:18','{\"node_code\":\"330700\",\"parent_node_code\":\"330000\",\"struct_code\":\"administrative_area\",\"node_name\":\"金华市\",\"display_order\":\"330700\",\"enabled_flag\":\"Y\",\"description\":\"金华市\"}','/TSP/app/sys/datastruct/addDataStructNode','aizheng','','','','','','','','','',''),('a4cc96b8bf2f4844b1de99aa066afe42','user','operation','2017-04-15 13:37:01','{\"node_code\":\"632600\",\"parent_node_code\":\"630000\",\"struct_code\":\"administrative_area\",\"node_name\":\"果洛藏族自治州\",\"display_order\":\"632600\",\"enabled_flag\":\"Y\",\"description\":\"果洛藏族自治州\"}','/TSP/app/sys/datastruct/addDataStructNode','aizheng','','','','','','','','','',''),('a503ba2a49d74016a02035c6bc42ef29','user','operation','2017-04-13 06:04:35','{\"node_code\":\"460000\",\"parent_node_code\":\"CN\",\"struct_code\":\"administrative_area\",\"node_name\":\"海南省\",\"display_order\":\"460000\",\"enabled_flag\":\"Y\",\"description\":\"海南省\"}','/TSP/app/sys/datastruct/addDataStructNode','aizheng','','','','','','','','','',''),('a539644ad71a43599756a4309b50d1c6','user','operation','2017-04-28 16:48:28','menu','/TSP/app/sys/datastruct/removeDataStructDefine','aizheng','','','','','','','','','',''),('a57fdbffaee344268b3395fff98cf74c','user','operation','2017-04-13 06:08:56','{\"node_code\":\"370300\",\"parent_node_code\":\"370000\",\"struct_code\":\"administrative_area\",\"node_name\":\"淄博市\",\"display_order\":\"370300\",\"enabled_flag\":\"Y\",\"description\":\"淄博市\"}','/TSP/app/sys/datastruct/addDataStructNode','aizheng','','','','','','','','','',''),('a595af167a0c4119964d35f4e411b176','user','operation','2017-04-15 13:20:33','{\"node_code\":\"520500\",\"parent_node_code\":\"520000\",\"struct_code\":\"administrative_area\",\"node_name\":\"毕节市\",\"display_order\":\"520500\",\"enabled_flag\":\"Y\",\"description\":\"毕节市\"}','/TSP/app/sys/datastruct/addDataStructNode','aizheng','','','','','','','','','',''),('a6207e380c3c418198b2ca24f6f9d164','user','operation','2017-04-29 22:31:40','{\"auth_id\":\"c839e18170ab43129c957c1d7d248c12\",\"member_type\":\"general\",\"member_auth_type\":\"see_wechat_number\",\"member_auth_name\":\"1.每天3次查看出租人微信号机会\",\"member_auth_value\":\"3\",\"create_date\":\"2017-04-29 22:27:38\",\"created_by\":\"2282a5af0e1f403297948eca95877a03\",\"last_update_date\":null,\"last_updated_by\":\"2282a5af0e1f403297948eca95877a03\",\"attribute1\":null,\"attribute2\":null,\"attribute3\":null,\"attribute4\":null,\"attribute5\":null,\"attribute6\":null,\"attribute7\":null,\"attribute8\":null,\"attribute9\":null,\"attribute10\":null}','/TSP/app/mbr/auth/editMemberAuth','aizheng','','','','','','','','','',''),('a6a97f4faac7400ebb1962040ee225fb','user','operation','2017-04-13 21:46:09','{\"node_code\":\"410500\",\"parent_node_code\":\"410000\",\"struct_code\":\"administrative_area\",\"node_name\":\"安阳市\",\"display_order\":\"410500\",\"enabled_flag\":\"Y\",\"description\":\"安阳市\"}','/TSP/app/sys/datastruct/addDataStructNode','aizheng','','','','','','','','','',''),('a702943e0cf84fe7bc8247c935ce9b66','user','operation','2017-04-12 21:19:07','{\"item_code\":\"compatible\",\"type_code\":\"wx_server_encoding_type\",\"item_name\":\"兼容模式\",\"display_order\":\"20\",\"enabled_flag\":\"Y\"}','/TSP/app/sys/datadict/addDataDictItem','aizheng','','','','','','','','','',''),('a7ac0caa319a417c905d7187f358468d','user','operation','2017-04-13 08:06:37','{\"node_code\":\"140100\",\"parent_node_code\":\"140000\",\"struct_code\":\"administrative_area\",\"node_name\":\"太原市\",\"display_order\":\"140100\",\"enabled_flag\":\"Y\",\"description\":\"太原市\"}','/TSP/app/sys/datastruct/addDataStructNode','aizheng','','','','','','','','','',''),('a7d940b31d8a4c7d88f1d6a24309b7b7','user','operation','2017-04-13 08:06:50','{\"node_code\":\"140200\",\"parent_node_code\":\"140000\",\"struct_code\":\"administrative_area\",\"node_name\":\"大同市\",\"display_order\":\"140200\",\"enabled_flag\":\"Y\",\"description\":\"大同市\"}','/TSP/app/sys/datastruct/addDataStructNode','aizheng','','','','','','','','','',''),('a7fc4b93ee364508ba5c8a513c120ee3','user','operation','2017-04-28 11:13:31','{\"item_code\":\"twelve\",\"type_code\":\"member_service\",\"item_name\":\"12个月399元\",\"display_order\":\"40\",\"enabled_flag\":\"Y\"}','/TSP/app/sys/datadict/editDataDictItem','aizheng','','','','','','','','','',''),('a884b9e4a0f744de8b08a6b9e82cfec4','user','operation','2017-04-16 04:22:03','4a55b2f373364910bdff5f4f01ec213a/unvalid','/TSP/app/oe/OperatingEntity/updateStatus','aizheng','','','','','','','','','',''),('a8c9822d36c648f68ee9aba5071b3d83','user','operation','2017-04-13 21:57:55','{\"node_code\":\"441400\",\"parent_node_code\":\"440000\",\"struct_code\":\"administrative_area\",\"node_name\":\"梅州市\",\"display_order\":\"441400\",\"enabled_flag\":\"Y\",\"description\":\"梅州市\"}','/TSP/app/sys/datastruct/addDataStructNode','aizheng','','','','','','','','','',''),('a92183c4881f4f03955959429deda055','user','operation','2017-04-15 13:11:16','{\"node_code\":\"451200\",\"parent_node_code\":\"450000\",\"struct_code\":\"administrative_area\",\"node_name\":\"河池市\",\"display_order\":\"451200\",\"enabled_flag\":\"Y\",\"description\":\"河池市\"}','/TSP/app/sys/datastruct/addDataStructNode','aizheng','','','','','','','','','',''),('a959820b3436467daa4e1516f0648fcd','user','operation','2017-04-13 06:07:10','{\"node_code\":\"650000\",\"parent_node_code\":\"CN\",\"struct_code\":\"administrative_area\",\"node_name\":\"新疆维吾尔自治区\",\"display_order\":\"650000\",\"enabled_flag\":\"Y\",\"description\":\"新疆维吾尔自治区\"}','/TSP/app/sys/datastruct/addDataStructNode','aizheng','','','','','','','','','',''),('a97f004c6d0b4e07aceaed62734ea9d9','user','operation','2017-03-25 23:01:53','2c08a801b74640d9a98a125dbb973410','/ADF/app/sys/role/saveRoleMenuAuth','aizheng','','','','','','','','','',''),('a981b80d9e0748299860f20532d82089','user','login','2017-03-26 04:17:46','aizheng/fqHqMz5NhooUpRpN2C2X1Xv3NR3pM8ooUuaOe172laZC/M0qxnxhUPlcDPGSi2JCk8imjOBRHbTtzamOrhi/ng==','/ADF/login_validate','aizheng','','','','','','','','','',''),('a9bd3b742c8c4c9d91773e3e1bfc3fec','user','operation','2017-04-28 11:02:09','{\"item_code\":\"diamond\",\"type_code\":\"member_type\",\"item_name\":\"钻石会员\",\"display_order\":\"40\",\"enabled_flag\":\"Y\"}','/TSP/app/sys/datadict/addDataDictItem','aizheng','','','','','','','','','',''),('a9f26d5be05945f4ae626c8af8843d3b','user','operation','2017-04-15 13:25:17','{\"node_code\":\"540100\",\"parent_node_code\":\"540000\",\"struct_code\":\"administrative_area\",\"node_name\":\"拉萨市\",\"display_order\":\"540100\",\"enabled_flag\":\"Y\",\"description\":\"拉萨市\"}','/TSP/app/sys/datastruct/addDataStructNode','aizheng','','','','','','','','','',''),('aa16724c1f144f0f8c23d07df932f24c','user','operation','2017-04-28 16:09:42','34d68f3512ba4768ba3214e7736bb225','/TSP/app/sys/role/saveRoleMenuAuth','aizheng','','','','','','','','','',''),('aa24e41251d84bc3a597532b62a1d538','user','operation','2017-04-13 21:43:54','{\"node_code\":\"360800\",\"parent_node_code\":\"360000\",\"struct_code\":\"administrative_area\",\"node_name\":\"吉安市\",\"display_order\":\"360800\",\"enabled_flag\":\"Y\",\"description\":\"吉安市\"}','/TSP/app/sys/datastruct/addDataStructNode','aizheng','','','','','','','','','',''),('aae4ec07d46e49d480411b1e9c602489','user','operation','2017-03-27 15:52:12','{\"type_code\":\"test\",\"type_name\":\"测试\",\"display_order\":\"20\",\"description\":\"\"}','/ADF/app/sys/parameter/addParameterType','aizheng','','','','','','','','','',''),('ab68f75e12584b7fa6e477a1ed54cda7','user','operation','2017-05-01 01:55:07','{\"parameter_code\":\"img_server_url\",\"parameter_name\":\"图片服务器URL\",\"parameter_type\":\"system_setup\",\"element_type\":\"text\",\"ddt_code\":\"\",\"lov_code\":\"\",\"ds_code\":\"\",\"display_order\":\"10\",\"description\":\"\"}','/TSP/app/sys/parameter/addParameterDefine','aizheng','','','','','','','','','',''),('ab71fbdcaaa747eebbb3f8d0a1fc3ecb','user','login','2017-03-26 05:33:31','aizheng/A7we5veJAfgFBwZsRi5QrtGsAwc3v+wFwIJkx6cxWKsb/d0kihUtbPwfszPHAP7OrtDYh+Cub5nTnXveWYhfmA==','/ADF/login_validate','aizheng','','','','','','','','','',''),('ababe9948a634d84afff9f72268b85c5','user','login','2017-03-26 21:02:51','aizheng/e9bq5W0JP/NDqdwqu3l9VxCGuUtBDZBIoTEWd3Idjl69YTgHRLMXe0zutpPNPwI3FtvJHEABq3kw9Lb8l1mh2A==','/ADF/login_validate','aizheng','','','','','','','','','',''),('abca8469449b41fe82e172a9fbb2ee6b','user','operation','2017-04-13 10:16:09','{\"node_code\":\"341700\",\"parent_node_code\":\"340000\",\"struct_code\":\"administrative_area\",\"node_name\":\"池州市\",\"display_order\":\"341700\",\"enabled_flag\":\"Y\",\"description\":\"池州市\"}','/TSP/app/sys/datastruct/addDataStructNode','aizheng','','','','','','','','','',''),('abe44d3dabeb42a99f7935cdb968ba59','user','operation','2017-04-15 13:10:31','{\"node_code\":\"450800\",\"parent_node_code\":\"450000\",\"struct_code\":\"administrative_area\",\"node_name\":\"贵港市\",\"display_order\":\"450800\",\"enabled_flag\":\"Y\",\"description\":\"贵港市\"}','/TSP/app/sys/datastruct/addDataStructNode','aizheng','','','','','','','','','',''),('ac05effda778454ba3fe2d9de7cca2b4','user','operation','2017-04-13 09:13:25','{\"node_code\":\"150800\",\"parent_node_code\":\"150000\",\"struct_code\":\"administrative_area\",\"node_name\":\"巴彦淖尔市\",\"display_order\":\"150800\",\"enabled_flag\":\"Y\",\"description\":\"巴彦淖尔市\"}','/TSP/app/sys/datastruct/addDataStructNode','aizheng','','','','','','','','','',''),('ac46ec3fbfb74db2aa685b01a7958974','user','operation','2017-04-13 21:57:43','{\"node_code\":\"441300\",\"parent_node_code\":\"440000\",\"struct_code\":\"administrative_area\",\"node_name\":\"惠州市\",\"display_order\":\"441300\",\"enabled_flag\":\"Y\",\"description\":\"惠州市\"}','/TSP/app/sys/datastruct/addDataStructNode','aizheng','','','','','','','','','',''),('ac5c1e76454943b39de4c0ccc9601bd0','user','operation','2017-03-27 16:01:37','test','/ADF/app/sys/parameter/removeParameterType','aizheng','','','','','','','','','',''),('ac880494b5f44024b90d247f594a98be','user','login','2017-03-25 21:52:17','aizheng/QzBqo21ZOmznGkHWRwp5xJ0Tc/NB9CRngbZcAhOZ+Mg3dZtJ7bfpN5EvU0FtllgNQq37kOCaBDszf5uZTWnG9Q==','/ADF/login_validate','aizheng','','','','','','','','','',''),('ac8de615655b447ba917010090a62d50','user','operation','2017-04-13 08:08:34','{\"node_code\":\"141100\",\"parent_node_code\":\"140000\",\"struct_code\":\"administrative_area\",\"node_name\":\"吕梁市\",\"display_order\":\"141100\",\"enabled_flag\":\"Y\",\"description\":\"吕梁市\"}','/TSP/app/sys/datastruct/addDataStructNode','aizheng','','','','','','','','','',''),('aca13dc5c8f54b8297b8ace5fdf5be2b','user','operation','2017-04-15 13:14:06','{\"node_code\":\"510300\",\"parent_node_code\":\"510000\",\"struct_code\":\"administrative_area\",\"node_name\":\"自贡市\",\"display_order\":\"510300\",\"enabled_flag\":\"Y\",\"description\":\"自贡市\"}','/TSP/app/sys/datastruct/addDataStructNode','aizheng','','','','','','','','','',''),('acb4d609acb34248927a183edec5479f','user','operation','2017-04-15 13:38:11','{\"node_code\":\"640200\",\"parent_node_code\":\"640000\",\"struct_code\":\"administrative_area\",\"node_name\":\"石嘴山市\",\"display_order\":\"640200\",\"enabled_flag\":\"Y\",\"description\":\"石嘴山市\"}','/TSP/app/sys/datastruct/addDataStructNode','aizheng','','','','','','','','','',''),('acc790aca0124676931c5d11c0c576e9','user','operation','2017-04-12 21:15:01','{\"item_code\":\"application\",\"type_code\":\"wx_public_no_type\",\"item_name\":\"应用号\",\"display_order\":\"30\",\"enabled_flag\":\"Y\"}','/TSP/app/sys/datadict/addDataDictItem','aizheng','','','','','','','','','',''),('acee05ae30dc428caef09e40c3401a06','user','operation','2017-03-25 08:41:15','{\"column_code\":\"log_start_time\",\"search_code\":\"LogMgr\",\"column_name\":\"开始时间\",\"column_sql\":\"sl.log_time\",\"operation_symbol\":\"greater_equal\",\"element_type\":\"text\",\"ddt_code\":\"\",\"lov_code\":\"\",\"ds_code\":\"\",\"display_order\":\"40\",\"description\":\"开始时间\"}','/ADF/app/sys/search/addSearchColumn','aizheng','','','','','','','','','',''),('ad4512d7e8a943a48b5e317b6a4f5efa','user','login','2017-05-01 01:40:28','aizheng/EA+cKKPxgomvnVFYlVz2ALTRLCJXEP2/oR+vnIu0wfQBjXMtXrInXIQWg8bw7ZHiGgtdH/nFL1nPael7uzHbuw==','/TSP/login_validate','aizheng','','','','','','','','','',''),('ad61bbbc3dda42a2aba27677fbe9609e','user','operation','2017-04-28 11:19:48','{\"type_code\":\"member_auth_setup\",\"type_name\":\"会员权限设置\",\"display_order\":\"20\",\"description\":\"会员权限设置\"}','/TSP/app/sys/parameter/addParameterType','aizheng','','','','','','','','','',''),('adb1975d80664d63a46a89a03c2ea2a6','user','operation','2017-04-15 13:21:53','{\"node_code\":\"530300\",\"parent_node_code\":\"530000\",\"struct_code\":\"administrative_area\",\"node_name\":\"曲靖市\",\"display_order\":\"530300\",\"enabled_flag\":\"Y\",\"description\":\"曲靖市\"}','/TSP/app/sys/datastruct/addDataStructNode','aizheng','','','','','','','','','',''),('adbd325bfce14dd4a94ed62bebc9e92a','user','operation','2017-04-13 09:20:26','{\"node_code\":\"210200\",\"parent_node_code\":\"210000\",\"struct_code\":\"administrative_area\",\"node_name\":\"大连市\",\"display_order\":\"210200\",\"enabled_flag\":\"Y\",\"description\":\"大连市\"}','/TSP/app/sys/datastruct/addDataStructNode','aizheng','','','','','','','','','',''),('ade1ff9568144e4a94b692a56f23c70d','user','operation','2017-04-12 21:16:57','{\"item_code\":\"N\",\"type_code\":\"wx_payment_status\",\"item_name\":\"未开通\",\"display_order\":\"20\",\"enabled_flag\":\"Y\"}','/TSP/app/sys/datadict/addDataDictItem','aizheng','','','','','','','','','',''),('adff76c2729e4178bf7d925a48e312f1','user','operation','2017-04-13 10:10:05','{\"node_code\":\"320900\",\"parent_node_code\":\"320000\",\"struct_code\":\"administrative_area\",\"node_name\":\"盐城市\",\"display_order\":\"320900\",\"enabled_flag\":\"Y\",\"description\":\"盐城市\"}','/TSP/app/sys/datastruct/addDataStructNode','aizheng','','','','','','','','','',''),('ae1f926b56b04b56881e39fbe731c5a9','user','operation','2017-04-13 10:15:26','{\"node_code\":\"341200\",\"parent_node_code\":\"340000\",\"struct_code\":\"administrative_area\",\"node_name\":\"阜阳市\",\"display_order\":\"341200\",\"enabled_flag\":\"Y\",\"description\":\"阜阳市\"}','/TSP/app/sys/datastruct/addDataStructNode','aizheng','','','','','','','','','',''),('ae6bb0a54ff64390ba25a528400d2031','user','operation','2017-04-15 13:37:17','{\"node_code\":\"632700\",\"parent_node_code\":\"630000\",\"struct_code\":\"administrative_area\",\"node_name\":\"玉树藏族自治州\",\"display_order\":\"632700\",\"enabled_flag\":\"Y\",\"description\":\"玉树藏族自治州\"}','/TSP/app/sys/datastruct/addDataStructNode','aizheng','','','','','','','','','',''),('aeb0a24a3c0045c6a74f4b68505de289','user','operation','2017-05-01 23:27:11','{\"column_code\":\"register_time_end\",\"search_code\":\"MemberMgr\",\"column_name\":\"注册日期止\",\"column_sql\":\"mm.register_time\",\"operation_symbol\":\"less_equal\",\"element_type\":\"date\",\"ddt_code\":\"\",\"lov_code\":\"\",\"ds_code\":\"\",\"display_order\":\"40\",\"description\":\"\"}','/TSP/app/sys/search/editSearchColumn','aizheng','','','','','','','','','',''),('aee576db806e411d9159efa2ec66f50f','user','operation','2017-04-29 21:47:57','2c08a801b74640d9a98a125dbb973410','/TSP/app/sys/role/saveRoleMenuAuth','aizheng','','','','','','','','','',''),('af2126293003419d823aff0ac15d3e4f','user','operation','2017-04-29 17:02:45','{\"service_id\":\"63880580a6bc44efb5b98696e580980c\",\"member_type\":\"member_type\",\"member_duration\":\"3\",\"member_price\":\"199\",\"service_name\":\"3个月199元\",\"service_name_ext\":\"\",\"create_date\":\"2017-04-29 16:58:26\",\"created_by\":\"2282a5af0e1f403297948eca95877a03\",\"last_update_date\":null,\"last_updated_by\":\"2282a5af0e1f403297948eca95877a03\",\"attribute1\":null,\"attribute2\":null,\"attribute3\":null,\"attribute4\":null,\"attribute5\":null,\"attribute6\":null,\"attribute7\":null,\"attribute8\":null,\"attribute9\":null,\"attribute10\":null}','/TSP/app/mbr/service/editMemberService','aizheng','','','','','','','','','',''),('af4adfe0260943888bcee1bea90234e0','user','operation','2017-05-01 21:32:38','2c08a801b74640d9a98a125dbb973410','/TSP/app/sys/role/saveRoleMenuAuth','aizheng','','','','','','','','','',''),('af6606132f554581b7a789dcb02503e2','user','operation','2017-04-15 13:27:10','{\"node_code\":\"542500\",\"parent_node_code\":\"540000\",\"struct_code\":\"administrative_area\",\"node_name\":\"阿里地区\",\"display_order\":\"542500\",\"enabled_flag\":\"Y\",\"description\":\"阿里地区\"}','/TSP/app/sys/datastruct/addDataStructNode','aizheng','','','','','','','','','',''),('af66f1b4d7004a0eb4e0c4ed53f50a80','user','login','2017-04-27 13:51:20','aizheng/FtK0Bzk9S98+/OIuFr6e5Wc+wyUVyI3P+7dS0K/e2gdWrCoYWERw/DIktfyKFZFxIkhy3Tqi5sKmNXpfdLKi6Q==','/TSP/login_validate','aizheng','','','','','','','','','',''),('afc3ff1c8b8e4880aa652e4da2befa12','user','operation','2017-03-27 14:20:51','test','/ADF/app/sys/parameter/removeParameterType','aizheng','','','','','','','','','',''),('b01f266bc78d413ca023ab409554f7e8','user','operation','2017-04-13 21:50:32','{\"node_code\":\"420700\",\"parent_node_code\":\"420000\",\"struct_code\":\"administrative_area\",\"node_name\":\"鄂州市\",\"display_order\":\"420700\",\"enabled_flag\":\"Y\",\"description\":\"鄂州市\"}','/TSP/app/sys/datastruct/addDataStructNode','aizheng','','','','','','','','','',''),('b02ec421b3d84255a8806ba1925b45e1','user','operation','2017-04-29 22:37:56','{\"auth_id\":null,\"member_type\":\"general\",\"member_auth_type\":\"see_wechat_number\",\"member_auth_name\":\"1\",\"member_auth_value\":\"1\",\"create_date\":null,\"created_by\":\"2282a5af0e1f403297948eca95877a03\",\"last_update_date\":null,\"last_updated_by\":\"2282a5af0e1f403297948eca95877a03\",\"attribute1\":null,\"attribute2\":null,\"attribute3\":null,\"attribute4\":null,\"attribute5\":null,\"attribute6\":null,\"attribute7\":null,\"attribute8\":null,\"attribute9\":null,\"attribute10\":null}','/TSP/app/mbr/auth/addMemberAuth','aizheng','','','','','','','','','',''),('b07c38d5e9a641059982777f3a31c850','user','operation','2017-04-29 17:05:42','{\"service_id\":\"63880580a6bc44efb5b98696e580980c\",\"member_type\":\"member_type\",\"member_duration\":\"3\",\"member_price\":\"199\",\"service_name\":\"3个月199元\",\"service_name_ext\":\"优惠33%\",\"create_date\":\"2017-04-29 16:58:26\",\"created_by\":\"2282a5af0e1f403297948eca95877a03\",\"last_update_date\":null,\"last_updated_by\":\"2282a5af0e1f403297948eca95877a03\",\"attribute1\":null,\"attribute2\":null,\"attribute3\":null,\"attribute4\":null,\"attribute5\":null,\"attribute6\":null,\"attribute7\":null,\"attribute8\":null,\"attribute9\":null,\"attribute10\":null}','/TSP/app/mbr/service/editMemberService','aizheng','','','','','','','','','',''),('b0b618ad1b354b9896631b42025d01a2','user','operation','2017-05-01 00:55:06','{\"column_code\":\"register_date_to\",\"search_code\":\"TenantMgr\",\"column_name\":\"注册日期止\",\"column_sql\":\"tt.register_date\",\"operation_symbol\":\"less_equal\",\"element_type\":\"date\",\"ddt_code\":\"\",\"lov_code\":\"\",\"ds_code\":\"\",\"display_order\":\"80\",\"description\":\"\"}','/TSP/app/sys/search/addSearchColumn','aizheng','','','','','','','','','',''),('b10b712e523d4b9eb6a46f161e4592be','user','operation','2017-03-25 08:38:21','{\"item_code\":\"not_include\",\"type_code\":\"operation_symbol\",\"item_name\":\"不包含\",\"display_order\":\"80\",\"enabled_flag\":\"Y\"}','/ADF/app/sys/datadict/addDataDictItem','aizheng','','','','','','','','','',''),('b1ad2da195404848ad1fba9ba9b26fdc','user','operation','2017-04-28 11:06:52','{\"attribute_code\":\"member_price\",\"type_code\":\"member_duration\",\"attribute_name\":\"会员价格\",\"element_type\":\"text\",\"ddt_code\":\"\",\"lov_code\":\"\",\"ds_code\":\"\",\"description\":\"会员价格\"}','/TSP/app/sys/datadict/addDataDictTypeAttribute','aizheng','','','','','','','','','',''),('b1c975c1d0584e84973c06330d2c2e28','user','operation','2017-04-29 07:15:43','{\"item_code\":\"130\",\"type_code\":\"rent_scope\",\"item_name\":\"网游\",\"display_order\":\"130\",\"enabled_flag\":\"Y\"}','/TSP/app/sys/datadict/addDataDictItem','aizheng','','','','','','','','','',''),('b1e1c04ca64e480db369e586e063b7c7','user','operation','2017-04-04 16:00:53','{\"node_code\":\"M02\",\"parent_node_code\":\"M02\",\"struct_code\":\"menu_resource\",\"node_name\":\"账户管理\",\"display_order\":\"20\",\"enabled_flag\":\"Y\",\"description\":\"账户管理\"}','/TSP/app/sys/datastruct/addDataStructNode','aizheng','','','','','','','','','',''),('b241a612be364540830861d51bf7f8fb','user','operation','2017-04-30 07:24:58','{\"item_code\":\"sheep\",\"type_code\":\"chines_zodiac\",\"item_name\":\"羊\",\"display_order\":\"80\",\"enabled_flag\":\"Y\"}','/TSP/app/sys/datadict/addDataDictItem','aizheng','','','','','','','','','',''),('b2594c1c25e546c586c3b2769946a4b3','user','operation','2017-04-29 17:00:33','d35eff30db8040458775e3dc746c3cf3','/TSP/app/mbr/service/removeMemberService','aizheng','','','','','','','','','',''),('b274fbb83bbf4bf486d3319a546b627f','user','operation','2017-04-15 13:19:39','{\"node_code\":\"520100\",\"parent_node_code\":\"520000\",\"struct_code\":\"administrative_area\",\"node_name\":\"贵阳市\",\"display_order\":\"520100\",\"enabled_flag\":\"Y\",\"description\":\"贵阳市\"}','/TSP/app/sys/datastruct/addDataStructNode','aizheng','','','','','','','','','',''),('b2fa1808295545e6ab913964fe57982f','user','operation','2017-05-01 00:55:53','{\"column_code\":\"status\",\"search_code\":\"TenantMgr\",\"column_name\":\"状态\",\"column_sql\":\"tt.status\",\"operation_symbol\":\"equal\",\"element_type\":\"select\",\"ddt_code\":\"tenant_status\",\"lov_code\":\"\",\"ds_code\":\"\",\"display_order\":\"90\",\"description\":\"\"}','/TSP/app/sys/search/addSearchColumn','aizheng','','','','','','','','','',''),('b31781eb9f9b4ce4bc2a2bcb86d9b295','user','operation','2017-04-15 13:16:21','{\"node_code\":\"511500\",\"parent_node_code\":\"510000\",\"struct_code\":\"administrative_area\",\"node_name\":\"宜宾市\",\"display_order\":\"511500\",\"enabled_flag\":\"Y\",\"description\":\"宜宾市\"}','/TSP/app/sys/datastruct/addDataStructNode','aizheng','','','','','','','','','',''),('b323b1e32c5d4f2daa57e517cbfb5fef','user','operation','2017-05-01 00:24:33','{\"node_code\":\"M\",\"parent_node_code\":\"M\",\"struct_code\":\"menu_resource\",\"node_name\":\"租户管理\",\"display_order\":\"40\",\"enabled_flag\":\"Y\",\"description\":\"租户管理\"}','/TSP/app/sys/datastruct/addDataStructNode','aizheng','','','','','','','','','',''),('b38955e4d6a84a1a8aec2116126f4f9e','user','operation','2017-05-05 06:54:25','{\"type_code\":\"audit_status\",\"type_name\":\"审核状态\",\"description\":\"审核状态\"}','/TSP/app/sys/datadict/addDataDictType','aizheng','','','','','','','','','',''),('b392f4b4473e48ffa16d6daf5f6673f2','user','operation','2017-04-29 16:22:20','[{\"attribute_code\":\"font_icon_code\",\"attribute_name\":\"字体图标\",\"attribute_text\":\"\",\"attribute_value\":\"\",\"ddt_code\":\"\",\"ds_code\":\"\",\"element_type\":\"lov\",\"lov_code\":\"lov_font_icon\",\"node_code\":\"M0301\",\"struct_code\":\"menu_resource\"},{\"attribute_code\":\"function_code\",\"attribute_name\":\"功能\",\"attribute_text\":\"\",\"attribute_value\":\"mbr_member_service\",\"ddt_code\":\"\",\"ds_code\":\"\",\"element_type\":\"lov\",\"lov_code\":\"lov_function\",\"node_code\":\"M0301\",\"struct_code\":\"menu_resource\"}]','/TSP/app/sys/datastruct/saveDataStructNodeAttributes','aizheng','','','','','','','','','',''),('b3b8376720c94d3a842c1591db30f8e0','user','operation','2017-03-24 12:43:08','{\"struct_code\":\"menu_resource\",\"struct_name\":\"菜单资源\",\"node_code_rule\":\"auto\",\"rule_prefix\":\"M\",\"rule_length\":\"2\",\"description\":\"菜单资源\"}','/ADF/app/sys/datastruct/editDataStructDefine','aizheng','','','','','','','','','',''),('b483a3e3f3c649d28f5f8e3608a4202d','user','operation','2017-05-02 13:23:30','{\"operation_code\":\"tnt_tenant_authentication\",\"function_code\":\"tnt_tenant\",\"operation_name\":\"身份认证\",\"description\":\"身份认证\"}','/TSP/app/sys/function/addOperation','aizheng','','','','','','','','','',''),('b484003c25f14e3b9552d4a18b0e0fb5','user','operation','2017-03-26 21:20:42','{\"column_code\":\"log_start_time\",\"search_code\":\"LogMgr\",\"column_name\":\"开始时间\",\"column_sql\":\"sl.log_time\",\"operation_symbol\":\"greater_equal\",\"element_type\":\"datetime\",\"ddt_code\":\"\",\"lov_code\":\"\",\"ds_code\":\"\",\"display_order\":\"40\",\"description\":\"开始时间\"}','/ADF/app/sys/search/editSearchColumn','aizheng','','','','','','','','','',''),('b488d4fe2d6547bea58c74e1e3d0f19b','user','operation','2017-03-26 23:27:19','{\"column_code\":\"log_end_time\",\"search_code\":\"LogMgr\",\"column_name\":\"结束时间\",\"column_sql\":\"sl.log_time\",\"operation_symbol\":\"less_equal\",\"element_type\":\"datetime\",\"ddt_code\":\"\",\"lov_code\":\"\",\"ds_code\":\"\",\"display_order\":\"20\",\"description\":\"结束时间\"}','/ADF/app/sys/search/editSearchColumn','aizheng','','','','','','','','','',''),('b490ad5fcd1e4c76b716a016294b7e3a','system','exception','2017-04-25 08:58:33','{\"className\":\"org.springframework.jdbc.support.SQLErrorCodeSQLExceptionTranslator\",\"lineNumber\":\"233\",\"message\":\"\\r\\n### Error querying database.  Cause: com.mysql.jdbc.exceptions.jdbc4.MySQLSyntaxErrorException: Unknown column \'ddi.item_name\' in \'field list\'\\r\\n### The error may exist in file [D:\\\\IT\\\\Workbench\\\\ai\\\\workspace\\\\ws_tsp\\\\apache-tomcat-7.0.65\\\\webapps\\\\TSP\\\\WEB-INF\\\\classes\\\\org\\\\adf\\\\application\\\\modules\\\\oe\\\\mapper\\\\OperatingEntityMapper.xml]\\r\\n### The error may involve org.adf.application.modules.oe.mapper.OperatingEntityMapper.getOperatingEntityInfo-Inline\\r\\n### The error occurred while setting parameters\\r\\n### SQL: select oe.entity_id               ,oe.entity_name               ,oe.operator               ,oe.email               ,oe.mobilephone               ,date_format(oe.start_date,\'%Y-%m-%d\') start_date               ,date_format(oe.end_date,\'%Y-%m-%d\') end_date               ,oe.status               ,oe.description               ,date_format(oe.create_date,\'%Y-%m-%d %H:%i:%s\') create_date               ,oe.created_by               ,date_format(oe.last_update_date,\'%Y-%m-%d %H:%i:%s\') last_update_d\",\"methodName\":\"doTranslate\"}','','','','','','','','','','','',''),('b4b31371ebf746bcb626d38215950b73','user','operation','2017-04-28 10:59:36','{\"item_code\":\"general\",\"type_code\":\"member_type\",\"item_name\":\"普通会员\",\"display_order\":\"10\",\"enabled_flag\":\"Y\"}','/TSP/app/sys/datadict/addDataDictItem','aizheng','','','','','','','','','',''),('b4edb1b652a64a418888844ff78b9c80','user','operation','2017-04-29 22:37:08','{\"auth_id\":\"ddb9ab9868b4435390baea8b50783960\",\"member_type\":\"general\",\"member_auth_type\":\"say_hello\",\"member_auth_name\":\"4.每天25次与陌生人打招呼机会\",\"member_auth_value\":\"25\",\"create_date\":\"2017-04-29 22:33:50\",\"created_by\":\"2282a5af0e1f403297948eca95877a03\",\"last_update_date\":null,\"last_updated_by\":\"2282a5af0e1f403297948eca95877a03\",\"attribute1\":null,\"attribute2\":null,\"attribute3\":null,\"attribute4\":null,\"attribute5\":null,\"attribute6\":null,\"attribute7\":null,\"attribute8\":null,\"attribute9\":null,\"attribute10\":null}','/TSP/app/mbr/auth/editMemberAuth','aizheng','','','','','','','','','',''),('b5336f84d8e14eefa24eef332f7a2772','user','operation','2017-04-29 22:31:51','{\"auth_id\":\"16278b5840e8451db5363a0f0d98c6f3\",\"member_type\":\"general\",\"member_auth_type\":\"see_rent_count\",\"member_auth_name\":\"2.无限次查看出租人出租次数\",\"member_auth_value\":\"0\",\"create_date\":\"2017-04-29 22:28:32\",\"created_by\":\"2282a5af0e1f403297948eca95877a03\",\"last_update_date\":null,\"last_updated_by\":\"2282a5af0e1f403297948eca95877a03\",\"attribute1\":null,\"attribute2\":null,\"attribute3\":null,\"attribute4\":null,\"attribute5\":null,\"attribute6\":null,\"attribute7\":null,\"attribute8\":null,\"attribute9\":null,\"attribute10\":null}','/TSP/app/mbr/auth/editMemberAuth','aizheng','','','','','','','','','',''),('b539fd87b99c4cae8e9055fe72648d89','user','operation','2017-04-27 09:22:04','{\"role_id\":\"2c08a801b74640d9a98a125dbb973410\",\"resource_id\":\"4a55b2f373364910bdff5f4f01ec213a\",\"resource_type\":\"operating_entity\"}','/TSP/app/sys/role/removeRoleOperatingEntity','aizheng','','','','','','','','','',''),('b54f9b9d5c1349309ec81d9bfa6073f6','user','login','2017-03-27 17:01:08','aizheng/R23kSoC6HQglMbLwQwMZx/A9ZSIu1e6ulP7NBALVPKC/NvhozuJPT1R5djvfyh7Ql768dkQe0Pv5Luw3ORek5A==','/ADF/login_validate','aizheng','','','','','','','','','',''),('b56fb4486e8e48d085f7ff897523eef4','user','operation','2017-04-25 08:45:30','{\"entity_id\":\"4a55b2f373364910bdff5f4f01ec213a\",\"wx_public_no_type\":\"subscibe\",\"wx_public_no_id\":\"gh_d4c5ac837a87\",\"wx_public_no_code\":\"TimeSharePlatform\",\"wx_public_no_name\":\"TimeSharePlatform\",\"wx_public_no_desc\":\"时间分享平台\",\"wx_country\":\"CN\",\"wx_province\":\"370000\",\"wx_city\":\"370200\",\"wx_authentication_status\":\"N\",\"wx_payment_status\":\"N\",\"wx_developer_app_id\":\"wx7d3bc8ad5516c0b3\",\"wx_developer_app_secret\":\"\",\"wx_server_url\":\"\",\"wx_server_token\":\"\",\"wx_server_encoding_aes_key\":\"\",\"wx_server_encoding_type\":\"plaintext\",\"wx_mch_id\":\"\",\"create_date\":\"2017-04-25 08:44:26\",\"created_by\":\"2282a5af0e1f403297948eca95877a03\",\"last_update_date\":null,\"last_updated_by\":\"2282a5af0e1f403297948eca95877a03\",\"attribute1\":\"\",\"attribute2\":\"\",\"attribute3\":\"\",\"attribute4\":\"\",\"attribute5\":\"\",\"attribute6\":\"\",\"attribute7\":\"\",\"attribute8\":\"\",\"attribute9\":\"\",\"attribute10\":\"\"}','/TSP/app/oe/OperatingEntity/saveWechatPublicInfo','aizheng','','','','','','','','','',''),('b5db9d71532c4aa9ad4bc27d5217c99a','user','login','2017-04-12 11:29:57','aizheng/ST6y1JBMI2O8YCo/uH9HDMElIQn8rCenq8HF8/YTlh69Hugiw3iQQrsSPaAXp1yC1I8HuRCbgUO9l4ROP92i1A==','/TSP/login_validate','aizheng','','','','','','','','','',''),('b627a340a1bf449b84b787a75b0a27dd','user','operation','2017-04-30 07:25:47','{\"item_code\":\"chicken\",\"type_code\":\"chines_zodiac\",\"item_name\":\"鸡\",\"display_order\":\"100\",\"enabled_flag\":\"Y\"}','/TSP/app/sys/datadict/addDataDictItem','aizheng','','','','','','','','','',''),('b668249c3a784b7b9af1d7f26e0e878f','user','operation','2017-04-12 21:15:58','{\"item_code\":\"Y\",\"type_code\":\"wx_authentication_status\",\"item_name\":\"未认证\",\"display_order\":\"10\",\"enabled_flag\":\"Y\"}','/TSP/app/sys/datadict/addDataDictItem','aizheng','','','','','','','','','',''),('b71cbdff569a43638f244f1be1c0c9aa','user','operation','2017-04-04 15:38:18','34d68f3512ba4768ba3214e7736bb225','/TSP/app/sys/role/saveRoleMenuAuth','aizheng','','','','','','','','','',''),('b7223c7421a84832bb82162b25fe3fd3','user','operation','2017-03-27 14:18:57','c92ac60341854f39878629d8294b23a5','/ADF/app/sys/role/saveRoleMenuAuth','aizheng','','','','','','','','','',''),('b7e8ff1af3444ebbbacebb3d3df1fb83','user','operation','2017-03-26 23:11:19','{\"column_code\":\"log_content\",\"search_code\":\"LogMgr\",\"column_name\":\"日志内容\",\"column_sql\":\"sl.log_content\",\"operation_symbol\":\"include\",\"element_type\":\"text\",\"ddt_code\":\"\",\"lov_code\":\"\",\"ds_code\":\"\",\"display_order\":\"50\",\"description\":\"日志内容\"}','/ADF/app/sys/search/editSearchColumn','aizheng','','','','','','','','','',''),('b7f0f43ad0db4dda99b51eecdca524f7','user','login','2017-05-01 23:23:28','aizheng/ZTyRxMmhMQhuZxABxQ/JkplM/ZR+/eZgL1KZAxvvVkZfwp0wOzeEfp9+swzB5CIdegy1tqXnaoFQOiTSz0XyQw==','/TSP/login_validate','aizheng','','','','','','','','','',''),('b831bf6ca2824193aa4d44eac4f2a89b','user','operation','2017-04-29 07:06:57','{\"item_code\":\"say_hello\",\"type_code\":\"member_auth\",\"item_name\":\"与陌生人打招呼\",\"display_order\":\"30\",\"enabled_flag\":\"Y\"}','/TSP/app/sys/datadict/editDataDictItem','aizheng','','','','','','','','','',''),('b870458114a24e13bd5bc7cb0b7a5ab1','user','operation','2017-03-27 15:45:03','[{\"attribute_code\":\"date\",\"attribute_name\":\"日期\",\"attribute_text\":\"\",\"attribute_value\":\"2017-03-08\",\"ddt_code\":\"\",\"ds_code\":\"\",\"element_type\":\"date\",\"item_code\":\"platform\",\"lov_code\":\"\",\"type_code\":\"user_type\"},{\"attribute_code\":\"datetime\",\"attribute_name\":\"日期时间\",\"attribute_text\":\"\",\"attribute_value\":\"2017-03-16 14:20:47\",\"ddt_code\":\"\",\"ds_code\":\"\",\"element_type\":\"datetime\",\"item_code\":\"platform\",\"lov_code\":\"\",\"type_code\":\"user_type\"},{\"attribute_code\":\"time\",\"attribute_name\":\"时间\",\"attribute_text\":\"\",\"attribute_value\":\"05:30:47\",\"ddt_code\":\"\",\"ds_code\":\"\",\"element_type\":\"time\",\"item_code\":\"platform\",\"lov_code\":\"\",\"type_code\":\"user_type\"}]','/ADF/app/sys/datadict/saveDataDictItemAttributes','aizheng','','','','','','','','','',''),('b90d79f90b86491c81bb44f6789fcd4a','user','operation','2017-04-13 05:59:50','{\"node_code\":\"140000\",\"parent_node_code\":\"CN\",\"struct_code\":\"administrative_area\",\"node_name\":\"山西省\",\"display_order\":\"140000\",\"enabled_flag\":\"Y\",\"description\":\"山西省\"}','/TSP/app/sys/datastruct/addDataStructNode','aizheng','','','','','','','','','',''),('b919157b459c40dcaa7fd53cd80ef62a','user','logout','2017-03-26 04:17:21','aizheng','/ADF/logout','aizheng','','','','','','','','','',''),('b95c643d85eb4ec882359a435504a4ff','user','operation','2017-04-28 11:05:36','{\"item_code\":\"six\",\"type_code\":\"member_duration\",\"item_name\":\"6\",\"display_order\":\"30\",\"enabled_flag\":\"Y\"}','/TSP/app/sys/datadict/addDataDictItem','aizheng','','','','','','','','','',''),('b9f73d89135e41e19eb4e6993ebab250','user','operation','2017-05-01 23:13:57','{\"column_code\":\"register_time_start\",\"search_code\":\"MemberMgr\",\"column_name\":\"注册日期始\",\"column_sql\":\"mm.register_time\",\"operation_symbol\":\"greater_equal\",\"element_type\":\"date\",\"ddt_code\":\"\",\"lov_code\":\"\",\"ds_code\":\"\",\"display_order\":\"20\",\"description\":\"\"}','/TSP/app/sys/search/addSearchColumn','aizheng','','','','','','','','','',''),('b9ff454f763d47389ecca70090a8e868','user','operation','2017-04-13 21:53:08','{\"node_code\":\"430300\",\"parent_node_code\":\"430000\",\"struct_code\":\"administrative_area\",\"node_name\":\"湘潭市\",\"display_order\":\"430300\",\"enabled_flag\":\"Y\",\"description\":\"湘潭市\"}','/TSP/app/sys/datastruct/addDataStructNode','aizheng','','','','','','','','','',''),('ba084fa6d79d4fcab59df3498a1b136f','user','login','2017-03-26 04:04:32','aizheng/KUxN6CR6yqOLYepBFawBXHF/r4RRpN1f6mNcuC9QQwL81RcVmXAVYCdpa+FxbUHFiKeu/ecASr4ZJ8LPKZDSlw==','/ADF/login_validate','aizheng','','','','','','','','','',''),('bacb94a89e574241bf7d1d4d7373e746','user','login','2017-04-28 09:34:45','aizheng/JrOAYGjLlByGqnrJr8Y6sPlfElnWpNk7TJX3rG6tmtQmnCvUZgl9weiN9tJHT+epBYq96XkY/Hku59iKcI67Kg==','/TSP/login_validate','aizheng','','','','','','','','','',''),('baf169969a51418ab2744f927027fa46','user','operation','2017-05-01 17:15:28','{\"item_code\":\"unautherized\",\"type_code\":\"authentication_status\",\"item_name\":\"未认证\",\"display_order\":\"10\",\"enabled_flag\":\"Y\"}','/TSP/app/sys/datadict/addDataDictItem','aizheng','','','','','','','','','',''),('bb01637a47314eefaae97e318d0cca72','user','operation','2017-04-01 23:06:03','c92ac60341854f39878629d8294b23a5','/ADF/app/sys/role/saveRoleMenuAuth','aizheng','','','','','','','','','',''),('bb249ad8e62b459cb45c1cb2c8a1268e','user','operation','2017-04-29 06:28:31','da00bb7200f44018aa34ef94333235f2','/TSP/app/sys/role/saveRoleMenuAuth','aizheng','','','','','','','','','',''),('bb4d76b1e0144742a139fb84df995828','user','operation','2017-04-29 07:06:42','{\"item_code\":\"say_hello\",\"type_code\":\"member_auth\",\"item_name\":\"与陌生人打招呼次数\",\"display_order\":\"30\",\"enabled_flag\":\"Y\"}','/TSP/app/sys/datadict/editDataDictItem','aizheng','','','','','','','','','',''),('bb706e28a91d4079aa43815d53dd213e','user','operation','2017-04-13 05:58:48','{\"node_code\":\"110000\",\"parent_node_code\":\"CN\",\"struct_code\":\"administrative_area\",\"node_name\":\"北京市\",\"display_order\":\"110000\",\"enabled_flag\":\"Y\",\"description\":\"北京市\"}','/TSP/app/sys/datastruct/editDataStructNode','aizheng','','','','','','','','','',''),('bbe87b8849c44c81bbb8fedba46abdf9','user','operation','2017-04-13 21:46:34','{\"node_code\":\"410700\",\"parent_node_code\":\"410000\",\"struct_code\":\"administrative_area\",\"node_name\":\"新乡市\",\"display_order\":\"410700\",\"enabled_flag\":\"Y\",\"description\":\"新乡市\"}','/TSP/app/sys/datastruct/addDataStructNode','aizheng','','','','','','','','','',''),('bc5d62e557bc4433933ad311cfb298dd','user','operation','2017-03-25 08:35:38','{\"item_code\":\"unequal\",\"type_code\":\"operation_symbol\",\"item_name\":\"不等于\",\"display_order\":\"20\",\"enabled_flag\":\"Y\"}','/ADF/app/sys/datadict/addDataDictItem','aizheng','','','','','','','','','',''),('bc9be1989db94a099144fb790ec399d1','user','operation','2017-04-01 22:41:50','{\"node_code\":\"M0115\",\"parent_node_code\":\"M0115\",\"struct_code\":\"menu_resource\",\"node_name\":\"参数设置\",\"display_order\":\"20\",\"enabled_flag\":\"Y\",\"description\":\"参数设置\"}','/ADF/app/sys/datastruct/addDataStructNode','aizheng','','','','','','','','','',''),('bccbb91d49544dfe812ddc9b39efc3cf','user','operation','2017-04-13 06:06:36','{\"node_code\":\"630000\",\"parent_node_code\":\"CN\",\"struct_code\":\"administrative_area\",\"node_name\":\"青海省\",\"display_order\":\"630000\",\"enabled_flag\":\"Y\",\"description\":\"青海省\"}','/TSP/app/sys/datastruct/addDataStructNode','aizheng','','','','','','','','','',''),('bcf04a7daf614d749c0841cbdab81a27','user','operation','2017-03-27 15:48:31','{\"parameter_code\":\"menu_struct_code\",\"parameter_name\":\"菜单结构\",\"parameter_type\":\"system_setup\",\"element_type\":\"lov\",\"ddt_code\":\"\",\"lov_code\":\"lov_data_struct\",\"ds_code\":\"\",\"display_order\":\"10\",\"description\":\"菜单结构\"}','/ADF/app/sys/parameter/editParameterDefine','aizheng','','','','','','','','','',''),('be168b6a733440019e9631737e79730f','user','operation','2017-04-15 13:33:14','{\"node_code\":\"621000\",\"parent_node_code\":\"620000\",\"struct_code\":\"administrative_area\",\"node_name\":\"庆阳市\",\"display_order\":\"621000\",\"enabled_flag\":\"Y\",\"description\":\"庆阳市\"}','/TSP/app/sys/datastruct/addDataStructNode','aizheng','','','','','','','','','',''),('be4d433fe92b46a983d89a6b4b99f321','user','operation','2017-04-13 21:45:56','{\"node_code\":\"410400\",\"parent_node_code\":\"410000\",\"struct_code\":\"administrative_area\",\"node_name\":\"平顶山市\",\"display_order\":\"410400\",\"enabled_flag\":\"Y\",\"description\":\"平顶山市\"}','/TSP/app/sys/datastruct/addDataStructNode','aizheng','','','','','','','','','',''),('bee75c64b7924310a6a6f08a0916411d','user','login','2017-03-26 03:52:17','aizheng/OkgfvGXaMORJs2Kh2+SzlBkg55cW1t3ANWWiyMY1fJNKmdPrl0Rk/2wXq8FaxNNxM5u4jnU6nGrGNWIugYgSfw==','/ADF/login_validate','aizheng','','','','','','','','','',''),('bef692bccd5e44d98ef7625ffa149977','user','operation','2017-04-13 08:05:19','{\"node_code\":\"130900\",\"parent_node_code\":\"130000\",\"struct_code\":\"administrative_area\",\"node_name\":\"沧州市\",\"display_order\":\"130900\",\"enabled_flag\":\"Y\",\"description\":\"沧州市\"}','/TSP/app/sys/datastruct/addDataStructNode','aizheng','','','','','','','','','',''),('bfa68db7e1044308ad9e056ac8871d7d','user','operation','2017-03-26 23:10:50','{\"column_code\":\"log_start_time\",\"search_code\":\"LogMgr\",\"column_name\":\"开始时间\",\"column_sql\":\"sl.log_time\",\"operation_symbol\":\"greater_equal\",\"element_type\":\"datetime\",\"ddt_code\":\"\",\"lov_code\":\"\",\"ds_code\":\"\",\"display_order\":\"10\",\"description\":\"开始时间\"}','/ADF/app/sys/search/editSearchColumn','aizheng','','','','','','','','','',''),('c0448425ddfd4f4fadf065f1c9581180','user','operation','2017-04-04 16:04:31','{\"node_code\":\"M0204\",\"parent_node_code\":\"M0204\",\"struct_code\":\"menu_resource\",\"node_name\":\"会员类型设置\",\"display_order\":\"10\",\"enabled_flag\":\"Y\",\"description\":\"会员类型设置\"}','/TSP/app/sys/datastruct/addDataStructNode','aizheng','','','','','','','','','',''),('c0f0caf6fc684abe86194fd7eb90f032','user','operation','2017-04-15 13:39:11','{\"node_code\":\"650100\",\"parent_node_code\":\"650000\",\"struct_code\":\"administrative_area\",\"node_name\":\"乌鲁木齐市\",\"display_order\":\"650100\",\"enabled_flag\":\"Y\",\"description\":\"乌鲁木齐市\"}','/TSP/app/sys/datastruct/addDataStructNode','aizheng','','','','','','','','','',''),('c110d3633342483aba2b6a6cde7a62cc','user','operation','2017-04-13 21:53:33','{\"node_code\":\"430500\",\"parent_node_code\":\"430000\",\"struct_code\":\"administrative_area\",\"node_name\":\"邵阳市\",\"display_order\":\"430500\",\"enabled_flag\":\"Y\",\"description\":\"邵阳市\"}','/TSP/app/sys/datastruct/addDataStructNode','aizheng','','','','','','','','','',''),('c13b1d908c274338a008ce0c371f4cd5','user','operation','2017-04-27 09:16:09','{\"item_code\":\"operating_entity\",\"type_code\":\"resource_type\",\"item_name\":\"运营实体\",\"display_order\":\"40\",\"enabled_flag\":\"Y\"}','/TSP/app/sys/datadict/addDataDictItem','aizheng','','','','','','','','','',''),('c14dd725b84b4399a6ebb88ba31964ea','user','operation','2017-04-12 21:10:37','{\"node_code\":\"M02\",\"parent_node_code\":\"M\",\"struct_code\":\"menu_resource\",\"node_name\":\"运营实体\",\"display_order\":\"20\",\"enabled_flag\":\"Y\",\"description\":\"运营实体\"}','/TSP/app/sys/datastruct/editDataStructNode','aizheng','','','','','','','','','',''),('c14ffd2316e14fd3b2f2a2ea33371eb1','user','operation','2017-04-28 16:02:45','{\"operation_code\":\"sys_data_struct_node_remove\",\"function_code\":\"sys_data_struct\",\"operation_name\":\"数据结构节点-删除\",\"description\":\"数据结构节点-删除\"}','/TSP/app/sys/function/addOperation','aizheng','','','','','','','','','',''),('c175564ffdc3434ca24e9289c329820f','user','operation','2017-04-01 22:41:38','{\"node_code\":\"M0115\",\"parent_node_code\":\"M0115\",\"struct_code\":\"menu_resource\",\"node_name\":\"参数定义\",\"display_order\":\"10\",\"enabled_flag\":\"Y\",\"description\":\"参数定义\"}','/ADF/app/sys/datastruct/addDataStructNode','aizheng','','','','','','','','','',''),('c18568332f694a98a1bddb8a785c59e4','user','operation','2017-03-26 23:29:54','{\"column_code\":\"log_start_time\",\"search_code\":\"LogMgr\",\"column_name\":\"开始时间\",\"column_sql\":\"sl.log_time\",\"operation_symbol\":\"greater_equal\",\"element_type\":\"datetime\",\"ddt_code\":\"\",\"lov_code\":\"\",\"ds_code\":\"\",\"display_order\":\"10\",\"description\":\"开始时间\"}','/ADF/app/sys/search/editSearchColumn','aizheng','','','','','','','','','',''),('c1d4fcb1ab1e4209a4f4f4ffc5b38678','user','operation','2017-04-29 07:31:41','{\"operation_code\":\"mbr_member_service_remove\",\"function_code\":\"mbr_member_service\",\"operation_name\":\"删除\",\"description\":\"删除\"}','/TSP/app/sys/function/addOperation','aizheng','','','','','','','','','',''),('c1ec4fed11e74a519e7ea5de5d3d9ff2','user','operation','2017-03-25 07:30:19','{\"operation_code\":\"sys_search_column_edit\",\"function_code\":\"sys_search\",\"operation_name\":\"搜索列-编辑\",\"description\":\"搜索列-编辑\"}','/ADF/app/sys/function/addOperation','aizheng','','','','','','','','','',''),('c210e0a334714fdaaa2771b6c9a0e2fe','user','login','2017-04-13 05:55:01','aizheng/VtQ47XyKK4hP7bDSbcyzqTd2ylV3pDSE9yYcKDYsCF/mj5JPHQ8UtWeeSYfEVduky9hfIZSWRmDSQb8U/mabRA==','/TSP/login_validate','aizheng','','','','','','','','','',''),('c23a8b77eadb46c3972e64f365d9f0df','system','exception','2017-04-29 16:57:01','{\"className\":\"org.springframework.jdbc.support.SQLExceptionSubclassTranslator\",\"lineNumber\":\"86\",\"message\":\"\\r\\n### Error updating database.  Cause: com.mysql.jdbc.exceptions.jdbc4.MySQLIntegrityConstraintViolationException: Column \'create_date\' cannot be null\\r\\n### The error may involve org.adf.application.common.mybatis.mapper.MbrMemberService.updateMbrMemberService-Inline\\r\\n### The error occurred while setting parameters\\r\\n### SQL: update mbr_member_service            set service_id = ?               ,member_type = ?               ,member_duration = ?               ,member_price = ?               ,service_name = ?               ,service_name_ext = ?               ,create_date = str_to_date(?,\'%Y-%m-%d %H:%i:%s\')               ,created_by = ?               ,last_update_date = str_to_date(?,\'%Y-%m-%d %H:%i:%s\')               ,last_updated_by = ?               ,attribute1 = ?               ,attribute2 = ?               ,attribute3 = ?               ,attribute4 = ?               ,attribute5 = ?               ,attribute6 = ?               ,attribute7 = ?               ,attribute8 = ?               \",\"methodName\":\"doTranslate\"}','','','','','','','','','','','',''),('c26a8c5445a2429a8a005d7b3c105228','user','operation','2017-04-01 22:50:32','{\"function_code\":\"sys_config\",\"function_name\":\"参数设置\",\"function_url\":\"/app/sys/parameter/ParameterConfig\",\"description\":\"参数设置\"}','/ADF/app/sys/function/editFunction','aizheng','','','','','','','','','',''),('c2875c161e284d138042a82a313a3375','user','operation','2017-05-01 00:52:35','{\"column_code\":\"nickname\",\"search_code\":\"TenantMgr\",\"column_name\":\"昵称\",\"column_sql\":\"tt.nickname\",\"operation_symbol\":\"include\",\"element_type\":\"text\",\"ddt_code\":\"\",\"lov_code\":\"\",\"ds_code\":\"\",\"display_order\":\"30\",\"description\":\"\"}','/TSP/app/sys/search/addSearchColumn','aizheng','','','','','','','','','',''),('c28f24dc82d049c9af57198e9c8a5e97','user','operation','2017-04-29 07:10:07','{\"item_code\":\"20\",\"type_code\":\"rent_scope\",\"item_name\":\"约饭\",\"display_order\":\"20\",\"enabled_flag\":\"Y\"}','/TSP/app/sys/datadict/addDataDictItem','aizheng','','','','','','','','','',''),('c2cc2ccc605e4a13bd0ff9b2489dbbac','user','operation','2017-05-05 06:53:20','{\"item_code\":\"unpublished\",\"type_code\":\"service_status\",\"item_name\":\"未发布\",\"display_order\":\"10\",\"enabled_flag\":\"Y\"}','/TSP/app/sys/datadict/addDataDictItem','aizheng','','','','','','','','','',''),('c3004780a05b42a7a2bb142a78ceaba6','user','operation','2017-04-15 13:09:56','{\"node_code\":\"450500\",\"parent_node_code\":\"450000\",\"struct_code\":\"administrative_area\",\"node_name\":\"北海市\",\"display_order\":\"450500\",\"enabled_flag\":\"Y\",\"description\":\"北海市\"}','/TSP/app/sys/datastruct/addDataStructNode','aizheng','','','','','','','','','',''),('c36affb11d2a4e32b2d209cf9bc84690','user','operation','2017-04-15 13:25:01','{\"node_code\":\"533400\",\"parent_node_code\":\"530000\",\"struct_code\":\"administrative_area\",\"node_name\":\"迪庆藏族自治州\",\"display_order\":\"533400\",\"enabled_flag\":\"Y\",\"description\":\"迪庆藏族自治州\"}','/TSP/app/sys/datastruct/addDataStructNode','aizheng','','','','','','','','','',''),('c370eca5723148b38c2e3993f37627d1','user','operation','2017-03-27 15:49:29','test','/ADF/app/sys/parameter/removeParameterType','aizheng','','','','','','','','','',''),('c3724c784494488fa866777c42be91ad','user','operation','2017-05-02 10:10:06','{\"operation_code\":\"tnt_authentication\",\"function_code\":\"tnt_authentication\",\"operation_name\":\"身份认证\",\"description\":\"身份认证\"}','/TSP/app/sys/function/addOperation','aizheng','','','','','','','','','',''),('c40274c56b454d129ff275e162253c05','user','operation','2017-03-25 09:07:42','{\"column_code\":\"log_content\",\"search_code\":\"LogMgr\",\"column_name\":\"日志内容\",\"column_sql\":\"sl.log_content\",\"operation_symbol\":\"include\",\"element_type\":\"text\",\"ddt_code\":\"\",\"lov_code\":\"\",\"ds_code\":\"\",\"display_order\":\"30\",\"description\":\"日志内容1\"}','/ADF/app/sys/search/editSearchColumn','aizheng','','','','','','','','','',''),('c4327d46f6164e13917c1340acf7f362','user','operation','2017-04-04 15:37:29','sys_flex_field','/TSP/app/sys/function/removeFunction','aizheng','','','','','','','','','',''),('c43e464b21ba4f3a922432c0fec78fa1','user','login','2017-03-26 04:16:51','aizheng/ZNtvWgHXVqCyaR9ZOtGzBrrkxDVUz6c3iOridKS9siO4cyd2AkODc6RbDNJLG4iJmCKYNEVPxZNKNWsskS5BAQ==','/ADF/login_validate','aizheng','','','','','','','','','',''),('c459292a61fe4625a706cd453ea5e100','user','operation','2017-04-13 21:54:34','{\"node_code\":\"431000\",\"parent_node_code\":\"430000\",\"struct_code\":\"administrative_area\",\"node_name\":\"郴州市\",\"display_order\":\"431000\",\"enabled_flag\":\"Y\",\"description\":\"郴州市\"}','/TSP/app/sys/datastruct/addDataStructNode','aizheng','','','','','','','','','',''),('c46599e749e644858996965a79409f89','user','login','2017-04-24 03:14:17','aizheng/FZ2WiA2XPU+WTJRhUy4YTfYYAASHmq0QZmRemB4F1d0pWyXODitGJz2z5rXvfEAB+m0AdHyPfxIwWqIyiXUX2w==','/TSP/login_validate','aizheng','','','','','','','','','',''),('c500a8a0af714edcbcefa2aae60b30d6','user','login','2017-04-28 16:06:34','aizheng/LEQUpdko/j2VmIz2pTUg+h/c49NR3AXGDTWC9tFkC/bgG3etaI8s2Eug/zqCS/D6zNiPVfHVtXCWc7dWMu45fA==','/TSP/login_validate','aizheng','','','','','','','','','',''),('c53555279178430999f2271c59ba0a3a','user','operation','2017-04-29 07:26:26','{\"item_code\":\"210\",\"type_code\":\"tenant_label\",\"item_name\":\"歌手\",\"display_order\":\"210\",\"enabled_flag\":\"Y\"}','/TSP/app/sys/datadict/addDataDictItem','aizheng','','','','','','','','','',''),('c53fef0947104ac8b43c65c263a96c6a','user','operation','2017-04-13 06:06:48','{\"node_code\":\"640000\",\"parent_node_code\":\"CN\",\"struct_code\":\"administrative_area\",\"node_name\":\"宁夏回族自治区\",\"display_order\":\"640000\",\"enabled_flag\":\"Y\",\"description\":\"宁夏回族自治区\"}','/TSP/app/sys/datastruct/addDataStructNode','aizheng','','','','','','','','','',''),('c5462eeab3ec4998bc671f0547fd40da','user','operation','2017-04-29 16:58:26','{\"service_id\":null,\"member_type\":\"member_type\",\"member_duration\":\"1\",\"member_price\":\"3\",\"service_name\":\"3\",\"service_name_ext\":\"3\",\"create_date\":null,\"created_by\":\"2282a5af0e1f403297948eca95877a03\",\"last_update_date\":null,\"last_updated_by\":\"2282a5af0e1f403297948eca95877a03\",\"attribute1\":null,\"attribute2\":null,\"attribute3\":null,\"attribute4\":null,\"attribute5\":null,\"attribute6\":null,\"attribute7\":null,\"attribute8\":null,\"attribute9\":null,\"attribute10\":null}','/TSP/app/mbr/service/addMemberService','aizheng','','','','','','','','','',''),('c567fc7efa80405ea7544ba712b0f6ab','system','exception','2017-03-26 06:11:48','{\"className\":\"org.springframework.jdbc.support.SQLErrorCodeSQLExceptionTranslator\",\"lineNumber\":\"233\",\"message\":\"\\r\\n### Error querying database.  Cause: com.mysql.jdbc.exceptions.jdbc4.MySQLSyntaxErrorException: You have an error in your SQL syntax; check the manual that corresponds to your MySQL server version for the right syntax to use near \'% and sl.username like \'%aizheng\'%\' at line 6\\r\\n### The error may exist in file [D:\\\\IT\\\\Workbench\\\\ai\\\\workspace\\\\ws_adf\\\\apache-tomcat-7.0.65\\\\webapps\\\\ADF\\\\WEB-INF\\\\classes\\\\org\\\\adf\\\\application\\\\modules\\\\system\\\\mapper\\\\LogMapper.xml]\\r\\n### The error may involve org.adf.application.modules.system.mapper.LogMapper.getLogCount-Inline\\r\\n### The error occurred while setting parameters\\r\\n### SQL: select count(1)           from sys_log sl          where 1 = 1                       and sl.log_source = \'user\' and sl.log_type = \'operation\' and sl.log_content like \'%User\'% and sl.username like \'%aizheng\'%\\r\\n### Cause: com.mysql.jdbc.exceptions.jdbc4.MySQLSyntaxErrorException: You have an error in your SQL syntax; check the manual that corresponds to your MySQL server version for the \",\"methodName\":\"doTranslate\"}','','','','','','','','','','','',''),('c5f36d2219594b0bb8aa5507224676af','user','operation','2017-04-29 06:11:03','{\"item_code\":\"3\",\"type_code\":\"member_duration\",\"item_name\":\"3个月\",\"display_order\":\"20\",\"enabled_flag\":\"Y\"}','/TSP/app/sys/datadict/addDataDictItem','aizheng','','','','','','','','','',''),('c63195ccc78a4046b09c3284b90e1acd','user','operation','2017-04-13 21:40:55','{\"node_code\":\"350300\",\"parent_node_code\":\"350000\",\"struct_code\":\"administrative_area\",\"node_name\":\"莆田市\",\"display_order\":\"350300\",\"enabled_flag\":\"Y\",\"description\":\"莆田市\"}','/TSP/app/sys/datastruct/addDataStructNode','aizheng','','','','','','','','','',''),('c69869dc336f4fce943331c0b8df3e8f','user','logout','2017-04-25 08:40:01','superadmin','/TSP/logout','superadmin','','','','','','','','','',''),('c6d0ec87daff4a579f9209aa6cfcd76d','user','operation','2017-04-29 07:21:35','{\"item_code\":\"50\",\"type_code\":\"tenant_label\",\"item_name\":\"白领\",\"display_order\":\"50\",\"enabled_flag\":\"Y\"}','/TSP/app/sys/datadict/addDataDictItem','aizheng','','','','','','','','','',''),('c71dcb196c944296b018f6629b428d88','user','login','2017-04-27 13:56:00','aizheng/FtYUVd9W+K0EwZdImtWICoxY+q3jD7Pf/2O8YsAUU4cPLArRtCMEfoHv+OuVRmJv//R2yREYUO4gFjMuGzOlPA==','/TSP/login_validate','aizheng','','','','','','','','','',''),('c77f233de3cc443fa51d7e95e6cc3bed','user','operation','2017-04-29 17:16:00','{\"service_id\":\"06e22443c0984b8cbef4f906aaf6d62b\",\"member_type\":\"platinum\",\"member_duration\":\"6\",\"member_price\":\"399\",\"service_name\":\"6个月399元\",\"service_name_ext\":\"优惠67%\",\"create_date\":\"2017-04-29 17:14:48\",\"created_by\":\"2282a5af0e1f403297948eca95877a03\",\"last_update_date\":null,\"last_updated_by\":\"2282a5af0e1f403297948eca95877a03\",\"attribute1\":null,\"attribute2\":null,\"attribute3\":null,\"attribute4\":null,\"attribute5\":null,\"attribute6\":null,\"attribute7\":null,\"attribute8\":null,\"attribute9\":null,\"attribute10\":null}','/TSP/app/mbr/service/editMemberService','aizheng','','','','','','','','','',''),('c7901b51fe764703ac9ca98745339ca1','user','operation','2017-04-15 13:38:23','{\"node_code\":\"640300\",\"parent_node_code\":\"640000\",\"struct_code\":\"administrative_area\",\"node_name\":\"吴忠市\",\"display_order\":\"640300\",\"enabled_flag\":\"Y\",\"description\":\"吴忠市\"}','/TSP/app/sys/datastruct/addDataStructNode','aizheng','','','','','','','','','',''),('c7a466acfd4241d1ad2ff667d6609c98','user','operation','2017-04-27 09:19:08','{\"lov_code\":\"lov_operating_entity\",\"lov_name\":\"运营实体值列表\",\"view_name\":\"lov_operating_entity_v\",\"description\":\"运营实体值列表\"}','/TSP/app/sys/lov/saveLovInfo','aizheng','','','','','','','','','',''),('c7aba4324fe443789b4dcac9b4680a5f','user','operation','2017-04-13 06:09:58','{\"node_code\":\"370800\",\"parent_node_code\":\"370000\",\"struct_code\":\"administrative_area\",\"node_name\":\"济宁市\",\"display_order\":\"370800\",\"enabled_flag\":\"Y\",\"description\":\"济宁市\"}','/TSP/app/sys/datastruct/addDataStructNode','aizheng','','','','','','','','','',''),('c7d561b72c3145868d9403347e57d85b','user','operation','2017-04-13 21:58:27','{\"node_code\":\"441700\",\"parent_node_code\":\"440000\",\"struct_code\":\"administrative_area\",\"node_name\":\"阳江市\",\"display_order\":\"441700\",\"enabled_flag\":\"Y\",\"description\":\"阳江市\"}','/TSP/app/sys/datastruct/addDataStructNode','aizheng','','','','','','','','','',''),('c7e1f2ac4e794bdaa9d8de7cfee0a87a','user','login','2017-03-26 15:29:33','aizheng/E3l55qpQwn0TYlNuI9Y4CQQmxXSN+xKN/mKoFOwdd4QPEY+9IeBZX8D8D6FMpqMcAqbW9i6kAw73BWPwNw3Lqw==','/ADF/login_validate','aizheng','','','','','','','','','',''),('c7e70a3b12034f40a69d8e74ad49cf37','user','login','2017-05-01 22:53:44','aizheng/BRVYBvFHL01rASaVHB++VZ1HSiHRlK9sxMOrxHAvNUBliPGzx+nRNUU6NgEwLjZ9+ogACnM6zqE90sxoFVEP2A==','/TSP/login_validate','aizheng','','','','','','','','','',''),('c81c0e7309f2408c8876d2fe0578f579','user','operation','2017-04-13 21:47:00','{\"node_code\":\"410900\",\"parent_node_code\":\"410000\",\"struct_code\":\"administrative_area\",\"node_name\":\"濮阳市\",\"display_order\":\"410900\",\"enabled_flag\":\"Y\",\"description\":\"濮阳市\"}','/TSP/app/sys/datastruct/addDataStructNode','aizheng','','','','','','','','','',''),('c851beee16404db89ba005e4d55dbdbd','user','operation','2017-04-13 21:54:59','{\"node_code\":\"431200\",\"parent_node_code\":\"430000\",\"struct_code\":\"administrative_area\",\"node_name\":\"怀化市\",\"display_order\":\"431200\",\"enabled_flag\":\"Y\",\"description\":\"怀化市\"}','/TSP/app/sys/datastruct/addDataStructNode','aizheng','','','','','','','','','',''),('c8c5a625383b4368a8ff36b56c70f843','user','operation','2017-04-15 13:31:01','{\"node_code\":\"620400\",\"parent_node_code\":\"620000\",\"struct_code\":\"administrative_area\",\"node_name\":\"白银市\",\"display_order\":\"620400\",\"enabled_flag\":\"Y\",\"description\":\"白银市\"}','/TSP/app/sys/datastruct/addDataStructNode','aizheng','','','','','','','','','',''),('c8e873aa3b424c0f985a9809e97a9101','user','operation','2017-04-15 13:20:02','{\"node_code\":\"520300\",\"parent_node_code\":\"520000\",\"struct_code\":\"administrative_area\",\"node_name\":\"遵义市\",\"display_order\":\"520300\",\"enabled_flag\":\"Y\",\"description\":\"遵义市\"}','/TSP/app/sys/datastruct/addDataStructNode','aizheng','','','','','','','','','',''),('c8f14fa43f5a4ba9b1a08fbf9ddaddd2','user','operation','2017-04-15 13:40:41','{\"node_code\":\"652700\",\"parent_node_code\":\"650000\",\"struct_code\":\"administrative_area\",\"node_name\":\"博尔塔拉蒙古自治州\",\"display_order\":\"652700\",\"enabled_flag\":\"Y\",\"description\":\"博尔塔拉蒙古自治州\"}','/TSP/app/sys/datastruct/addDataStructNode','aizheng','','','','','','','','','',''),('c97bf85a10cc45cd9a8f0a3bdcec63ae','user','operation','2017-04-13 21:47:48','{\"node_code\":\"411300\",\"parent_node_code\":\"410000\",\"struct_code\":\"administrative_area\",\"node_name\":\"南阳市\",\"display_order\":\"411300\",\"enabled_flag\":\"Y\",\"description\":\"南阳市\"}','/TSP/app/sys/datastruct/addDataStructNode','aizheng','','','','','','','','','',''),('c9cecc5f7d794e299d0e5c91feb8aa00','user','operation','2017-04-01 22:51:45','[{\"attribute_code\":\"font_icon_code\",\"attribute_name\":\"字体图标\",\"attribute_text\":\"\",\"attribute_value\":\"fa-building\",\"ddt_code\":\"\",\"ds_code\":\"\",\"element_type\":\"lov\",\"lov_code\":\"lov_font_icon\",\"node_code\":\"M0106\",\"struct_code\":\"menu_resource\"},{\"attribute_code\":\"function_code\",\"attribute_name\":\"功能\",\"attribute_text\":\"\",\"attribute_value\":\"sys_function\",\"ddt_code\":\"\",\"ds_code\":\"\",\"element_type\":\"lov\",\"lov_code\":\"lov_function\",\"node_code\":\"M0106\",\"struct_code\":\"menu_resource\"}]','/ADF/app/sys/datastruct/saveDataStructNodeAttributes','aizheng','','','','','','','','','',''),('ca04660ae07b41fea968e931cc281b70','user','operation','2017-04-25 08:45:50','{\"entity_id\":\"4a55b2f373364910bdff5f4f01ec213a\",\"wx_public_no_type\":\"subscibe\",\"wx_public_no_id\":\"gh_d4c5ac837a87\",\"wx_public_no_code\":\"TimeSharePlatform\",\"wx_public_no_name\":\"TimeSharePlatform\",\"wx_public_no_desc\":\"时间分享平台\",\"wx_country\":\"CN\",\"wx_province\":\"370000\",\"wx_city\":\"370200\",\"wx_authentication_status\":\"N\",\"wx_payment_status\":\"N\",\"wx_developer_app_id\":\"wx7d3bc8ad5516c0b3\",\"wx_developer_app_secret\":\"c23565f98385cb249a1d5b230e392127\",\"wx_server_url\":\"http://t16971b592.51mypc.cn/TSPS\",\"wx_server_token\":\"\",\"wx_server_encoding_aes_key\":\"\",\"wx_server_encoding_type\":\"plaintext\",\"wx_mch_id\":\"\",\"create_date\":\"2017-04-25 08:44:26\",\"created_by\":\"2282a5af0e1f403297948eca95877a03\",\"last_update_date\":null,\"last_updated_by\":\"2282a5af0e1f403297948eca95877a03\",\"attribute1\":\"\",\"attribute2\":\"\",\"attribute3\":\"\",\"attribute4\":\"\",\"attribute5\":\"\",\"attribute6\":\"\",\"attribute7\":\"\",\"attribute8\":\"\",\"attribute9\":\"\",\"attribute10\":\"\"}','/TSP/app/oe/OperatingEntity/saveWechatPublicInfo','aizheng','','','','','','','','','',''),('ca481b3b21be4162908e571c8d8f9d29','user','operation','2017-04-30 07:34:19','{\"item_code\":\"capricornus\",\"type_code\":\"constellation\",\"item_name\":\"摩羯座\",\"display_order\":\"100\",\"enabled_flag\":\"Y\"}','/TSP/app/sys/datadict/addDataDictItem','aizheng','','','','','','','','','',''),('ca7cc083589b4f8bbaa43b2dc903edfe','user','operation','2017-03-28 07:03:30','[{\"attribute_code\":\"date\",\"attribute_name\":\"日期\",\"attribute_text\":\"\",\"attribute_value\":\"2017-03-28\",\"ddt_code\":\"\",\"ds_code\":\"\",\"element_type\":\"date\",\"lov_code\":\"\",\"node_code\":\"M01\",\"struct_code\":\"menu_resource\"},{\"attribute_code\":\"datetime\",\"attribute_name\":\"日期时间\",\"attribute_text\":\"\",\"attribute_value\":\"2017-03-28 07:00:20\",\"ddt_code\":\"\",\"ds_code\":\"\",\"element_type\":\"datetime\",\"lov_code\":\"\",\"node_code\":\"M01\",\"struct_code\":\"menu_resource\"},{\"attribute_code\":\"time\",\"attribute_name\":\"时间\",\"attribute_text\":\"\",\"attribute_value\":\"07:00:20\",\"ddt_code\":\"\",\"ds_code\":\"\",\"element_type\":\"time\",\"lov_code\":\"\",\"node_code\":\"M01\",\"struct_code\":\"menu_resource\"},{\"attribute_code\":\"font_icon_code\",\"attribute_name\":\"字体图标\",\"attribute_text\":\"\",\"attribute_value\":\"fa-cogs\",\"ddt_code\":\"\",\"ds_code\":\"\",\"element_type\":\"lov\",\"lov_code\":\"lov_font_icon\",\"node_code\":\"M01\",\"struct_code\":\"menu_resource\"},{\"attribute_code\":\"function_code\",\"attribute_name\":\"功能\",\"attribute_text\":\"\",\"attribute_value\":\"\",\"ddt_code\":\"\",\"ds_code\":\"\",\"element_type\":\"lov\",\"lov_code\":\"lov_function\",\"node_code\":\"M01\",\"struct_code\":\"menu_resource\"}]','/ADF/app/sys/datastruct/saveDataStructNodeAttributes','aizheng','','','','','','','','','',''),('ca93c6316bcf4d87adb8bd00c9a91292','user','operation','2017-04-28 11:01:16','{\"item_code\":\"gold\",\"type_code\":\"member_type\",\"item_name\":\"黄金会员\",\"display_order\":\"20\",\"enabled_flag\":\"Y\"}','/TSP/app/sys/datadict/addDataDictItem','aizheng','','','','','','','','','',''),('cad6803d1c754ab89f16794ecef6c2af','user','operation','2017-05-01 22:55:09','{\"node_code\":\"M03\",\"parent_node_code\":\"M03\",\"struct_code\":\"menu_resource\",\"node_name\":\"会员管理\",\"display_order\":\"20\",\"enabled_flag\":\"Y\",\"description\":\"会员管理\"}','/TSP/app/sys/datastruct/addDataStructNode','aizheng','','','','','','','','','',''),('cb58b25d3d1b4409854bfdcb8d3ce977','user','operation','2017-04-15 13:40:56','{\"node_code\":\"652800\",\"parent_node_code\":\"650000\",\"struct_code\":\"administrative_area\",\"node_name\":\"巴音郭楞蒙古自治州\",\"display_order\":\"652800\",\"enabled_flag\":\"Y\",\"description\":\"巴音郭楞蒙古自治州\"}','/TSP/app/sys/datastruct/addDataStructNode','aizheng','','','','','','','','','',''),('cb7c735b05064f6091ce4886157752cd','user','operation','2017-04-04 15:59:59','{\"node_code\":\"M02\",\"parent_node_code\":\"M02\",\"struct_code\":\"menu_resource\",\"node_name\":\"经营实体\",\"display_order\":\"10\",\"enabled_flag\":\"Y\",\"description\":\"经营实体\"}','/TSP/app/sys/datastruct/addDataStructNode','aizheng','','','','','','','','','',''),('cbf788511ba440ef9c84eb540031309a','user','operation','2017-03-27 17:02:15','test','/ADF/app/sys/parameter/removeParameterType','aizheng','','','','','','','','','',''),('cc0b9ef4b0814c4e9273ce089bba8c2c','user','login','2017-03-26 03:53:11','aizheng/f4Zc+gqJEzJ8WHChlsnDG+uQ/rCFdUzRWZ7RsXsvtSt2hFpC3Es/m64nkb7F515xPpDZBxHVSqGY5nl35gP90w==','/ADF/login_validate','aizheng','','','','','','','','','',''),('cc622bf2ec8e4c8a97ca942825df98cf','user','operation','2017-03-25 09:09:38','c92ac60341854f39878629d8294b23a5','/ADF/app/sys/role/saveRoleMenuAuth','aizheng','','','','','','','','','',''),('cc82066e29e34a689207230ef9c8aaee','user','operation','2017-05-01 22:06:44','{\"tenant_id\":\"367bd463597b4a2ab23a808088adb750\",\"real_name\":\"艾铮\",\"id_card_no\":\"370832198608110019\",\"id_card_img_front\":\"/img/367bd463597b4a2ab23a808088adb750/id_card_front.png\",\"id_card_img_back\":\"/img/367bd463597b4a2ab23a808088adb750/id_card_back.png\",\"submit_time\":\"2017-05-01 17:18:45\",\"audit_time\":\"2017-05-01 22:06:44\",\"audit_opinion\":\"审核通过\",\"audited_by\":null,\"authentication_status\":\"authenticated_pass\",\"attribute1\":null,\"attribute2\":null,\"attribute3\":null,\"attribute4\":null,\"attribute5\":null,\"attribute6\":null,\"attribute7\":null,\"attribute8\":null,\"attribute9\":null,\"attribute10\":null,\"audit_by\":\"2282a5af0e1f403297948eca95877a03\"}','/TSP/app/tnt/updateAuthenticationStatus','aizheng','','','','','','','','','',''),('cc9e533386354102bf2a3d500f4cc0e2','user','operation','2017-03-25 07:29:32','{\"operation_code\":\"sys_search_define_add\",\"function_code\":\"sys_search\",\"operation_name\":\"搜索定义-新建\",\"description\":\"搜索定义-新建\"}','/ADF/app/sys/function/addOperation','aizheng','','','','','','','','','',''),('ccb4a51a12ea41488ad56eaca3ccdb64','user','operation','2017-03-27 14:32:42','test','/ADF/app/sys/parameter/removeParameterType','aizheng','','','','','','','','','',''),('cce212561766408a891d474719b88b25','user','logout','2017-04-23 16:08:05','aizheng','/TSP/logout','aizheng','','','','','','','','','',''),('cd0c950ad62847b0a465e26ec41466cb','user','operation','2017-04-29 22:34:24','{\"auth_id\":null,\"member_type\":\"platinum\",\"member_auth_type\":\"see_wechat_number\",\"member_auth_name\":\"1.每天3次查看出租人微信号机会\",\"member_auth_value\":\"10\",\"create_date\":null,\"created_by\":\"2282a5af0e1f403297948eca95877a03\",\"last_update_date\":null,\"last_updated_by\":\"2282a5af0e1f403297948eca95877a03\",\"attribute1\":null,\"attribute2\":null,\"attribute3\":null,\"attribute4\":null,\"attribute5\":null,\"attribute6\":null,\"attribute7\":null,\"attribute8\":null,\"attribute9\":null,\"attribute10\":null}','/TSP/app/mbr/auth/addMemberAuth','aizheng','','','','','','','','','',''),('cd443009aee04a96b0119565e568413c','user','operation','2017-04-29 17:45:54','{\"service_id\":\"df2476969c1d4c45920622810478813f\",\"member_type\":\"platinum\",\"member_duration\":\"3\",\"member_price\":\"288\",\"service_name\":\"3个月288元\",\"service_name_ext\":\"优惠49%\",\"create_date\":\"2017-04-29 17:14:34\",\"created_by\":\"2282a5af0e1f403297948eca95877a03\",\"last_update_date\":null,\"last_updated_by\":\"2282a5af0e1f403297948eca95877a03\",\"attribute1\":null,\"attribute2\":null,\"attribute3\":null,\"attribute4\":null,\"attribute5\":null,\"attribute6\":null,\"attribute7\":null,\"attribute8\":null,\"attribute9\":null,\"attribute10\":null}','/TSP/app/mbr/service/editMemberService','aizheng','','','','','','','','','',''),('cdbd1813eca74810af6f145b8f94fe46','user','login','2017-04-14 02:55:32','aizheng/H20CGewMO7fmt+tosNmhrHE9APFHVqWRf5BRWZifqv213aIdzgN0ERY0H2YQJbcg6TLOHXvRsyCFotcMCFgd9w==','/TSP/login_validate','aizheng','','','','','','','','','',''),('cde31dd98d1c408ca9aa10ea012e0fb9','user','operation','2017-04-15 13:17:15','{\"node_code\":\"511900\",\"parent_node_code\":\"510000\",\"struct_code\":\"administrative_area\",\"node_name\":\"巴中市\",\"display_order\":\"511900\",\"enabled_flag\":\"Y\",\"description\":\"巴中市\"}','/TSP/app/sys/datastruct/addDataStructNode','aizheng','','','','','','','','','',''),('cdf41e0c7c934707971e3e6563f88683','user','operation','2017-04-13 09:12:14','{\"node_code\":\"150700\",\"parent_node_code\":\"150000\",\"struct_code\":\"administrative_area\",\"node_name\":\"呼伦贝尔市\",\"display_order\":\"150700\",\"enabled_flag\":\"Y\",\"description\":\"呼伦贝尔市\"}','/TSP/app/sys/datastruct/addDataStructNode','aizheng','','','','','','','','','',''),('ce8b780442bc4db8ad0efd5302c91c6a','user','login','2017-04-16 02:56:44','aizheng/FEWfcW8LFg5BM0ufUHU0Dzu0us1ONRvX2J8Czu5Mmv5nIAB3VHAdJtH+RBPVhQS1cVpfC2DvK17UCcgKkE1aoQ==','/TSP/login_validate','aizheng','','','','','','','','','',''),('ceb4e67136ca48cbbcfb126a2a2c0047','user','operation','2017-04-28 16:43:32','{\"node_code\":\"M\",\"parent_node_code\":\"M\",\"struct_code\":\"menu\",\"node_name\":\"2\",\"display_order\":\"2\",\"enabled_flag\":\"Y\",\"description\":\"\"}','/TSP/app/sys/datastruct/addDataStructNode','aizheng','','','','','','','','','',''),('ceb5e9ae1dab48ab97a744473ef4effa','user','login','2017-04-27 09:15:42','aizheng/Z7tPQJ6f7FNZxuPrLv8mPYZn5UddzLGWvGYFx1Rfdn4w43u7c1HrP1OEafD2QBUiWFnnPXwfQCrL5k1uqMFDjw==','/TSP/login_validate','aizheng','','','','','','','','','',''),('cf0451b978a1428db88b2f12dba0d673','user','operation','2017-04-13 10:12:40','{\"node_code\":\"330900\",\"parent_node_code\":\"330000\",\"struct_code\":\"administrative_area\",\"node_name\":\"舟山市\",\"display_order\":\"330900\",\"enabled_flag\":\"Y\",\"description\":\"舟山市\"}','/TSP/app/sys/datastruct/addDataStructNode','aizheng','','','','','','','','','',''),('cf2a4e6674554756a546812fc003046a','user','operation','2017-03-25 08:35:13','{\"item_code\":\"equal\",\"type_code\":\"operation_symbol\",\"item_name\":\"等于\",\"display_order\":\"10\",\"enabled_flag\":\"Y\"}','/ADF/app/sys/datadict/addDataDictItem','aizheng','','','','','','','','','',''),('cf745e25f1d843c7978b58fc06a8960f','user','operation','2017-04-15 15:51:47','4a55b2f373364910bdff5f4f01ec213a/unvalid','/TSP/app/oe/OperatingEntity/updateStatus','aizheng','','','','','','','','','',''),('cfacb56a83924c388428f3b097209a0d','user','operation','2017-05-01 17:14:34','{\"type_code\":\"authentication_status\",\"type_name\":\"认证状态\",\"description\":\"认证状态\"}','/TSP/app/sys/datadict/addDataDictType','aizheng','','','','','','','','','',''),('d052566e7c7441a2be1677f27ae64756','user','operation','2017-04-27 09:21:17','{\"role_id\":\"2c08a801b74640d9a98a125dbb973410\",\"resource_id\":\"4a55b2f373364910bdff5f4f01ec213a\",\"resource_type\":null}','/TSP/app/sys/role/removeRoleOperatingEntity','aizheng','','','','','','','','','',''),('d05e0578a5954f7db5500741308f2118','user','operation','2017-04-29 07:21:00','{\"item_code\":\"20\",\"type_code\":\"tenant_label\",\"item_name\":\"麦霸\",\"display_order\":\"20\",\"enabled_flag\":\"Y\"}','/TSP/app/sys/datadict/addDataDictItem','aizheng','','','','','','','','','',''),('d0dca5bb8ce84d76983f1e02cf7a2d7b','user','operation','2017-03-25 21:28:05','LogMgr|attribute1','/ADF/app/sys/search/removeSearchColumn','aizheng','','','','','','','','','',''),('d0fef3579eed40408719b8cd3844f92c','user','login','2017-04-23 16:08:25','aizheng/QXxp+7C49BJ98bYCC9bfzoqbS3zsKkbZ67P6aLQP+5yvTcY2stfCoNB7LAbSSQYL9dtx0PkRMG1jX2UeIW1V6w==','/TSP/login_validate','aizheng','','','','','','','','','',''),('d1126061250e4777b84b9953ef25c484','user','operation','2017-04-30 07:22:41','{\"item_code\":\"tiger\",\"type_code\":\"chines_zodiac\",\"item_name\":\"虎\",\"display_order\":\"30\",\"enabled_flag\":\"Y\"}','/TSP/app/sys/datadict/addDataDictItem','aizheng','','','','','','','','','',''),('d12c7e3ed50d45f188614a74ba7a2718','user','operation','2017-05-01 01:26:49','367bd463597b4a2ab23a808088adb750;unvalid','/TSP/app/tnt/updateTenantStatus','aizheng','','','','','','','','','',''),('d1a9256010df4dd4be7d5be994fb4071','user','operation','2017-04-28 11:28:45','{\"item_code\":\"say_hello_count\",\"type_code\":\"member_auth\",\"item_name\":\"每天20次与陌生人打招呼机会\",\"display_order\":\"20\",\"enabled_flag\":\"Y\"}','/TSP/app/sys/datadict/addDataDictItem','aizheng','','','','','','','','','',''),('d207cd0a526c444dacfc633aded07923','user','login','2017-04-25 09:06:12','aizheng/cWIVWbkDP8pXe2cdj5d2n64UBqhxfCcDPmysb4svNk8/FoUOQZTuZrnZ/MY8vek7dW8ByEI/EgTLzsCdBkUjyg==','/TSP/login_validate','aizheng','','','','','','','','','',''),('d2097c2098724fce96f3e04a77f50c0b','user','login','2017-03-27 14:17:39','aizheng/DeQTLAlMvat8FlgptD4QCOFrYfTjBR/WTrEaIICh2rzeOUkEzAY7AGdVqBd/yXOUD/i0W5YVi2/XUZLzarvYsw==','/ADF/login_validate','aizheng','','','','','','','','','',''),('d20fb071cd294797ab5fc97c849d12ba','user','logout','2017-03-27 14:19:03','aizheng','/ADF/logout','aizheng','','','','','','','','','',''),('d2273649a3b049b09518f1d5b8703cc3','user','operation','2017-04-29 17:15:33','{\"service_id\":\"df2476969c1d4c45920622810478813f\",\"member_type\":\"platinum\",\"member_duration\":\"3\",\"member_price\":\"299\",\"service_name\":\"3个月299元\",\"service_name_ext\":\"优惠50%\",\"create_date\":\"2017-04-29 17:14:34\",\"created_by\":\"2282a5af0e1f403297948eca95877a03\",\"last_update_date\":null,\"last_updated_by\":\"2282a5af0e1f403297948eca95877a03\",\"attribute1\":null,\"attribute2\":null,\"attribute3\":null,\"attribute4\":null,\"attribute5\":null,\"attribute6\":null,\"attribute7\":null,\"attribute8\":null,\"attribute9\":null,\"attribute10\":null}','/TSP/app/mbr/service/editMemberService','aizheng','','','','','','','','','',''),('d228cabcc83a438e9abc86d949dd1018','user','operation','2017-04-27 14:19:57','da00bb7200f44018aa34ef94333235f2','/TSP/app/sys/role/saveRoleMenuAuth','aizheng','','','','','','','','','',''),('d24d6d54b7d84b69b387558e3d555213','user','operation','2017-04-12 21:21:30','{\"node_code\":\"CN\",\"parent_node_code\":\"ROOT\",\"struct_code\":\"administrative_area\",\"node_name\":\"中国\",\"display_order\":\"10\",\"enabled_flag\":\"Y\",\"description\":\"中国\"}','/TSP/app/sys/datastruct/addDataStructNode','aizheng','','','','','','','','','',''),('d25eb731f7c7433fbcde9e5d805734a1','user','operation','2017-04-15 13:22:52','{\"node_code\":\"530800\",\"parent_node_code\":\"530000\",\"struct_code\":\"administrative_area\",\"node_name\":\"普洱市\",\"display_order\":\"530800\",\"enabled_flag\":\"Y\",\"description\":\"普洱市\"}','/TSP/app/sys/datastruct/addDataStructNode','aizheng','','','','','','','','','',''),('d291181b345941d889187f82eedeaabf','user','operation','2017-04-13 08:09:35','{\"node_code\":\"150400\",\"parent_node_code\":\"150000\",\"struct_code\":\"administrative_area\",\"node_name\":\"赤峰市\",\"display_order\":\"150400\",\"enabled_flag\":\"Y\",\"description\":\"赤峰市\"}','/TSP/app/sys/datastruct/addDataStructNode','aizheng','','','','','','','','','',''),('d2e4f92fdb324817b1fa70e0f35af449','user','operation','2017-04-13 10:13:34','{\"node_code\":\"340100\",\"parent_node_code\":\"340000\",\"struct_code\":\"administrative_area\",\"node_name\":\"合肥市\",\"display_order\":\"340100\",\"enabled_flag\":\"Y\",\"description\":\"合肥市\"}','/TSP/app/sys/datastruct/addDataStructNode','aizheng','','','','','','','','','',''),('d3194c9e684d48a183a9b711d3e239aa','user','login','2017-04-27 13:20:20','aizheng/g8OqqRhTr1OFof08kJB18s70DpI6uCv0LZWabaQseTvUPhLA205u/nvRfycf1+7qTJGtVj5ugm/9eiqT5LCzwA==','/TSP/login_validate','aizheng','','','','','','','','','',''),('d36815c0b3074609b6aa5765ec8c40ed','user','operation','2017-04-13 21:49:53','{\"node_code\":\"420300\",\"parent_node_code\":\"420000\",\"struct_code\":\"administrative_area\",\"node_name\":\"十堰市\",\"display_order\":\"420300\",\"enabled_flag\":\"Y\",\"description\":\"十堰市\"}','/TSP/app/sys/datastruct/addDataStructNode','aizheng','','','','','','','','','',''),('d3adb64b9c57482d80328ec5c60a0356','user','operation','2017-04-13 10:12:30','{\"node_code\":\"330800\",\"parent_node_code\":\"330000\",\"struct_code\":\"administrative_area\",\"node_name\":\"衢州市\",\"display_order\":\"330800\",\"enabled_flag\":\"Y\",\"description\":\"衢州市\"}','/TSP/app/sys/datastruct/addDataStructNode','aizheng','','','','','','','','','',''),('d3c40300829047469096b1da6101364f','user','operation','2017-04-25 07:44:10','{\"user_id\":\"2282a5af0e1f403297948eca95877a03\",\"username\":\"aizheng\",\"password\":\"B0710255E8B92F1B1B9121C4214F841D\",\"lastname\":\"艾铮\",\"email\":\"aisunny1986@163.com\",\"mobilephone\":\"15853257351\",\"description\":\"艾铮\",\"skin\":\"blue\",\"user_type\":\"OperatingEntity\",\"user_status\":\"valid\",\"start_date\":\"2017-03-06\",\"end_date\":\"\",\"password_change_date\":\"2017-03-05 23:18:42\",\"create_date\":\"2017-03-05 23:15:52\",\"last_update_date\":\"2017-03-26 04:37:58\",\"attribute1\":\"\",\"attribute2\":\"\",\"attribute3\":\"\",\"attribute4\":\"\",\"attribute5\":\"\",\"attribute6\":\"\",\"attribute7\":\"\",\"attribute8\":\"\",\"attribute9\":\"\",\"attribute10\":\"\"}','/TSP/app/sys/user/editUser','aizheng','','','','','','','','','',''),('d4342002e3f54e4a821ac811fb9a4e6a','user','operation','2017-03-28 07:02:35','{\"attribute_code\":\"datetime\",\"struct_code\":\"menu_resource\",\"attribute_name\":\"日期时间\",\"element_type\":\"datetime\",\"ddt_code\":\"\",\"ds_code\":\"\",\"lov_code\":\"\",\"description\":\"\"}','/ADF/app/sys/datastruct/addDataStructAttribute','aizheng','','','','','','','','','',''),('d4a26e46316d4c5983dde94fc146bf0c','user','operation','2017-04-29 17:14:48','{\"service_id\":null,\"member_type\":\"platinum\",\"member_duration\":\"6\",\"member_price\":\"399\",\"service_name\":\"6个月399元\",\"service_name_ext\":\"\",\"create_date\":null,\"created_by\":\"2282a5af0e1f403297948eca95877a03\",\"last_update_date\":null,\"last_updated_by\":\"2282a5af0e1f403297948eca95877a03\",\"attribute1\":null,\"attribute2\":null,\"attribute3\":null,\"attribute4\":null,\"attribute5\":null,\"attribute6\":null,\"attribute7\":null,\"attribute8\":null,\"attribute9\":null,\"attribute10\":null}','/TSP/app/mbr/service/addMemberService','aizheng','','','','','','','','','',''),('d4c1936292914cbb979a6e65ea7a89f6','user','operation','2017-04-28 16:35:53','menu_resource;M0204','/TSP/app/sys/datastruct/removeDataStructNode','aizheng','','','','','','','','','',''),('d4e255e1e8e7453cb96e5023d9c8ba8e','user','operation','2017-04-12 21:18:41','{\"item_code\":\"plaintext\",\"type_code\":\"wx_server_encoding_type\",\"item_name\":\"明文模式\",\"display_order\":\"10\",\"enabled_flag\":\"Y\"}','/TSP/app/sys/datadict/addDataDictItem','aizheng','','','','','','','','','',''),('d4fd663cc3854177aeec3d87342a3a0d','user','operation','2017-04-29 07:19:30','{\"item_code\":\"150\",\"type_code\":\"rent_scope\",\"item_name\":\"任你支配\",\"display_order\":\"150\",\"enabled_flag\":\"Y\"}','/TSP/app/sys/datadict/addDataDictItem','aizheng','','','','','','','','','',''),('d5c09ddba9ab4785961b21a947f23785','user','operation','2017-04-15 13:37:49','{\"node_code\":\"640100\",\"parent_node_code\":\"640000\",\"struct_code\":\"administrative_area\",\"node_name\":\"银川市\",\"display_order\":\"640100\",\"enabled_flag\":\"Y\",\"description\":\"银川市\"}','/TSP/app/sys/datastruct/addDataStructNode','aizheng','','','','','','','','','',''),('d600d628e3b2447896e67fe1298e217a','user','operation','2017-04-29 07:30:56','{\"function_code\":\"mbr_member_service\",\"function_name\":\"会员服务设置\",\"function_url\":\"/app/member/service/MemberServiceMgr\",\"description\":\"会员服务设置\"}','/TSP/app/sys/function/addFunction','aizheng','','','','','','','','','',''),('d60f73b2632b4cacb555aac204e1b134','user','operation','2017-03-25 08:16:09','{\"search_code\":\"LogMgr\",\"search_name\":\"日志管理1\",\"description\":\"日志管理1\"}','/ADF/app/sys/search/editSearchDefine','aizheng','','','','','','','','','',''),('d63ffa8808a940b1aa58ce040767c9f1','user','operation','2017-04-04 16:04:06','{\"node_code\":\"M02\",\"parent_node_code\":\"M02\",\"struct_code\":\"menu_resource\",\"node_name\":\"会员设置\",\"display_order\":\"40\",\"enabled_flag\":\"Y\",\"description\":\"会员设置\"}','/TSP/app/sys/datastruct/addDataStructNode','aizheng','','','','','','','','','',''),('d655aa59a472411a8a52713e4401e623','user','operation','2017-04-13 10:03:52','{\"node_code\":\"220800\",\"parent_node_code\":\"220000\",\"struct_code\":\"administrative_area\",\"node_name\":\"白城市\",\"display_order\":\"220800\",\"enabled_flag\":\"Y\",\"description\":\"白城市\"}','/TSP/app/sys/datastruct/addDataStructNode','aizheng','','','','','','','','','',''),('d6fbf81f5eb847d2a71104c2060d800c','user','login','2017-04-25 08:39:05','superadmin/UMEczQYgPnvkafc1M6HffjclSSyESwK9xMeqvBpzkSTkfG3cDwXgk++zwec585PxOY2N3Cq0dIbn2cGkyVRxpA==','/TSP/login_validate','superadmin','','','','','','','','','',''),('d7aceaeed58e41a196e995cddc110a4d','user','operation','2017-04-13 21:56:22','{\"node_code\":\"440400\",\"parent_node_code\":\"440000\",\"struct_code\":\"administrative_area\",\"node_name\":\"珠海市\",\"display_order\":\"440400\",\"enabled_flag\":\"Y\",\"description\":\"珠海市\"}','/TSP/app/sys/datastruct/addDataStructNode','aizheng','','','','','','','','','',''),('d7cec005a5ec4095831682acaccbc573','user','operation','2017-04-13 08:03:45','{\"node_code\":\"130200\",\"parent_node_code\":\"130000\",\"struct_code\":\"administrative_area\",\"node_name\":\"唐山市\",\"display_order\":\"130200\",\"enabled_flag\":\"Y\",\"description\":\"唐山市\"}','/TSP/app/sys/datastruct/addDataStructNode','aizheng','','','','','','','','','',''),('d8439105b55349e594d8b7071dc8d948','user','operation','2017-04-13 05:59:10','{\"node_code\":\"120000\",\"parent_node_code\":\"CN\",\"struct_code\":\"administrative_area\",\"node_name\":\"天津市\",\"display_order\":\"120000\",\"enabled_flag\":\"Y\",\"description\":\"天津市\"}','/TSP/app/sys/datastruct/addDataStructNode','aizheng','','','','','','','','','',''),('d86166e2d63e4fd4b81819dafb6fe0d0','user','operation','2017-04-12 21:19:26','{\"item_code\":\"security\",\"type_code\":\"wx_server_encoding_type\",\"item_name\":\"安全模式\",\"display_order\":\"30\",\"enabled_flag\":\"Y\"}','/TSP/app/sys/datadict/addDataDictItem','aizheng','','','','','','','','','',''),('d955a7855d05453b8f4f07bfda2b08d6','user','operation','2017-05-05 06:54:41','{\"item_code\":\"unaudited\",\"type_code\":\"audit_status\",\"item_name\":\"未审核\",\"display_order\":\"10\",\"enabled_flag\":\"Y\"}','/TSP/app/sys/datadict/addDataDictItem','aizheng','','','','','','','','','',''),('d9dbfba1dc21452f8069c4907c835aea','user','operation','2017-04-13 10:04:20','{\"node_code\":\"230100\",\"parent_node_code\":\"230000\",\"struct_code\":\"administrative_area\",\"node_name\":\"哈尔滨市\",\"display_order\":\"230100\",\"enabled_flag\":\"Y\",\"description\":\"哈尔滨市\"}','/TSP/app/sys/datastruct/addDataStructNode','aizheng','','','','','','','','','',''),('d9e1d5cd659b456189e4ac30ebb54fee','user','operation','2017-04-29 17:15:00','{\"service_id\":null,\"member_type\":\"platinum\",\"member_duration\":\"12\",\"member_price\":\"499\",\"service_name\":\"12个月499元\",\"service_name_ext\":\"\",\"create_date\":null,\"created_by\":\"2282a5af0e1f403297948eca95877a03\",\"last_update_date\":null,\"last_updated_by\":\"2282a5af0e1f403297948eca95877a03\",\"attribute1\":null,\"attribute2\":null,\"attribute3\":null,\"attribute4\":null,\"attribute5\":null,\"attribute6\":null,\"attribute7\":null,\"attribute8\":null,\"attribute9\":null,\"attribute10\":null}','/TSP/app/mbr/service/addMemberService','aizheng','','','','','','','','','',''),('da5cf384c93942a891ad82d19cc769d1','user','operation','2017-04-13 08:09:22','{\"node_code\":\"150300\",\"parent_node_code\":\"150000\",\"struct_code\":\"administrative_area\",\"node_name\":\"乌海市\",\"display_order\":\"150300\",\"enabled_flag\":\"Y\",\"description\":\"乌海市\"}','/TSP/app/sys/datastruct/addDataStructNode','aizheng','','','','','','','','','',''),('da67e16e633149a180729543659195a2','user','operation','2017-04-13 10:08:23','{\"node_code\":\"320100\",\"parent_node_code\":\"320000\",\"struct_code\":\"administrative_area\",\"node_name\":\"南京市\",\"display_order\":\"320100\",\"enabled_flag\":\"Y\",\"description\":\"南京市\"}','/TSP/app/sys/datastruct/addDataStructNode','aizheng','','','','','','','','','',''),('da7f763a57bd4fbf8294cf5800e9afca','user','operation','2017-04-04 16:04:43','{\"node_code\":\"M0204\",\"parent_node_code\":\"M0204\",\"struct_code\":\"menu_resource\",\"node_name\":\"会员服务设置\",\"display_order\":\"20\",\"enabled_flag\":\"Y\",\"description\":\"会员服务设置\"}','/TSP/app/sys/datastruct/addDataStructNode','aizheng','','','','','','','','','',''),('daaa10745a1c4169b34058484fd17de3','user','operation','2017-05-02 13:23:17','tnt_tenant_authentication_status','/TSP/app/sys/function/removeOperation','aizheng','','','','','','','','','',''),('dac795b7bb3c451095335b91376b7a8a','user','operation','2017-03-28 06:56:26','[{\"ddt_code\":\"\",\"ddt_text\":\"\",\"description\":\"\",\"display_order\":\"10\",\"ds_code\":\"\",\"ds_text\":\"\",\"element_type\":\"date\",\"element_type_name\":\"日期控件\",\"lov_code\":\"\",\"lov_text\":\"\",\"parameter_code\":\"date\",\"parameter_name\":\"date\",\"parameter_type\":\"test\",\"parameter_value\":\"2017-03-07\"},{\"ddt_code\":\"\",\"ddt_text\":\"\",\"description\":\"\",\"display_order\":\"20\",\"ds_code\":\"\",\"ds_text\":\"\",\"element_type\":\"time\",\"element_type_name\":\"时间控件\",\"lov_code\":\"\",\"lov_text\":\"\",\"parameter_code\":\"time\",\"parameter_name\":\"time\",\"parameter_type\":\"test\",\"parameter_value\":\"17:25:15\"},{\"ddt_code\":\"\",\"ddt_text\":\"\",\"description\":\"\",\"display_order\":\"30\",\"ds_code\":\"\",\"ds_text\":\"\",\"element_type\":\"datetime\",\"element_type_name\":\"日期时间控件\",\"lov_code\":\"\",\"lov_text\":\"\",\"parameter_code\":\"datetime\",\"parameter_name\":\"datetime\",\"parameter_type\":\"test\",\"parameter_value\":\"\"}]','/ADF/app/sys/parameter/saveParameterConfig','aizheng','','','','','','','','','',''),('db3c2ff6b6cb4ae4937ed9ff38dbf064','user','operation','2017-04-29 22:34:36','{\"auth_id\":\"c839e18170ab43129c957c1d7d248c12\",\"member_type\":\"general\",\"member_auth_type\":\"see_wechat_number\",\"member_auth_name\":\"1.每天5次查看出租人微信号机会\",\"member_auth_value\":\"5\",\"create_date\":\"2017-04-29 22:27:38\",\"created_by\":\"2282a5af0e1f403297948eca95877a03\",\"last_update_date\":null,\"last_updated_by\":\"2282a5af0e1f403297948eca95877a03\",\"attribute1\":null,\"attribute2\":null,\"attribute3\":null,\"attribute4\":null,\"attribute5\":null,\"attribute6\":null,\"attribute7\":null,\"attribute8\":null,\"attribute9\":null,\"attribute10\":null}','/TSP/app/mbr/auth/editMemberAuth','aizheng','','','','','','','','','',''),('dc0d6643179c48ca8ed97e6423062bf2','user','operation','2017-03-27 16:48:39','{\"type_code\":\"system_setup\",\"type_name\":\"系统设置\",\"display_order\":\"10\",\"description\":\"系统设置\"}','/ADF/app/sys/parameter/editParameterType','aizheng','','','','','','','','','',''),('dc3254f03acb40c59a92570399fd06f7','user','operation','2017-05-01 22:04:31','{\"tenant_id\":\"367bd463597b4a2ab23a808088adb750\",\"real_name\":\"艾铮\",\"id_card_no\":\"370832198608110019\",\"id_card_img_front\":\"/img/367bd463597b4a2ab23a808088adb750/id_card_front.png\",\"id_card_img_back\":\"/img/367bd463597b4a2ab23a808088adb750/id_card_back.png\",\"submit_time\":\"2017-05-01 17:18:45\",\"audit_time\":\"2017-05-01 22:04:31\",\"audit_opinion\":\"身份证上姓名与真实姓名不一致\",\"audited_by\":null,\"authentication_status\":\"authenticated_nopass\",\"attribute1\":null,\"attribute2\":null,\"attribute3\":null,\"attribute4\":null,\"attribute5\":null,\"attribute6\":null,\"attribute7\":null,\"attribute8\":null,\"attribute9\":null,\"attribute10\":null}','/TSP/app/tnt/updateAuthenticationStatus','aizheng','','','','','','','','','',''),('dc3a11c8c5c74a71a1b675f4d00ec660','user','operation','2017-04-13 21:44:34','{\"node_code\":\"361100\",\"parent_node_code\":\"360000\",\"struct_code\":\"administrative_area\",\"node_name\":\"上饶市\",\"display_order\":\"361100\",\"enabled_flag\":\"Y\",\"description\":\"上饶市\"}','/TSP/app/sys/datastruct/addDataStructNode','aizheng','','','','','','','','','',''),('dcb3a31013e44d418d898ec16cbdd422','user','operation','2017-04-13 21:50:20','{\"node_code\":\"420600\",\"parent_node_code\":\"420000\",\"struct_code\":\"administrative_area\",\"node_name\":\"襄阳市\",\"display_order\":\"420600\",\"enabled_flag\":\"Y\",\"description\":\"襄阳市\"}','/TSP/app/sys/datastruct/addDataStructNode','aizheng','','','','','','','','','',''),('dd75dd808fed41c9832bcb259f7447b2','user','operation','2017-04-15 13:28:13','{\"node_code\":\"610300\",\"parent_node_code\":\"610000\",\"struct_code\":\"administrative_area\",\"node_name\":\"宝鸡市\",\"display_order\":\"610300\",\"enabled_flag\":\"Y\",\"description\":\"宝鸡市\"}','/TSP/app/sys/datastruct/addDataStructNode','aizheng','','','','','','','','','',''),('de9f043af8524b1babe2bdefafd1bf6f','user','login','2017-04-04 14:44:33','aizheng/PEpp2sXut5n2pU+5TGJeOsbH+Zhr7lwX+AvOR50Iedf+tj5wo2SW1J2afvBUNkon6+MWFKpZnIq12mfJo3H43A==','/ADF/login_validate','aizheng','','','','','','','','','',''),('deb70ca5550a4157b158e38184a73c77','user','operation','2017-04-29 17:03:03','{\"service_id\":\"4c427839e28444be976077e0f52390e9\",\"member_type\":\"member_type\",\"member_duration\":\"6\",\"member_price\":\"299\",\"service_name\":\"6个月299元\",\"service_name_ext\":\"\",\"create_date\":\"2017-04-29 16:58:21\",\"created_by\":\"2282a5af0e1f403297948eca95877a03\",\"last_update_date\":null,\"last_updated_by\":\"2282a5af0e1f403297948eca95877a03\",\"attribute1\":null,\"attribute2\":null,\"attribute3\":null,\"attribute4\":null,\"attribute5\":null,\"attribute6\":null,\"attribute7\":null,\"attribute8\":null,\"attribute9\":null,\"attribute10\":null}','/TSP/app/mbr/service/editMemberService','aizheng','','','','','','','','','',''),('dec372e45f5a45d8ae51e8d1ef720f47','user','operation','2017-04-29 07:23:34','{\"item_code\":\"110\",\"type_code\":\"tenant_label\",\"item_name\":\"夜猫子\",\"display_order\":\"110\",\"enabled_flag\":\"Y\"}','/TSP/app/sys/datadict/addDataDictItem','aizheng','','','','','','','','','',''),('dfafff782dd1403f855d4da47e5dfad6','user','operation','2017-04-13 06:10:39','{\"node_code\":\"371100\",\"parent_node_code\":\"370000\",\"struct_code\":\"administrative_area\",\"node_name\":\"日照市\",\"display_order\":\"371100\",\"enabled_flag\":\"Y\",\"description\":\"日照市\"}','/TSP/app/sys/datastruct/addDataStructNode','aizheng','','','','','','','','','',''),('e035646024f7472eb9e8aa9128446205','user','operation','2017-04-28 11:10:49','[{\"attribute_code\":\"member_duration\",\"attribute_name\":\"会员时长\",\"attribute_text\":\"\",\"attribute_value\":\"1\",\"ddt_code\":\"\",\"ds_code\":\"\",\"element_type\":\"text\",\"item_code\":\"one\",\"lov_code\":\"\",\"type_code\":\"member_service\"},{\"attribute_code\":\"member_price\",\"attribute_name\":\"会员价格\",\"attribute_text\":\"\",\"attribute_value\":\"99\",\"ddt_code\":\"\",\"ds_code\":\"\",\"element_type\":\"text\",\"item_code\":\"one\",\"lov_code\":\"\",\"type_code\":\"member_service\"}]','/TSP/app/sys/datadict/saveDataDictItemAttributes','aizheng','','','','','','','','','',''),('e0384ca83b6d45e6855815d0870b25ad','user','operation','2017-05-01 00:25:15','2c08a801b74640d9a98a125dbb973410','/TSP/app/sys/role/saveRoleMenuAuth','aizheng','','','','','','','','','',''),('e05edd2d133f40ac99c5f1d61ab902ef','user','operation','2017-04-15 13:18:08','{\"node_code\":\"513200\",\"parent_node_code\":\"510000\",\"struct_code\":\"administrative_area\",\"node_name\":\"阿坝藏族羌族自治州\",\"display_order\":\"513200\",\"enabled_flag\":\"Y\",\"description\":\"阿坝藏族羌族自治州\"}','/TSP/app/sys/datastruct/addDataStructNode','aizheng','','','','','','','','','',''),('e1fa0843a0014d36be68c7af54b3eb11','user','operation','2017-04-28 11:07:15','[{\"attribute_code\":\"member_price\",\"attribute_name\":\"会员价格\",\"attribute_text\":\"\",\"attribute_value\":\"199\",\"ddt_code\":\"\",\"ds_code\":\"\",\"element_type\":\"text\",\"item_code\":\"three\",\"lov_code\":\"\",\"type_code\":\"member_duration\"}]','/TSP/app/sys/datadict/saveDataDictItemAttributes','aizheng','','','','','','','','','',''),('e21bcc6eb1e64f29acbedb48308a916b','user','login','2017-04-25 08:40:05','aizheng/cnfa5SNY2ijfqKS5A9Ew70bZkmTziY66rVmjN/oC2Cfhj/pP4iHsrztrxZqCi0ijI6d0jPhDDev2WQYtcA4Crg==','/TSP/login_validate','aizheng','','','','','','','','','',''),('e29f108507c04ee3ba2cbe44b026c1cd','user','operation','2017-05-05 06:55:25','{\"item_code\":\"audit_nopass\",\"type_code\":\"audit_status\",\"item_name\":\"审核未通过\",\"display_order\":\"30\",\"enabled_flag\":\"Y\"}','/TSP/app/sys/datadict/addDataDictItem','aizheng','','','','','','','','','',''),('e2c605e0bcdf4c85bf6a1412826eb880','user','operation','2017-04-13 08:05:32','{\"node_code\":\"131000\",\"parent_node_code\":\"130000\",\"struct_code\":\"administrative_area\",\"node_name\":\"廊坊市\",\"display_order\":\"131000\",\"enabled_flag\":\"Y\",\"description\":\"廊坊市\"}','/TSP/app/sys/datastruct/addDataStructNode','aizheng','','','','','','','','','',''),('e2d5fffe8bc1444e9591b9b9abf59238','user','operation','2017-03-27 15:53:41','[{\"ddt_code\":\"\",\"ddt_text\":\"\",\"description\":\"\",\"display_order\":\"10\",\"ds_code\":\"\",\"ds_text\":\"\",\"element_type\":\"date\",\"element_type_name\":\"日期控件\",\"lov_code\":\"\",\"lov_text\":\"\",\"parameter_code\":\"date\",\"parameter_name\":\"日期\",\"parameter_type\":\"test\",\"parameter_value\":\"2017-03-27\"},{\"ddt_code\":\"\",\"ddt_text\":\"\",\"description\":\"\",\"display_order\":\"20\",\"ds_code\":\"\",\"ds_text\":\"\",\"element_type\":\"time\",\"element_type_name\":\"时间控件\",\"lov_code\":\"\",\"lov_text\":\"\",\"parameter_code\":\"time\",\"parameter_name\":\"时间\",\"parameter_type\":\"test\",\"parameter_value\":\"15:50:21\"},{\"ddt_code\":\"\",\"ddt_text\":\"\",\"description\":\"\",\"display_order\":\"30\",\"ds_code\":\"\",\"ds_text\":\"\",\"element_type\":\"datetime\",\"element_type_name\":\"日期时间控件\",\"lov_code\":\"\",\"lov_text\":\"\",\"parameter_code\":\"datetime\",\"parameter_name\":\"日期时间\",\"parameter_type\":\"test\",\"parameter_value\":\"2017-03-27 15:50:21\"}]','/ADF/app/sys/parameter/saveParameterConfig','aizheng','','','','','','','','','',''),('e2ff7e9afa114018b36643775c3112bd','user','operation','2017-03-27 15:52:23','{\"parameter_code\":\"date\",\"parameter_name\":\"日期\",\"parameter_type\":\"test\",\"element_type\":\"date\",\"ddt_code\":\"\",\"lov_code\":\"\",\"ds_code\":\"\",\"display_order\":\"10\",\"description\":\"\"}','/ADF/app/sys/parameter/addParameterDefine','aizheng','','','','','','','','','',''),('e3543e9b6bc247d7a08d39cdcbe2b25d','system','exception','2017-05-01 01:24:21','{\"className\":\"org.springframework.jdbc.support.SQLErrorCodeSQLExceptionTranslator\",\"lineNumber\":\"233\",\"message\":\"\\r\\n### Error querying database.  Cause: com.mysql.jdbc.exceptions.jdbc4.MySQLSyntaxErrorException: Unknown column \'2282a5af0e1f403297948eca95877a03\' in \'where clause\'\\r\\n### The error may exist in file [D:\\\\IT\\\\Workbench\\\\ai\\\\workspace\\\\ws_tsp\\\\apache-tomcat-7.0.65\\\\webapps\\\\TSP\\\\WEB-INF\\\\classes\\\\org\\\\adf\\\\application\\\\modules\\\\tenant\\\\mapper\\\\TenantMapper.xml]\\r\\n### The error may involve org.adf.application.modules.tenant.mapper.TenantMapper.getTenantCount-Inline\\r\\n### The error occurred while setting parameters\\r\\n### SQL: select count(1)    from     tnt_tenant tt    where 1 = 1     and tt.entity_id in      (select        srr.resource_id      from       sys_role_resource srr,       sys_user su      where srr.resource_type = \'operating_entity\'        and su.user_id = 2282a5af0e1f403297948eca95877a03        and srr.role_id = su.default_role_id)\\r\\n### Cause: com.mysql.jdbc.exceptions.jdbc4.MySQLSyntaxErrorException: Unknown column \'2282a5af0e1f403297948eca95877a03\' in \'where clause\'\\n; bad SQL grammar []; neste\",\"methodName\":\"doTranslate\"}','','','','','','','','','','','',''),('e36b69a3ef3c43a3998986f26bcda5c1','user','operation','2017-04-13 21:51:17','{\"node_code\":\"421000\",\"parent_node_code\":\"420000\",\"struct_code\":\"administrative_area\",\"node_name\":\"荆州市\",\"display_order\":\"421000\",\"enabled_flag\":\"Y\",\"description\":\"荆州市\"}','/TSP/app/sys/datastruct/addDataStructNode','aizheng','','','','','','','','','',''),('e3c3a46344d34ed88a20c51f3bdb53f3','user','operation','2017-05-05 06:55:33','{\"item_code\":\"audit_pass\",\"type_code\":\"audit_status\",\"item_name\":\"审核已通过\",\"display_order\":\"20\",\"enabled_flag\":\"Y\"}','/TSP/app/sys/datadict/editDataDictItem','aizheng','','','','','','','','','',''),('e404c0c972da4cceb6d538ad09e87797','user','logout','2017-03-25 23:02:01','aizheng','/ADF/logout','aizheng','','','','','','','','','',''),('e42238d1cb98424497b76625372492e5','user','operation','2017-04-29 07:10:33','{\"item_code\":\"40\",\"type_code\":\"rent_scope\",\"item_name\":\"逛街\",\"display_order\":\"40\",\"enabled_flag\":\"Y\"}','/TSP/app/sys/datadict/addDataDictItem','aizheng','','','','','','','','','',''),('e49271191a8544efbb9701529323bfd1','user','operation','2017-04-29 07:25:48','{\"item_code\":\"180\",\"type_code\":\"tenant_label\",\"item_name\":\"90后\",\"display_order\":\"180\",\"enabled_flag\":\"Y\"}','/TSP/app/sys/datadict/addDataDictItem','aizheng','','','','','','','','','',''),('e49a4d79774b4f6cb34a92bbbc121ac0','user','operation','2017-04-12 21:12:01','2c08a801b74640d9a98a125dbb973410','/TSP/app/sys/role/saveRoleMenuAuth','aizheng','','','','','','','','','',''),('e506caac782c4dfb93f6c7111bfd42a9','user','operation','2017-04-15 13:14:19','{\"node_code\":\"510400\",\"parent_node_code\":\"510000\",\"struct_code\":\"administrative_area\",\"node_name\":\"攀枝花市\",\"display_order\":\"510400\",\"enabled_flag\":\"Y\",\"description\":\"攀枝花市\"}','/TSP/app/sys/datastruct/addDataStructNode','aizheng','','','','','','','','','',''),('e5334b922e2f4e09ab562b5474cde05b','user','login','2017-04-13 09:10:52','aizheng/Nwx2y+WZOGxX61eSZ9BqNdNfB1CQKdL16bblLjdSWqbrmYMorEG63EQaf9sr36qSw66CAkUFCTNLhVk/F/DLiw==','/TSP/login_validate','aizheng','','','','','','','','','',''),('e5360089a40e406d8e746aa700511b0c','user','operation','2017-04-30 07:30:17','{\"item_code\":\"Leo\",\"type_code\":\"constellation\",\"item_name\":\"狮子座\",\"display_order\":\"50\",\"enabled_flag\":\"Y\"}','/TSP/app/sys/datadict/addDataDictItem','aizheng','','','','','','','','','',''),('e554127b157b4f47b51a47cf859c6b37','user','operation','2017-04-29 22:36:55','{\"auth_id\":null,\"member_type\":\"platinum\",\"member_auth_type\":\"see_wechat_number\",\"member_auth_name\":\"4.每天50次与陌生人打招呼机会\",\"member_auth_value\":\"50\",\"create_date\":null,\"created_by\":\"2282a5af0e1f403297948eca95877a03\",\"last_update_date\":null,\"last_updated_by\":\"2282a5af0e1f403297948eca95877a03\",\"attribute1\":null,\"attribute2\":null,\"attribute3\":null,\"attribute4\":null,\"attribute5\":null,\"attribute6\":null,\"attribute7\":null,\"attribute8\":null,\"attribute9\":null,\"attribute10\":null}','/TSP/app/mbr/auth/addMemberAuth','aizheng','','','','','','','','','',''),('e5d96ac9216b49aebd54250a461f58d8','user','operation','2017-04-13 10:08:51','{\"node_code\":\"320300\",\"parent_node_code\":\"320000\",\"struct_code\":\"administrative_area\",\"node_name\":\"徐州市\",\"display_order\":\"320300\",\"enabled_flag\":\"Y\",\"description\":\"徐州市\"}','/TSP/app/sys/datastruct/addDataStructNode','aizheng','','','','','','','','','',''),('e6a61935c04a4c7aaad235a973cd4223','user','operation','2017-04-13 06:04:03','{\"node_code\":\"440000\",\"parent_node_code\":\"CN\",\"struct_code\":\"administrative_area\",\"node_name\":\"广东省\",\"display_order\":\"440000\",\"enabled_flag\":\"Y\",\"description\":\"广东省\"}','/TSP/app/sys/datastruct/addDataStructNode','aizheng','','','','','','','','','',''),('e71a038395ae4d88842155f1a2a89aa9','user','operation','2017-04-13 10:11:58','{\"node_code\":\"330500\",\"parent_node_code\":\"330000\",\"struct_code\":\"administrative_area\",\"node_name\":\"湖州市\",\"display_order\":\"330500\",\"enabled_flag\":\"Y\",\"description\":\"湖州市\"}','/TSP/app/sys/datastruct/addDataStructNode','aizheng','','','','','','','','','',''),('e7b663ebbc0c4f30a17566a9ed2a8b4a','user','operation','2017-04-13 05:58:42','{\"node_code\":\"110000\",\"parent_node_code\":\"CN\",\"struct_code\":\"administrative_area\",\"node_name\":\"北京市\",\"display_order\":\"110000\",\"enabled_flag\":\"Y\",\"description\":\"\"}','/TSP/app/sys/datastruct/addDataStructNode','aizheng','','','','','','','','','',''),('e7cbd7677722491796d8b93fe6ad3419','user','login','2017-05-01 01:25:40','aizheng/BucM6HFYxHxlI08clXmyt4m5I1I8XD3b5eUl+qB5fYFqH+iMhzu7o4p/aflxAUROCbEGwPmp38APwGmqWXUi','/TSP/login_validate','aizheng','','','','','','','','','',''),('e7fa10a7c94a4b7fa10d70645be1718a','user','operation','2017-03-25 08:36:30','{\"item_code\":\"greater_equal\",\"type_code\":\"operation_symbol\",\"item_name\":\"大于等于\",\"display_order\":\"40\",\"enabled_flag\":\"Y\"}','/ADF/app/sys/datadict/addDataDictItem','aizheng','','','','','','','','','',''),('e8747fdfe12644b6830863ba3e284184','user','operation','2017-05-01 00:12:40','{\"item_code\":\"unvalid\",\"type_code\":\"tenant_status\",\"item_name\":\"无效\",\"display_order\":\"20\",\"enabled_flag\":\"Y\"}','/TSP/app/sys/datadict/addDataDictItem','aizheng','','','','','','','','','',''),('e8af4bec59224c55a701a0b61e298a9c','user','operation','2017-03-24 12:43:52','{\"user_id\":\"2282a5af0e1f403297948eca95877a03\",\"username\":\"aizheng\",\"password\":\"B0710255E8B92F1B1B9121C4214F841D\",\"lastname\":\"艾铮\",\"email\":\"aisunny1986@163.com\",\"mobilephone\":\"15853257351\",\"description\":\"艾铮\",\"skin\":\"blue\",\"user_type\":\"platform\",\"user_status\":\"valid\",\"start_date\":\"2017-03-06\",\"end_date\":\"\",\"password_change_date\":\"2017-03-05 23:18:42\",\"create_date\":\"2017-03-05 23:15:52\",\"last_update_date\":\"2017-03-24 07:26:26\",\"attribute1\":\"\",\"attribute2\":\"\",\"attribute3\":\"\",\"attribute4\":\"\",\"attribute5\":\"\",\"attribute6\":\"\",\"attribute7\":\"\",\"attribute8\":\"\",\"attribute9\":\"\",\"attribute10\":\"\"}','/ADF/app/sys/user/editUser','aizheng','','','','','','','','','',''),('e8d036cffea041689f0a2cc0771720b0','user','operation','2017-04-28 11:25:07','[{\"attribute_code\":\"member_auth_value\",\"attribute_name\":\"会员权限\",\"attribute_text\":\"\",\"attribute_value\":\"3\",\"ddt_code\":\"\",\"ds_code\":\"\",\"element_type\":\"text\",\"item_code\":\"query_wechat_count\",\"lov_code\":\"\",\"type_code\":\"member_auth\"}]','/TSP/app/sys/datadict/saveDataDictItemAttributes','aizheng','','','','','','','','','',''),('e8d82c66f2824deda12926a4777152e1','user','operation','2017-04-29 07:22:07','{\"item_code\":\"60\",\"type_code\":\"tenant_label\",\"item_name\":\"创业者\",\"display_order\":\"60\",\"enabled_flag\":\"Y\"}','/TSP/app/sys/datadict/addDataDictItem','aizheng','','','','','','','','','',''),('e909680fa5054b6f875f2cfc0c0b569c','user','login','2017-05-02 21:32:59','aizheng/H/rg1njcv5fPspXkfsHg4FkaS9G74ZxJF3wyb4iB9v2P8dKr/hS6tGQcNafOxFX7Uzmqm46xgjGsJX3XIJVYyw==','/TSP/login_validate','aizheng','','','','','','','','','',''),('e91f065d8e8c4bf1a8e23d7f9b394b94','user','operation','2017-04-01 22:56:05','[{\"attribute_code\":\"font_icon_code\",\"attribute_name\":\"字体图标\",\"attribute_text\":\"\",\"attribute_value\":\"fa-sticky-note\",\"ddt_code\":\"\",\"ds_code\":\"\",\"element_type\":\"lov\",\"lov_code\":\"lov_font_icon\",\"node_code\":\"M0108\",\"struct_code\":\"menu_resource\"},{\"attribute_code\":\"function_code\",\"attribute_name\":\"功能\",\"attribute_text\":\"\",\"attribute_value\":\"sys_log\",\"ddt_code\":\"\",\"ds_code\":\"\",\"element_type\":\"lov\",\"lov_code\":\"lov_function\",\"node_code\":\"M0108\",\"struct_code\":\"menu_resource\"}]','/ADF/app/sys/datastruct/saveDataStructNodeAttributes','aizheng','','','','','','','','','',''),('e9233e51a299489fa1988c9724a35e78','user','operation','2017-04-13 10:09:54','{\"node_code\":\"320800\",\"parent_node_code\":\"320000\",\"struct_code\":\"administrative_area\",\"node_name\":\"淮安市\",\"display_order\":\"320800\",\"enabled_flag\":\"Y\",\"description\":\"淮安市\"}','/TSP/app/sys/datastruct/addDataStructNode','aizheng','','','','','','','','','',''),('e932d18d6f4246e6a6c2b384880759f2','user','operation','2017-04-29 17:06:07','{\"service_id\":\"4c427839e28444be976077e0f52390e9\",\"member_type\":\"member_type\",\"member_duration\":\"6\",\"member_price\":\"299\",\"service_name\":\"6个月299元\",\"service_name_ext\":\"优惠50%\",\"create_date\":\"2017-04-29 16:58:21\",\"created_by\":\"2282a5af0e1f403297948eca95877a03\",\"last_update_date\":null,\"last_updated_by\":\"2282a5af0e1f403297948eca95877a03\",\"attribute1\":null,\"attribute2\":null,\"attribute3\":null,\"attribute4\":null,\"attribute5\":null,\"attribute6\":null,\"attribute7\":null,\"attribute8\":null,\"attribute9\":null,\"attribute10\":null}','/TSP/app/mbr/service/editMemberService','aizheng','','','','','','','','','',''),('e9f0ba07cbeb4b379802c176476fb004','user','operation','2017-04-13 06:00:11','{\"node_code\":\"150000\",\"parent_node_code\":\"CN\",\"struct_code\":\"administrative_area\",\"node_name\":\"内蒙古自治区\",\"display_order\":\"150000\",\"enabled_flag\":\"Y\",\"description\":\"内蒙古自治区\"}','/TSP/app/sys/datastruct/addDataStructNode','aizheng','','','','','','','','','',''),('ea073d49361d4728ba9ee342d1f43b80','user','operation','2017-05-01 00:12:10','{\"type_code\":\"tenant_status\",\"type_name\":\"租户状态\",\"description\":\"租户状态\"}','/TSP/app/sys/datadict/addDataDictType','aizheng','','','','','','','','','',''),('ea118b9ae3cb49c0bbdcdf047585b16f','user','operation','2017-04-13 08:08:11','{\"node_code\":\"140900\",\"parent_node_code\":\"140000\",\"struct_code\":\"administrative_area\",\"node_name\":\"忻州市\",\"display_order\":\"140900\",\"enabled_flag\":\"Y\",\"description\":\"忻州市\"}','/TSP/app/sys/datastruct/addDataStructNode','aizheng','','','','','','','','','',''),('ea8964bb7a4241eeb3871c44aec0189b','user','operation','2017-04-13 09:21:14','{\"node_code\":\"210600\",\"parent_node_code\":\"210000\",\"struct_code\":\"administrative_area\",\"node_name\":\"丹东市\",\"display_order\":\"210600\",\"enabled_flag\":\"Y\",\"description\":\"丹东市\"}','/TSP/app/sys/datastruct/addDataStructNode','aizheng','','','','','','','','','',''),('eabadae4405b4f9db6e95882122d0e84','user','login','2017-04-28 13:34:51','aizheng/T1hmxEDVpAy6PMF3ngJ/X9TGzzHfmK4/WTJbISsj254xRdXv9CeH9tD4qgfyHkWnnDuDg9Yygbdy1m8Luz0cYg==','/TSP/login_validate','aizheng','','','','','','','','','',''),('eb12185dda5e46d7ac34c68c00abbeb4','user','operation','2017-04-01 22:56:39','[{\"attribute_code\":\"font_icon_code\",\"attribute_name\":\"字体图标\",\"attribute_text\":\"\",\"attribute_value\":\"fa-search\",\"ddt_code\":\"\",\"ds_code\":\"\",\"element_type\":\"lov\",\"lov_code\":\"lov_font_icon\",\"node_code\":\"M0106\",\"struct_code\":\"menu_resource\"},{\"attribute_code\":\"function_code\",\"attribute_name\":\"功能\",\"attribute_text\":\"\",\"attribute_value\":\"sys_search\",\"ddt_code\":\"\",\"ds_code\":\"\",\"element_type\":\"lov\",\"lov_code\":\"lov_function\",\"node_code\":\"M0106\",\"struct_code\":\"menu_resource\"}]','/ADF/app/sys/datastruct/saveDataStructNodeAttributes','aizheng','','','','','','','','','',''),('eb2815a98c4a469c9c36abecb629b274','user','operation','2017-03-27 16:59:47','{\"type_code\":\"test\",\"type_name\":\"测试\",\"display_order\":\"20\",\"description\":\"\"}','/ADF/app/sys/parameter/addParameterType','aizheng','','','','','','','','','',''),('ebd1114595fa4daaa9f2da792f49b1b3','user','login','2017-04-29 21:45:04','aizheng/aGeDYdyQHyJ97k0pRWjhzMtIOi+cHufQpTE7XWm3ueA46AmxGXnMQXbXmJWm+vYuq6L5pAp9QQeliHvgZryWrA==','/TSP/login_validate','aizheng','','','','','','','','','',''),('ebedf6447fd34bd7b1c758d14c198aa4','user','operation','2017-04-29 16:58:35','{\"service_id\":null,\"member_type\":\"member_type\",\"member_duration\":\"1\",\"member_price\":\"5\",\"service_name\":\"5\",\"service_name_ext\":\"5\",\"create_date\":null,\"created_by\":\"2282a5af0e1f403297948eca95877a03\",\"last_update_date\":null,\"last_updated_by\":\"2282a5af0e1f403297948eca95877a03\",\"attribute1\":null,\"attribute2\":null,\"attribute3\":null,\"attribute4\":null,\"attribute5\":null,\"attribute6\":null,\"attribute7\":null,\"attribute8\":null,\"attribute9\":null,\"attribute10\":null}','/TSP/app/mbr/service/addMemberService','aizheng','','','','','','','','','',''),('ec256beeaf7d40f397b87dd5fb02c5f0','user','operation','2017-04-13 06:02:39','{\"node_code\":\"360000\",\"parent_node_code\":\"CN\",\"struct_code\":\"administrative_area\",\"node_name\":\"江西省\",\"display_order\":\"360000\",\"enabled_flag\":\"Y\",\"description\":\"江西省\"}','/TSP/app/sys/datastruct/addDataStructNode','aizheng','','','','','','','','','',''),('ec5b0a2051a64fd0ba45f716d8c7f0a6','user','operation','2017-04-29 07:06:34','{\"item_code\":\"see_wechat_number\",\"type_code\":\"member_auth\",\"item_name\":\"查看微信号\",\"display_order\":\"10\",\"enabled_flag\":\"Y\"}','/TSP/app/sys/datadict/editDataDictItem','aizheng','','','','','','','','','',''),('ec78dff6e13543deb82f93b35da326bc','user','operation','2017-03-25 21:50:35','{\"column_code\":\"avc\",\"search_code\":\"LogMgr\",\"column_name\":\"adf\",\"column_sql\":\"fdsa\",\"operation_symbol\":\"equal\",\"element_type\":\"text\",\"ddt_code\":\"\",\"lov_code\":\"\",\"ds_code\":\"\",\"display_order\":\"12\",\"description\":\"\"}','/ADF/app/sys/search/addSearchColumn','aizheng','','','','','','','','','',''),('eca59ed780984c82902a50bc511e396d','system','exception','2017-05-01 23:23:50','{\"className\":\"org.springframework.jdbc.support.SQLErrorCodeSQLExceptionTranslator\",\"lineNumber\":\"233\",\"message\":\"\\r\\n### Error querying database.  Cause: com.mysql.jdbc.exceptions.jdbc4.MySQLSyntaxErrorException: Unknown column \'mm.register_date\' in \'order clause\'\\r\\n### The error may exist in file [D:\\\\IT\\\\Workbench\\\\ai\\\\workspace\\\\ws_tsp\\\\apache-tomcat-7.0.65\\\\webapps\\\\TSP\\\\WEB-INF\\\\classes\\\\org\\\\adf\\\\application\\\\modules\\\\member\\\\mapper\\\\MemberMapper.xml]\\r\\n### The error may involve org.adf.application.modules.member.mapper.MemberMapper.getMemberList-Inline\\r\\n### The error occurred while setting parameters\\r\\n### SQL: select      mm.member_id,     mm.tenant_id,     mm.member_type,     date_format(       mm.register_time,       \'%Y-%m-%d %H:%i:%s\'     ) register_time,     date_format(mm.start_date, \'%Y-%m-%d\') start_date,     date_format(mm.end_date, \'%Y-%m-%d\') end_date,     mm.attribute1,     mm.attribute2,     mm.attribute3,     mm.attribute4,     mm.attribute5,     mm.attribute6,     mm.attribute7,     mm.attribute8,     mm.attribute9,     mm.attribute10,     ddi.item_name member_type_disp,     tt.username username\",\"methodName\":\"doTranslate\"}','','','','','','','','','','','',''),('ecbaa0857a4348699cfdc391af52bbac','user','operation','2017-04-04 16:01:26','{\"node_code\":\"M02\",\"parent_node_code\":\"M02\",\"struct_code\":\"menu_resource\",\"node_name\":\"账户明细账\",\"display_order\":\"30\",\"enabled_flag\":\"Y\",\"description\":\"账户明细账\"}','/TSP/app/sys/datastruct/addDataStructNode','aizheng','','','','','','','','','',''),('ece8e53a669845c4bd5f5c643f88c22f','user','operation','2017-04-25 08:42:09','{\"entity_id\":\"\",\"wx_public_no_type\":\"subscibe\",\"wx_public_no_id\":\"\",\"wx_public_no_code\":\"\",\"wx_public_no_name\":\"\",\"wx_public_no_desc\":\"\",\"wx_country\":\"CN\",\"wx_province\":\"370000\",\"wx_city\":\"370200\",\"wx_authentication_status\":\"Y\",\"wx_payment_status\":\"Y\",\"wx_developer_app_id\":\"\",\"wx_developer_app_secret\":\"\",\"wx_server_url\":\"\",\"wx_server_token\":\"\",\"wx_server_encoding_aes_key\":\"\",\"wx_server_encoding_type\":\"plaintext\",\"wx_mch_id\":\"\",\"create_date\":\"\",\"created_by\":\"2282a5af0e1f403297948eca95877a03\",\"last_update_date\":null,\"last_updated_by\":\"2282a5af0e1f403297948eca95877a03\",\"attribute1\":\"\",\"attribute2\":\"\",\"attribute3\":\"\",\"attribute4\":\"\",\"attribute5\":\"\",\"attribute6\":\"\",\"attribute7\":\"\",\"attribute8\":\"\",\"attribute9\":\"\",\"attribute10\":\"\"}','/TSP/app/oe/OperatingEntity/saveWechatPublicInfo','aizheng','','','','','','','','','',''),('ed565852681343e3bc0660d4a2a903e5','user','operation','2017-04-14 02:57:01','{\"node_code\":\"445200\",\"parent_node_code\":\"440000\",\"struct_code\":\"administrative_area\",\"node_name\":\"揭阳市\",\"display_order\":\"445200\",\"enabled_flag\":\"Y\",\"description\":\"揭阳市\"}','/TSP/app/sys/datastruct/addDataStructNode','aizheng','','','','','','','','','',''),('edb462661d6c40e1aa45cfad82e197d6','user','operation','2017-03-26 23:24:24','{\"column_code\":\"log_end_time\",\"search_code\":\"LogMgr\",\"column_name\":\"结束时间\",\"column_sql\":\"sl.log_time\",\"operation_symbol\":\"less_equal\",\"element_type\":\"date\",\"ddt_code\":\"\",\"lov_code\":\"\",\"ds_code\":\"\",\"display_order\":\"20\",\"description\":\"结束时间\"}','/ADF/app/sys/search/editSearchColumn','aizheng','','','','','','','','','',''),('edcc543fef2446aba14aec3fb23b3959','user','operation','2017-04-29 07:15:00','{\"item_code\":\"130\",\"type_code\":\"rent_scope\",\"item_name\":\"任你支配\",\"display_order\":\"130\",\"enabled_flag\":\"Y\"}','/TSP/app/sys/datadict/addDataDictItem','aizheng','','','','','','','','','',''),('ede8d24864bb4d239eddf76faabc18a8','user','operation','2017-04-01 22:42:06','[{\"attribute_code\":\"function_code\",\"attribute_name\":\"功能\",\"attribute_text\":\"\",\"attribute_value\":\"sys_parameter\",\"ddt_code\":\"\",\"ds_code\":\"\",\"element_type\":\"lov\",\"lov_code\":\"lov_function\",\"node_code\":\"M011501\",\"struct_code\":\"menu_resource\"},{\"attribute_code\":\"font_icon_code\",\"attribute_name\":\"字体图标\",\"attribute_text\":\"\",\"attribute_value\":\"\",\"ddt_code\":\"\",\"ds_code\":\"\",\"element_type\":\"lov\",\"lov_code\":\"lov_font_icon\",\"node_code\":\"M011501\",\"struct_code\":\"menu_resource\"}]','/ADF/app/sys/datastruct/saveDataStructNodeAttributes','aizheng','','','','','','','','','',''),('edf6136bb3f549fab235b53e56c0f756','user','operation','2017-04-12 21:08:33','{\"operation_code\":\"oe_operating_entity_add\",\"function_code\":\"oe_operating_entity\",\"operation_name\":\"新建\",\"description\":\"新建\"}','/TSP/app/sys/function/addOperation','aizheng','','','','','','','','','',''),('ee1af689237d4282b6427d3bbadf34cd','user','operation','2017-04-13 08:07:36','{\"node_code\":\"140600\",\"parent_node_code\":\"140000\",\"struct_code\":\"administrative_area\",\"node_name\":\"朔州市\",\"display_order\":\"140600\",\"enabled_flag\":\"Y\",\"description\":\"朔州市\"}','/TSP/app/sys/datastruct/addDataStructNode','aizheng','','','','','','','','','',''),('ee4a1421af6c4281af3538580c911768','user','operation','2017-04-25 08:39:37','2c08a801b74640d9a98a125dbb973410','/TSP/app/sys/role/saveRoleMenuAuth','superadmin','','','','','','','','','',''),('ee7061045e784db0a66acc1720b75f27','user','operation','2017-04-15 13:26:06','{\"node_code\":\"540400\",\"parent_node_code\":\"540000\",\"struct_code\":\"administrative_area\",\"node_name\":\"林芝市\",\"display_order\":\"540400\",\"enabled_flag\":\"Y\",\"description\":\"林芝市\"}','/TSP/app/sys/datastruct/addDataStructNode','aizheng','','','','','','','','','',''),('ee7b5cf88e1c4de68e901e70563544bc','user','operation','2017-04-28 11:11:07','[{\"attribute_code\":\"member_duration\",\"attribute_name\":\"会员时长\",\"attribute_text\":\"\",\"attribute_value\":\"12\",\"ddt_code\":\"\",\"ds_code\":\"\",\"element_type\":\"text\",\"item_code\":\"twelve\",\"lov_code\":\"\",\"type_code\":\"member_service\"},{\"attribute_code\":\"member_price\",\"attribute_name\":\"会员价格\",\"attribute_text\":\"\",\"attribute_value\":\"399\",\"ddt_code\":\"\",\"ds_code\":\"\",\"element_type\":\"text\",\"item_code\":\"twelve\",\"lov_code\":\"\",\"type_code\":\"member_service\"}]','/TSP/app/sys/datadict/saveDataDictItemAttributes','aizheng','','','','','','','','','',''),('ef33742395e94045a01fccb1d727ff72','user','operation','2017-04-29 07:05:26','{\"item_code\":\"say_hello\",\"type_code\":\"member_auth\",\"item_name\":\"与陌生人打招呼次数\",\"display_order\":\"20\",\"enabled_flag\":\"Y\"}','/TSP/app/sys/datadict/addDataDictItem','aizheng','','','','','','','','','',''),('ef937ec24fdd4c1abf44294b302e588d','user','operation','2017-04-13 06:05:01','{\"node_code\":\"510000\",\"parent_node_code\":\"CN\",\"struct_code\":\"administrative_area\",\"node_name\":\"四川省\",\"display_order\":\"510000\",\"enabled_flag\":\"Y\",\"description\":\"四川省\"}','/TSP/app/sys/datastruct/addDataStructNode','aizheng','','','','','','','','','',''),('efa61dd7fd6f431ba8335ffd10378a41','user','operation','2017-03-25 22:55:44','{\"column_code\":\"add\",\"search_code\":\"tenent\",\"column_name\":\"add\",\"column_sql\":\"add\",\"operation_symbol\":\"equal\",\"element_type\":\"text\",\"ddt_code\":\"\",\"lov_code\":\"\",\"ds_code\":\"\",\"display_order\":\"1\",\"description\":\"\"}','/ADF/app/sys/search/addSearchColumn','aizheng','','','','','','','','','',''),('efc3eaeeaddc428e90e407d56197547a','user','operation','2017-04-29 07:33:15','[{\"attribute_code\":\"font_icon_code\",\"attribute_name\":\"字体图标\",\"attribute_text\":\"\",\"attribute_value\":\"\",\"ddt_code\":\"\",\"ds_code\":\"\",\"element_type\":\"lov\",\"lov_code\":\"lov_font_icon\",\"node_code\":\"M0302\",\"struct_code\":\"menu_resource\"},{\"attribute_code\":\"function_code\",\"attribute_name\":\"功能\",\"attribute_text\":\"\",\"attribute_value\":\"mbr_member_auth\",\"ddt_code\":\"\",\"ds_code\":\"\",\"element_type\":\"lov\",\"lov_code\":\"lov_function\",\"node_code\":\"M0302\",\"struct_code\":\"menu_resource\"}]','/TSP/app/sys/datastruct/saveDataStructNodeAttributes','aizheng','','','','','','','','','',''),('efccb2775340462ca9c9b6ae0fb10d04','user','operation','2017-04-29 07:09:42','{\"item_code\":\"10\",\"type_code\":\"rent_scope\",\"item_name\":\"聊天\",\"display_order\":\"10\",\"enabled_flag\":\"Y\"}','/TSP/app/sys/datadict/addDataDictItem','aizheng','','','','','','','','','',''),('f0ae22df89474136a96bf748b77fff4c','user','operation','2017-05-01 17:16:37','{\"item_code\":\"authenticated_success\",\"type_code\":\"authentication_status\",\"item_name\":\"认证通过\",\"display_order\":\"30\",\"enabled_flag\":\"Y\"}','/TSP/app/sys/datadict/addDataDictItem','aizheng','','','','','','','','','',''),('f115f0085c1d45229bf09fd46b5bf753','user','logout','2017-03-26 04:18:07','aizheng','/ADF/logout','aizheng','','','','','','','','','',''),('f138b9cce0e841c18bc769119168215c','user','operation','2017-04-15 13:42:29','{\"node_code\":\"654200\",\"parent_node_code\":\"650000\",\"struct_code\":\"administrative_area\",\"node_name\":\"塔城地区\",\"display_order\":\"654200\",\"enabled_flag\":\"Y\",\"description\":\"塔城地区\"}','/TSP/app/sys/datastruct/addDataStructNode','aizheng','','','','','','','','','',''),('f15519ecf5fd4418a2712658af73a0b9','user','operation','2017-04-13 21:42:27','{\"node_code\":\"360100\",\"parent_node_code\":\"360000\",\"struct_code\":\"administrative_area\",\"node_name\":\"南昌市\",\"display_order\":\"360100\",\"enabled_flag\":\"Y\",\"description\":\"南昌市\"}','/TSP/app/sys/datastruct/addDataStructNode','aizheng','','','','','','','','','',''),('f17085eaf4fa49d082df71ea7f0ae704','user','operation','2017-04-13 08:04:53','{\"node_code\":\"130700\",\"parent_node_code\":\"130000\",\"struct_code\":\"administrative_area\",\"node_name\":\"张家口市\",\"display_order\":\"130700\",\"enabled_flag\":\"Y\",\"description\":\"张家口市\"}','/TSP/app/sys/datastruct/addDataStructNode','aizheng','','','','','','','','','',''),('f1877e10250042eab6e25381ea75e476','user','operation','2017-04-15 13:21:10','{\"node_code\":\"522600\",\"parent_node_code\":\"520000\",\"struct_code\":\"administrative_area\",\"node_name\":\"黔东南苗族侗族自治州\",\"display_order\":\"522600\",\"enabled_flag\":\"Y\",\"description\":\"黔东南苗族侗族自治州\"}','/TSP/app/sys/datastruct/addDataStructNode','aizheng','','','','','','','','','',''),('f1a22694badc4eaf925a9dfdbaf06b16','user','login','2017-04-01 02:52:00','aizheng/E5MAAgWelHGIzvuKcL1yasr5UUO5suVIjYJWcPZMX4mMhJFrjP8JszBJvxV0DySuj8KuLr9DTkyHv89R3YRSNA==','/TSP/login_validate','aizheng','','','','','','','','','',''),('f1d602bceb2e4c81a39dfbe84da5539a','user','operation','2017-04-29 07:21:15','{\"item_code\":\"30\",\"type_code\":\"tenant_label\",\"item_name\":\"模特\",\"display_order\":\"30\",\"enabled_flag\":\"Y\"}','/TSP/app/sys/datadict/addDataDictItem','aizheng','','','','','','','','','',''),('f1f1b8d96bf741cbb3733255b69f4ab2','user','login','2017-03-25 22:37:19','aizheng/Epb8FSJKq0fqmu2UyWHiXgcR1QfpzKghOQjKUf7FIs8zQj7r97C0A6xG1bQsf0+YL6BFWyXf/sm9GRu0CRJzSA==','/ADF/login_validate','aizheng','','','','','','','','','',''),('f1f932460b2141fcb64346ec7523d3b3','user','login','2017-05-02 10:07:41','aizheng/DXAbwUZWYaRmf0xZtyRkkNitGNtB9gp+ailrqzKE7kTPIij8Yq/KNW3uFFtWPfYq3SdcX+OxtBE0GZK++o66SQ==','/TSP/login_validate','aizheng','','','','','','','','','',''),('f26a98b695a94f13b4279f4e1efeecfc','user','operation','2017-04-13 21:54:47','{\"node_code\":\"431100\",\"parent_node_code\":\"430000\",\"struct_code\":\"administrative_area\",\"node_name\":\"永州市\",\"display_order\":\"431100\",\"enabled_flag\":\"Y\",\"description\":\"永州市\"}','/TSP/app/sys/datastruct/addDataStructNode','aizheng','','','','','','','','','',''),('f29436676a1e45a682d1903d827a6043','user','login','2017-03-24 12:19:28','aizheng/hKuzfLJPmhRc/M3inap74IdvNtmYuNHIwgIL+JawGKFCL/6b/somKJ+PSYexEDJxSz7+TodPbvAHRAC2V/NT+g==','/ADF/login_validate','aizheng','','','','','','','','','',''),('f295bfcafacd4da7b08081c77c4e33de','user','operation','2017-04-29 07:28:26','{\"item_code\":\"160\",\"type_code\":\"rent_scope\",\"item_name\":\"游泳\",\"display_order\":\"160\",\"enabled_flag\":\"Y\"}','/TSP/app/sys/datadict/addDataDictItem','aizheng','','','','','','','','','',''),('f297170cfe8b4899845f5f477bde7f39','user','operation','2017-05-01 00:52:08','{\"column_code\":\"username\",\"search_code\":\"TenantMgr\",\"column_name\":\"用户名\",\"column_sql\":\"tt.username\",\"operation_symbol\":\"include\",\"element_type\":\"text\",\"ddt_code\":\"\",\"lov_code\":\"\",\"ds_code\":\"\",\"display_order\":\"20\",\"description\":\"\"}','/TSP/app/sys/search/addSearchColumn','aizheng','','','','','','','','','',''),('f29885cd7cf14c03af79ffa423b16860','user','login','2017-04-16 03:16:46','aizheng/hc4QI89adMj86ehU5MlG9YL2+fi7GZzXNOjmQk8GP2wnUXr5gYnDlmT0YNcxgqVt0cRK2mNNFAsuoYZLdoJDgw==','/TSP/login_validate','aizheng','','','','','','','','','',''),('f31842227e9d4d218f15fe17a0a8786b','user','operation','2017-04-27 09:21:58','{\"role_id\":\"2c08a801b74640d9a98a125dbb973410\",\"resource_id\":\"4a55b2f373364910bdff5f4f01ec213a\",\"resource_type\":\"operating_entity\"}','/TSP/app/sys/role/removeRoleOperatingEntity','aizheng','','','','','','','','','',''),('f324a65b9b7f482d9383e7afca51389b','user','operation','2017-04-15 13:16:34','{\"node_code\":\"511600\",\"parent_node_code\":\"510000\",\"struct_code\":\"administrative_area\",\"node_name\":\"广安市\",\"display_order\":\"511600\",\"enabled_flag\":\"Y\",\"description\":\"广安市\"}','/TSP/app/sys/datastruct/addDataStructNode','aizheng','','','','','','','','','',''),('f3b1570eb8734937b278e77be8902b3c','user','login','2017-04-16 02:44:41','aizheng/WcLdPpMiaQQ+RHAbCEByDWwPPVxiYQbRcjsQdELY1PlWm72mjuWTRgY7yxfbicqUyoFZe+s0xwIhyCwU+be6lQ==','/TSP/login_validate','aizheng','','','','','','','','','',''),('f3d28a2ff3ac44af9debd10782b25386','user','operation','2017-04-29 22:38:57','{\"auth_id\":\"b78d0beef47a497aa2f860a4db55b67a\",\"member_type\":\"platinum\",\"member_auth_type\":\"say_hello\",\"member_auth_name\":\"4.每天50次与陌生人打招呼机会\",\"member_auth_value\":\"50\",\"create_date\":\"2017-04-29 22:36:55\",\"created_by\":\"2282a5af0e1f403297948eca95877a03\",\"last_update_date\":null,\"last_updated_by\":\"2282a5af0e1f403297948eca95877a03\",\"attribute1\":null,\"attribute2\":null,\"attribute3\":null,\"attribute4\":null,\"attribute5\":null,\"attribute6\":null,\"attribute7\":null,\"attribute8\":null,\"attribute9\":null,\"attribute10\":null}','/TSP/app/mbr/auth/editMemberAuth','aizheng','','','','','','','','','',''),('f3ecd2ada076445091f7ab6fcc15a03f','user','operation','2017-04-29 22:36:32','{\"auth_id\":null,\"member_type\":\"diamond\",\"member_auth_type\":\"see_social_credit\",\"member_auth_name\":\"3.无限次查看出租人的社交信息\",\"member_auth_value\":\"0\",\"create_date\":null,\"created_by\":\"2282a5af0e1f403297948eca95877a03\",\"last_update_date\":null,\"last_updated_by\":\"2282a5af0e1f403297948eca95877a03\",\"attribute1\":null,\"attribute2\":null,\"attribute3\":null,\"attribute4\":null,\"attribute5\":null,\"attribute6\":null,\"attribute7\":null,\"attribute8\":null,\"attribute9\":null,\"attribute10\":null}','/TSP/app/mbr/auth/addMemberAuth','aizheng','','','','','','','','','',''),('f452a756b4d741fb8cf93abc53bd41c9','user','operation','2017-04-13 06:00:29','{\"node_code\":\"210000\",\"parent_node_code\":\"CN\",\"struct_code\":\"administrative_area\",\"node_name\":\"辽宁省\",\"display_order\":\"210000\",\"enabled_flag\":\"Y\",\"description\":\"辽宁省\"}','/TSP/app/sys/datastruct/addDataStructNode','aizheng','','','','','','','','','',''),('f495194f10d54aa999e83f29bb224d36','user','login','2017-05-01 01:58:36','aizheng/RzPAIfx2lkxWmP+MHKHvZrncW09tkusRLQwJAD714WqWOLgmvkQVrk3iXKBhKOZBqCyI3ZaRdCjqIsHCClIPfw==','/TSP/login_validate','aizheng','','','','','','','','','',''),('f49e519408c74202a70e2cf8568f6b5b','user','operation','2017-05-01 02:22:46','[{\"ddt_code\":\"\",\"ddt_text\":\"\",\"description\":\"\",\"display_order\":\"10\",\"ds_code\":\"\",\"ds_text\":\"\",\"element_type\":\"text\",\"element_type_name\":\"文本框\",\"lov_code\":\"\",\"lov_text\":\"\",\"parameter_code\":\"image_application_url\",\"parameter_name\":\"图片应用URL\",\"parameter_type\":\"system_setup\",\"parameter_value\":\"http://localhost:8080/TSPIMG\"}]','/TSP/app/sys/parameter/saveParameterConfig','aizheng','','','','','','','','','',''),('f4d875b87b2746cab8f2ce2d7be7f4fe','user','login','2017-05-12 07:25:54','aizheng/bAXjkRYDOo4XkzPyxKnll9xwEE2bOlarVjKCP7yBF63WSh6l7Eh673LoxdiFYm29EmiDVE82pJpGQHUUnh3ehA==','/TSP/login_validate','aizheng','','','','','','','','','',''),('f4e59d8c7f0741089f6f37e8cb2aeac6','user','operation','2017-04-13 10:05:23','{\"node_code\":\"230600\",\"parent_node_code\":\"230000\",\"struct_code\":\"administrative_area\",\"node_name\":\"大庆市\",\"display_order\":\"230600\",\"enabled_flag\":\"Y\",\"description\":\"大庆市\"}','/TSP/app/sys/datastruct/addDataStructNode','aizheng','','','','','','','','','',''),('f4f2ce1ec1f640cdacc954f111ea9f30','user','operation','2017-04-13 10:09:28','{\"node_code\":\"320600\",\"parent_node_code\":\"320000\",\"struct_code\":\"administrative_area\",\"node_name\":\"南通市\",\"display_order\":\"320600\",\"enabled_flag\":\"Y\",\"description\":\"南通市\"}','/TSP/app/sys/datastruct/addDataStructNode','aizheng','','','','','','','','','',''),('f55799d574c54fc3b14a70b0d9becd2c','user','login','2017-03-28 06:50:57','aizheng/JN6koEtAuOgo5FyC2asWT7Qk7t9yffFlhpExw0iqwHnqUrhI4McuFwvVO3OY0xA5tWYtBYlB8LSlWVFeXeVANA==','/ADF/login_validate','aizheng','','','','','','','','','',''),('f5b9b5ab9a5e4da1aa47ae79d283f7cb','user','logout','2017-03-25 22:35:07','aizheng','/ADF/logout','aizheng','','','','','','','','','',''),('f62273c3951043029ef36d2e92ee3199','user','operation','2017-04-13 10:11:34','{\"node_code\":\"330300\",\"parent_node_code\":\"330000\",\"struct_code\":\"administrative_area\",\"node_name\":\"温州市\",\"display_order\":\"330300\",\"enabled_flag\":\"Y\",\"description\":\"温州市\"}','/TSP/app/sys/datastruct/addDataStructNode','aizheng','','','','','','','','','',''),('f6c1738c79064f469b555d4d0aac492f','user','operation','2017-03-27 14:25:47','{\"parameter_code\":\"time\",\"parameter_name\":\"时间\",\"parameter_type\":\"test\",\"element_type\":\"time\",\"ddt_code\":\"\",\"lov_code\":\"\",\"ds_code\":\"\",\"display_order\":\"30\",\"description\":\"\"}','/ADF/app/sys/parameter/addParameterDefine','aizheng','','','','','','','','','',''),('f6ed4f23fbb841138a32ea10069ddb09','user','operation','2017-04-13 09:19:10','{\"node_code\":\"150900\",\"parent_node_code\":\"150000\",\"struct_code\":\"administrative_area\",\"node_name\":\"乌兰察布市\",\"display_order\":\"150900\",\"enabled_flag\":\"Y\",\"description\":\"乌兰察布市\"}','/TSP/app/sys/datastruct/addDataStructNode','aizheng','','','','','','','','','',''),('f730930539ba4bb79842ff533a85ca44','user','operation','2017-03-25 23:09:18','tenent','/ADF/app/sys/search/removeSearchDefine','aizheng','','','','','','','','','',''),('f77bfd6ae7e64de1a097b5d24394b11e','user','operation','2017-05-01 23:27:20','{\"column_code\":\"username\",\"search_code\":\"MemberMgr\",\"column_name\":\"租户\",\"column_sql\":\"tt.username\",\"operation_symbol\":\"include\",\"element_type\":\"text\",\"ddt_code\":\"\",\"lov_code\":\"\",\"ds_code\":\"\",\"display_order\":\"50\",\"description\":\"\"}','/TSP/app/sys/search/editSearchColumn','aizheng','','','','','','','','','',''),('f7be907545174a78a507c491cc84dda8','user','operation','2017-04-13 08:03:29','{\"node_code\":\"130100\",\"parent_node_code\":\"130000\",\"struct_code\":\"administrative_area\",\"node_name\":\"石家庄市\",\"display_order\":\"130100\",\"enabled_flag\":\"Y\",\"description\":\"石家庄市\"}','/TSP/app/sys/datastruct/addDataStructNode','aizheng','','','','','','','','','',''),('f7c30b03269948a890fbb0b595d55581','user','operation','2017-03-28 07:16:14','{\"function_code\":\"test\",\"function_name\":\"test\",\"function_url\":\"test\",\"description\":\"\"}','/ADF/app/sys/function/addFunction','aizheng','','','','','','','','','',''),('f8179db2ebd548c497a0fcde9583decb','user','operation','2017-04-28 15:10:06','{\"item_code\":\"diamond\",\"type_code\":\"member_type\",\"item_name\":\"钻石会员\",\"display_order\":\"30\",\"enabled_flag\":\"Y\"}','/TSP/app/sys/datadict/editDataDictItem','aizheng','','','','','','','','','',''),('f8185d7304e64d1e8afdd555e57f4cb9','user','login','2017-03-26 06:11:04','aizheng/TRMCAxIyCrKRErdITXSsv/vON0o9XOoOtW8X6QrglUsdm9G4GiIn9qfr1BaKLrrKDbHFXHdPmZguehNdpqvHag==','/ADF/login_validate','aizheng','','','','','','','','','',''),('f8201b2351864949a61f473e59498283','user','login','2017-04-23 16:07:59','aizheng/Rctycir/+MpVmDMcg+AaQXIH9HTky29+TAOTHhRRzeWVv/6842oySsxqKIfv74igqooAs7AIaXIqo7y9r6pyrg==','/TSP/login_validate','aizheng','','','','','','','','','',''),('f84a7ee3a1394e72bd5f53561c4f28d4','user','operation','2017-04-15 13:17:45','{\"node_code\":\"512000\",\"parent_node_code\":\"510000\",\"struct_code\":\"administrative_area\",\"node_name\":\"资阳市\",\"display_order\":\"512000\",\"enabled_flag\":\"Y\",\"description\":\"资阳市\"}','/TSP/app/sys/datastruct/addDataStructNode','aizheng','','','','','','','','','',''),('f86d091748f64b3080e3890cafef0b14','user','operation','2017-04-29 06:10:46','{\"item_code\":\"1\",\"type_code\":\"member_duration\",\"item_name\":\"1个月\",\"display_order\":\"10\",\"enabled_flag\":\"Y\"}','/TSP/app/sys/datadict/addDataDictItem','aizheng','','','','','','','','','',''),('f86e7dae9ca44df0ae405a1bd363efbb','user','operation','2017-04-29 17:44:58','{\"service_id\":\"39afd73b7a314a36a0444c8d0c2757c5\",\"member_type\":\"general\",\"member_duration\":\"12\",\"member_price\":\"388\",\"service_name\":\"12个月388元\",\"service_name_ext\":\"优惠63%\",\"create_date\":\"2017-04-29 16:58:30\",\"created_by\":\"2282a5af0e1f403297948eca95877a03\",\"last_update_date\":null,\"last_updated_by\":\"2282a5af0e1f403297948eca95877a03\",\"attribute1\":null,\"attribute2\":null,\"attribute3\":null,\"attribute4\":null,\"attribute5\":null,\"attribute6\":null,\"attribute7\":null,\"attribute8\":null,\"attribute9\":null,\"attribute10\":null}','/TSP/app/mbr/service/editMemberService','aizheng','','','','','','','','','',''),('f8c60b14177c4a1f9872d03c553662bc','user','operation','2017-04-29 22:27:38','{\"auth_id\":null,\"member_type\":\"general\",\"member_auth_type\":\"see_wechat_number\",\"member_auth_name\":\"每天3次查看出租人微信号机会\",\"member_auth_value\":\"3\",\"create_date\":null,\"created_by\":\"2282a5af0e1f403297948eca95877a03\",\"last_update_date\":null,\"last_updated_by\":\"2282a5af0e1f403297948eca95877a03\",\"attribute1\":null,\"attribute2\":null,\"attribute3\":null,\"attribute4\":null,\"attribute5\":null,\"attribute6\":null,\"attribute7\":null,\"attribute8\":null,\"attribute9\":null,\"attribute10\":null}','/TSP/app/mbr/auth/addMemberAuth','aizheng','','','','','','','','','',''),('f8d4264e7fa8496bbfda35e0d4d632a4','user','operation','2017-04-13 06:10:11','{\"node_code\":\"370900\",\"parent_node_code\":\"370000\",\"struct_code\":\"administrative_area\",\"node_name\":\"泰安市\",\"display_order\":\"370900\",\"enabled_flag\":\"Y\",\"description\":\"泰安市\"}','/TSP/app/sys/datastruct/addDataStructNode','aizheng','','','','','','','','','',''),('f8f66a7c585b4929abfaca64192e9e0f','user','operation','2017-04-12 21:16:34','{\"type_code\":\"wx_payment_status\",\"type_name\":\"微信支付状态\",\"description\":\"微信支付状态\"}','/TSP/app/sys/datadict/addDataDictType','aizheng','','','','','','','','','',''),('f911e8fc543e41aa85771756d867b462','user','operation','2017-04-28 11:31:37','{\"item_code\":\"see_rent_out_time\",\"type_code\":\"member_auth\",\"item_name\":\"无限次数查看出租人出租次数\",\"display_order\":\"20\",\"enabled_flag\":\"Y\"}','/TSP/app/sys/datadict/addDataDictItem','aizheng','','','','','','','','','',''),('f95d858c3cf64c0fa303b9564f9e1096','user','operation','2017-04-15 13:12:43','{\"node_code\":\"460100\",\"parent_node_code\":\"460000\",\"struct_code\":\"administrative_area\",\"node_name\":\"海口市\",\"display_order\":\"460100\",\"enabled_flag\":\"Y\",\"description\":\"海口市\"}','/TSP/app/sys/datastruct/addDataStructNode','aizheng','','','','','','','','','',''),('fa0e56df8d694c3b932cc566c7609984','user','logout','2017-04-27 14:08:14','aizheng','/TSP/logout','aizheng','','','','','','','','','',''),('fa158855dfd74d618189fd03f2f85875','user','login','2017-03-28 07:16:01','aizheng/LBDs5n0ujnQP98weKXt4XF1Oll2Ai/DPaXocynccmd31hz3egVlW49GtNuIO4q5sUHUnuuy/Xikx67aAowWrHw==','/ADF/login_validate','aizheng','','','','','','','','','',''),('fa265c4a6c7b46cdace04fc438164276','user','operation','2017-04-13 21:55:23','{\"node_code\":\"433100\",\"parent_node_code\":\"430000\",\"struct_code\":\"administrative_area\",\"node_name\":\"湘西土家族苗族自治州\",\"display_order\":\"433100\",\"enabled_flag\":\"Y\",\"description\":\"湘西土家族苗族自治州\"}','/TSP/app/sys/datastruct/addDataStructNode','aizheng','','','','','','','','','',''),('fa79020d34cf4f8b865b7f592bcd9829','user','operation','2017-04-01 23:09:13','[{\"attribute_code\":\"font_icon_code\",\"attribute_name\":\"字体图标\",\"attribute_text\":\"\",\"attribute_value\":\"fa-asterisk\",\"ddt_code\":\"\",\"ds_code\":\"\",\"element_type\":\"lov\",\"lov_code\":\"lov_font_icon\",\"node_code\":\"M010101\",\"struct_code\":\"menu_resource\"},{\"attribute_code\":\"function_code\",\"attribute_name\":\"功能\",\"attribute_text\":\"\",\"attribute_value\":\"sys_parameter\",\"ddt_code\":\"\",\"ds_code\":\"\",\"element_type\":\"lov\",\"lov_code\":\"lov_function\",\"node_code\":\"M010101\",\"struct_code\":\"menu_resource\"}]','/ADF/app/sys/datastruct/saveDataStructNodeAttributes','aizheng','','','','','','','','','',''),('fa79dfe0d5cc4e9c8a3461018e457fa6','user','operation','2017-04-29 16:26:08','member_type;11','/TSP/app/sys/datadict/removeDataDictItem','aizheng','','','','','','','','','',''),('fa952bd1bb9c4b98b370b62793ce3051','user','operation','2017-04-28 15:14:34','{\"role_id\":\"2c08a801b74640d9a98a125dbb973410\",\"resource_id\":\"4a55b2f373364910bdff5f4f01ec213a\",\"resource_type\":\"operating_entity\"}','/TSP/app/sys/role/addRoleOperatingEntity','aizheng','','','','','','','','','',''),('faed4a1269b44ab9ab32ac4435f98cbe','user','operation','2017-03-24 12:43:37','{\"column_name\":\"attribute1\",\"flex_code\":\"user\",\"column_title\":\"工号\",\"element_type\":\"text\",\"ddt_code\":\"\",\"lov_code\":\"\",\"ds_code\":\"\",\"description\":\"工号\"}','/ADF/app/sys/flexfield/editFlexFieldColumn','aizheng','','','','','','','','','',''),('fb0426e2b4bb4402aa27e12640ed9f17','user','operation','2017-03-27 15:19:41','[{\"attribute_code\":\"date\",\"attribute_name\":\"日期\",\"attribute_text\":\"\",\"attribute_value\":\"2017-03-27 15:17:47\",\"ddt_code\":\"\",\"ds_code\":\"\",\"element_type\":\"date\",\"item_code\":\"platform\",\"lov_code\":\"\",\"type_code\":\"user_type\"},{\"attribute_code\":\"datetime\",\"attribute_name\":\"日期时间\",\"attribute_text\":\"\",\"attribute_value\":\"2017-03-27 15:15:47\",\"ddt_code\":\"\",\"ds_code\":\"\",\"element_type\":\"datetime\",\"item_code\":\"platform\",\"lov_code\":\"\",\"type_code\":\"user_type\"},{\"attribute_code\":\"time\",\"attribute_name\":\"时间\",\"attribute_text\":\"\",\"attribute_value\":\"2017-03-27 05:30:47\",\"ddt_code\":\"\",\"ds_code\":\"\",\"element_type\":\"time\",\"item_code\":\"platform\",\"lov_code\":\"\",\"type_code\":\"user_type\"}]','/ADF/app/sys/datadict/saveDataDictItemAttributes','aizheng','','','','','','','','','',''),('fb6eebbbc8894fe7b427418dfaafd8a6','user','operation','2017-03-28 07:15:18','{\"operation_code\":\"sys_function_remove\",\"function_code\":\"sys_function\",\"operation_name\":\"功能-删除\",\"description\":\"功能-删除\"}','/ADF/app/sys/function/addOperation','aizheng','','','','','','','','','',''),('fb9ec7648b474d9fa746673158639633','user','operation','2017-04-15 13:35:56','{\"node_code\":\"630200\",\"parent_node_code\":\"630000\",\"struct_code\":\"administrative_area\",\"node_name\":\"海东市\",\"display_order\":\"630200\",\"enabled_flag\":\"Y\",\"description\":\"海东市\"}','/TSP/app/sys/datastruct/addDataStructNode','aizheng','','','','','','','','','',''),('fbd6be6c180244e5b6e4fec1b842f505','user','operation','2017-04-15 13:09:31','{\"node_code\":\"450300\",\"parent_node_code\":\"450000\",\"struct_code\":\"administrative_area\",\"node_name\":\"桂林市\",\"display_order\":\"450300\",\"enabled_flag\":\"Y\",\"description\":\"桂林市\"}','/TSP/app/sys/datastruct/addDataStructNode','aizheng','','','','','','','','','',''),('fcb6c55a94d64a05baf27cf0a6444a3e','user','login','2017-05-02 13:25:33','aizheng/eq/jchECgd+NddXAsmiXOlVsuGptTabCRMcW+tyxkkZu4uTX2VR/oelOOOzzLkVYSFntrD4pgXF2oORAkZHO+Q==','/TSP/login_validate','aizheng','','','','','','','','','',''),('fcd020a4fc6c406ba7208b5f2d126caf','user','operation','2017-04-12 21:09:45','{\"function_code\":\"oe_operating_entity\",\"function_name\":\"运营实体管理\",\"function_url\":\"/app/oe/OperatingEntity/OperatingEntityMgr\",\"description\":\"运营实体管理\"}','/TSP/app/sys/function/editFunction','aizheng','','','','','','','','','',''),('fcf0000ca63948269c1d8d5d60331f70','user','operation','2017-04-15 13:09:04','{\"node_code\":\"450100\",\"parent_node_code\":\"450000\",\"struct_code\":\"administrative_area\",\"node_name\":\"南宁市\",\"display_order\":\"450100\",\"enabled_flag\":\"Y\",\"description\":\"南宁市\"}','/TSP/app/sys/datastruct/addDataStructNode','aizheng','','','','','','','','','',''),('fcfe14c0cb3e4d0299c75367e58e2771','user','operation','2017-03-25 08:10:43','{\"search_code\":\"LogMgr\",\"search_name\":\"日志管理\",\"description\":\"日志管理\"}','/ADF/app/sys/search/addSearchDefine','aizheng','','','','','','','','','',''),('fd14920aa8d045c2aabbd46351786f4f','user','login','2017-03-26 16:18:22','aizheng/LLt3zad8ruTDgkPida4D/CVk55Dia92JZrBnTv4kwIxWv72fybY6aU3alGmTK7JbBx8TScesgKBSfhjiB2mENw==','/ADF/login_validate','aizheng','','','','','','','','','',''),('fd15790f833a4dd0a089f92b92f35a02','user','operation','2017-05-01 00:49:09','{\"search_code\":\"TenantMgr\",\"search_name\":\"租户管理\",\"description\":\"租户管理\"}','/TSP/app/sys/search/addSearchDefine','aizheng','','','','','','','','','',''),('fd4d8c04d4f34721af3b7596b964682a','user','operation','2017-04-30 07:31:53','{\"item_code\":\"libra\",\"type_code\":\"constellation\",\"item_name\":\"天秤座\",\"display_order\":\"70\",\"enabled_flag\":\"Y\"}','/TSP/app/sys/datadict/addDataDictItem','aizheng','','','','','','','','','',''),('fd6500c4e37e420499357a782e808cd8','user','operation','2017-04-13 08:05:44','{\"node_code\":\"131100\",\"parent_node_code\":\"130000\",\"struct_code\":\"administrative_area\",\"node_name\":\"衡水市\",\"display_order\":\"131100\",\"enabled_flag\":\"Y\",\"description\":\"衡水市\"}','/TSP/app/sys/datastruct/addDataStructNode','aizheng','','','','','','','','','',''),('fd7843f2e25a4499b69fbd242881a56a','user','operation','2017-04-29 06:24:30','{\"type_code\":\"rent_scope\",\"type_name\":\"出租范围\",\"description\":\"出租范围\"}','/TSP/app/sys/datadict/addDataDictType','aizheng','','','','','','','','','',''),('fde38eabbd3f41b299f7954f3e167806','user','operation','2017-04-15 13:13:53','{\"node_code\":\"510100\",\"parent_node_code\":\"510000\",\"struct_code\":\"administrative_area\",\"node_name\":\"成都市\",\"display_order\":\"510100\",\"enabled_flag\":\"Y\",\"description\":\"成都市\"}','/TSP/app/sys/datastruct/addDataStructNode','aizheng','','','','','','','','','',''),('fdff2358dd3a4747b04be2f4b30488ec','user','operation','2017-03-24 12:43:31','{\"flex_code\":\"user\",\"flex_name\":\"用户弹性域\",\"table_name\":\"sys_user\",\"enabled_flag\":\"Y\",\"description\":\"用户弹性域\"}','/ADF/app/sys/flexfield/editFlexFieldDefine','aizheng','','','','','','','','','',''),('fe6f8cb7d1894084906f2ef5cca8b8cb','user','login','2017-04-25 08:59:24','aizheng/BwSokeActLsFM5drGUL3hGHDBiresX8r2tY2CFK46/x528+OZYdZAsl0rJ9yWmpLEeUvSEILBMUidP86eB88/w==','/TSP/login_validate','aizheng','','','','','','','','','',''),('ff098be00fce4dd8a83ffcef441aa2e0','user','operation','2017-04-13 06:08:43','{\"node_code\":\"370200\",\"parent_node_code\":\"370000\",\"struct_code\":\"administrative_area\",\"node_name\":\"青岛市\",\"display_order\":\"370200\",\"enabled_flag\":\"Y\",\"description\":\"青岛市\"}','/TSP/app/sys/datastruct/addDataStructNode','aizheng','','','','','','','','','',''),('ff1830811a7743108183edcddcc97e54','user','operation','2017-04-27 09:21:07','{\"role_id\":\"2c08a801b74640d9a98a125dbb973410\",\"resource_id\":\"4a55b2f373364910bdff5f4f01ec213a\",\"resource_type\":\"operating_entity\"}','/TSP/app/sys/role/addRoleOperatingEntity','aizheng','','','','','','','','','',''),('ff521fcfdc944722a264776d73f92fba','user','operation','2017-04-13 06:05:19','{\"node_code\":\"520000\",\"parent_node_code\":\"CN\",\"struct_code\":\"administrative_area\",\"node_name\":\"贵州省\",\"display_order\":\"520000\",\"enabled_flag\":\"Y\",\"description\":\"贵州省\"}','/TSP/app/sys/datastruct/addDataStructNode','aizheng','','','','','','','','','',''),('ff6e98e00341475ca2e0b2cdc3f2d7ab','user','login','2017-03-26 04:06:11','aizheng/fD4UZ1jeQoDgHXci3M3W/wxwdMrKeOXCrcQDWxtpAh0yeuAkpenWxryEm1jNkv+kkODNuGAd03OzkjbYr0fLjA==','/ADF/login_validate','aizheng','','','','','','','','','',''),('ffb3b761e5324afc9e60abb0926e6d1d','user','operation','2017-04-01 22:51:10','[{\"attribute_code\":\"function_code\",\"attribute_name\":\"功能\",\"attribute_text\":\"\",\"attribute_value\":\"sys_data_struct\",\"ddt_code\":\"\",\"ds_code\":\"\",\"element_type\":\"lov\",\"lov_code\":\"lov_function\",\"node_code\":\"M0103\",\"struct_code\":\"menu_resource\"},{\"attribute_code\":\"font_icon_code\",\"attribute_name\":\"字体图标\",\"attribute_text\":\"\",\"attribute_value\":\"fa-tree\",\"ddt_code\":\"\",\"ds_code\":\"\",\"element_type\":\"lov\",\"lov_code\":\"lov_font_icon\",\"node_code\":\"M0103\",\"struct_code\":\"menu_resource\"}]','/ADF/app/sys/datastruct/saveDataStructNodeAttributes','aizheng','','','','','','','','','',''),('ffd4dbab45f2461fb544188248c43eed','user','operation','2017-04-25 08:45:38','{\"entity_id\":\"4a55b2f373364910bdff5f4f01ec213a\",\"wx_public_no_type\":\"subscibe\",\"wx_public_no_id\":\"gh_d4c5ac837a87\",\"wx_public_no_code\":\"TimeSharePlatform\",\"wx_public_no_name\":\"TimeSharePlatform\",\"wx_public_no_desc\":\"时间分享平台\",\"wx_country\":\"CN\",\"wx_province\":\"370000\",\"wx_city\":\"370200\",\"wx_authentication_status\":\"N\",\"wx_payment_status\":\"N\",\"wx_developer_app_id\":\"wx7d3bc8ad5516c0b3\",\"wx_developer_app_secret\":\"c23565f98385cb249a1d5b230e392127\",\"wx_server_url\":\"\",\"wx_server_token\":\"\",\"wx_server_encoding_aes_key\":\"\",\"wx_server_encoding_type\":\"plaintext\",\"wx_mch_id\":\"\",\"create_date\":\"2017-04-25 08:44:26\",\"created_by\":\"2282a5af0e1f403297948eca95877a03\",\"last_update_date\":null,\"last_updated_by\":\"2282a5af0e1f403297948eca95877a03\",\"attribute1\":\"\",\"attribute2\":\"\",\"attribute3\":\"\",\"attribute4\":\"\",\"attribute5\":\"\",\"attribute6\":\"\",\"attribute7\":\"\",\"attribute8\":\"\",\"attribute9\":\"\",\"attribute10\":\"\"}','/TSP/app/oe/OperatingEntity/saveWechatPublicInfo','aizheng','','','','','','','','','',''),('ffe61e5061374b4daca7bd20c7c08557','user','operation','2017-03-27 15:49:00','[{\"ddt_code\":\"\",\"ddt_text\":\"\",\"description\":\"\",\"display_order\":\"10\",\"ds_code\":\"\",\"ds_text\":\"\",\"element_type\":\"date\",\"element_type_name\":\"日期控件\",\"lov_code\":\"\",\"lov_text\":\"\",\"parameter_code\":\"date\",\"parameter_name\":\"日期\",\"parameter_type\":\"test\",\"parameter_value\":\"2017-03-09\"}]','/ADF/app/sys/parameter/saveParameterConfig','aizheng','','','','','','','','','',''),('ffe80d6f98b44d6ebceabc5f39c24e8d','user','operation','2017-04-13 10:09:16','{\"node_code\":\"320500\",\"parent_node_code\":\"320000\",\"struct_code\":\"administrative_area\",\"node_name\":\"苏州市\",\"display_order\":\"320500\",\"enabled_flag\":\"Y\",\"description\":\"苏州市\"}','/TSP/app/sys/datastruct/addDataStructNode','aizheng','','','','','','','','','','');

/*Table structure for table `sys_lov_column` */

CREATE TABLE `sys_lov_column` (
  `lov_code` varchar(50) NOT NULL COMMENT '值列表编码',
  `column_name` varchar(100) NOT NULL COMMENT '列名称',
  `column_title` varchar(100) NOT NULL COMMENT '列标题',
  `display_flag` char(1) NOT NULL COMMENT '显示标识[Y:显示;N:隐藏]',
  `return_value_flag` char(1) NOT NULL COMMENT '返回值列标识[Y:显示;N:隐藏]',
  `return_text_flag` char(1) NOT NULL COMMENT '返回文本列标识[Y:显示;N:隐藏]',
  PRIMARY KEY (`lov_code`,`column_name`)
) ENGINE=InnoDB DEFAULT CHARSET=utf8 COMMENT='值列表列';

/*Data for the table `sys_lov_column` */

insert  into `sys_lov_column`(`lov_code`,`column_name`,`column_title`,`display_flag`,`return_value_flag`,`return_text_flag`) values ('lov_data_dict','description','说明','Y','N','N'),('lov_data_dict','type_code','数据字典类型编码','Y','Y','N'),('lov_data_dict','type_name','数据字典类型名称','Y','N','Y'),('lov_data_struct','description','说明','Y','N','N'),('lov_data_struct','struct_code','数据结构编码','Y','Y','N'),('lov_data_struct','struct_name','数据结构名称','Y','N','Y'),('lov_font_icon','display','预览','Y','N','N'),('lov_font_icon','item_code','字体图标编码','Y','Y','Y'),('lov_function','description','说明','Y','N','N'),('lov_function','function_code','功能编码','Y','Y','N'),('lov_function','function_name','功能名称','Y','N','Y'),('lov_function','function_url','功能URL','N','N','N'),('lov_list_of_value','description','说明','Y','N','N'),('lov_list_of_value','lov_code','值列表编码','Y','Y','N'),('lov_list_of_value','lov_name','值列表名称','Y','N','Y'),('lov_list_of_value','view_name','视图名称','N','N','N'),('lov_operating_entity','email','邮箱','N','N','N'),('lov_operating_entity','end_date','有效日期止','Y','N','N'),('lov_operating_entity','entity_id','运营实体ID','N','Y','N'),('lov_operating_entity','entity_name','运营实体名称','Y','N','Y'),('lov_operating_entity','mobilephone','手机','N','N','N'),('lov_operating_entity','operator','运营人','Y','N','N'),('lov_operating_entity','start_date','有效日期始','Y','N','N'),('lov_operating_entity_all','email','邮箱','N','N','N'),('lov_operating_entity_all','end_date','有效日期止','Y','N','N'),('lov_operating_entity_all','entity_id','运营实体ID','N','Y','N'),('lov_operating_entity_all','entity_name','运营实体名称','Y','N','Y'),('lov_operating_entity_all','mobilephone','手机','N','N','N'),('lov_operating_entity_all','operator','运营人','Y','N','N'),('lov_operating_entity_all','start_date','有效日期始','Y','N','N'),('lov_role','description','说明','Y','N','N'),('lov_role','role_id','角色ID','N','Y','N'),('lov_role','role_name','角色名称','Y','N','Y');

/*Table structure for table `sys_lov_define` */

CREATE TABLE `sys_lov_define` (
  `lov_code` varchar(50) NOT NULL COMMENT '值列表编码',
  `lov_name` varchar(100) NOT NULL COMMENT '值列表名称',
  `view_name` varchar(50) NOT NULL COMMENT '视图名称',
  `dynamic_condition` varchar(1000) DEFAULT NULL COMMENT '动态条件',
  `description` varchar(200) DEFAULT NULL COMMENT '说明',
  PRIMARY KEY (`lov_code`)
) ENGINE=InnoDB DEFAULT CHARSET=utf8 COMMENT='值列表定义';

/*Data for the table `sys_lov_define` */

insert  into `sys_lov_define`(`lov_code`,`lov_name`,`view_name`,`dynamic_condition`,`description`) values ('lov_data_dict','数据字典值列表','lov_data_dict_v',NULL,'数据字典值列表'),('lov_data_struct','数据结构值列表','lov_data_struct_v',NULL,'数据结构值列表'),('lov_font_icon','字体图标值列表','lov_font_icon_v',NULL,'字体图标值列表'),('lov_function','功能值列表','lov_function_v',NULL,'功能值列表'),('lov_list_of_value','值列表','lov_list_of_value_v',NULL,'值列表'),('lov_operating_entity','运营实体值列表','lov_operating_entity_v','WHERE v.entity_id IN \n  (SELECT \n    srr.resource_id\n  FROM\n    sys_role_resource srr,\n    sys_user su \n  WHERE srr.resource_type = \'operating_entity\' \n    AND su.user_id = ${userId}\n    AND srr.role_id = su.default_role_id)','运营实体值列表'),('lov_operating_entity_all','运营实体值列表','lov_operating_entity_v','','运营实体值列表'),('lov_role','角色值列表','lov_role_v',NULL,'角色值列表');

/*Table structure for table `sys_operation` */

CREATE TABLE `sys_operation` (
  `operation_code` varchar(50) NOT NULL COMMENT '操作编码',
  `function_code` varchar(50) NOT NULL COMMENT '功能编码',
  `operation_name` varchar(100) NOT NULL COMMENT '操作名称',
  `description` varchar(200) DEFAULT NULL COMMENT '说明',
  PRIMARY KEY (`operation_code`)
) ENGINE=InnoDB DEFAULT CHARSET=utf8 COMMENT='系统操作表';

/*Data for the table `sys_operation` */

insert  into `sys_operation`(`operation_code`,`function_code`,`operation_name`,`description`) values ('mbr_member_auth_add','mbr_member_auth','新建','新建'),('mbr_member_auth_edit','mbr_member_auth','编辑','编辑'),('mbr_member_auth_remove','mbr_member_auth','删除','删除'),('mbr_member_service_add','mbr_member_service','新建','新建'),('mbr_member_service_edit','mbr_member_service','编辑','编辑'),('mbr_member_service_remove','mbr_member_service','删除','删除'),('oe_operating_entity_add','oe_operating_entity','新建','新建'),('oe_operating_entity_edit','oe_operating_entity','编辑','编辑'),('oe_operating_entity_setStatus','oe_operating_entity','状态','状态'),('oe_operating_entity_setWeChatPublic','oe_operating_entity','公众号','微信公众号'),('sys_data_dict_item_add','sys_data_dict','数据字典项-新建','数据字典项-新建'),('sys_data_dict_item_attribute','sys_data_dict','数据字典项-扩展属性','数据字典项-扩展属性'),('sys_data_dict_item_edit','sys_data_dict','数据字典项-编辑','数据字典项-编辑'),('sys_data_dict_item_remove','sys_data_dict','数据字典项-删除','数据字典项-删除'),('sys_data_dict_type_add','sys_data_dict','数据字典类型-新建','数据字典类型-新建'),('sys_data_dict_type_attribute','sys_data_dict','数据字典类型-扩展属性','数据字典类型-扩展属性'),('sys_data_dict_type_edit','sys_data_dict','数据字典类型-编辑','数据字典类型-编辑'),('sys_data_dict_type_remove','sys_data_dict','数据字典类型-删除','数据字典类型-删除'),('sys_data_struct_add','sys_data_struct','数据结构-新建','数据结构-新建'),('sys_data_struct_attribute','sys_data_struct','数据结构-扩展属性','数据结构-扩展属性'),('sys_data_struct_edit','sys_data_struct','数据结构-编辑','数据结构-编辑'),('sys_data_struct_node_add','sys_data_struct','数据结构节点-新建','数据结构节点-新建'),('sys_data_struct_node_attribute','sys_data_struct','数据结构节点-扩展属性','数据结构节点-扩展属性'),('sys_data_struct_node_edit','sys_data_struct','数据结构节点-编辑','数据结构节点-编辑'),('sys_data_struct_node_remove','sys_data_struct','数据结构节点-删除','数据结构节点-删除'),('sys_data_struct_remove','sys_data_struct','数据结构-删除','数据结构-删除'),('sys_function_add','sys_function','功能-新建','功能-新建'),('sys_function_edit','sys_function','功能-编辑','功能-编辑'),('sys_function_remove','sys_function','功能-删除','功能-删除'),('sys_lov_add','sys_lov','新建','新建'),('sys_lov_edit','sys_lov','编辑','编辑'),('sys_operation_add','sys_function','操作-新建','操作-新建'),('sys_operation_edit','sys_function','操作-编辑','操作-编辑'),('sys_operation_remove','sys_function','操作-删除','操作-删除'),('sys_parameter_define_add','sys_parameter','参数-新建','参数-新建'),('sys_parameter_define_edit','sys_parameter','参数-编辑','参数-编辑'),('sys_parameter_define_remove','sys_parameter','参数-删除','参数-删除'),('sys_parameter_type_add','sys_parameter','参数类型-新建','参数类型-新建'),('sys_parameter_type_edit','sys_parameter','参数类型-编辑','参数类型-编辑'),('sys_parameter_type_remove','sys_parameter','参数类型-删除','参数类型-删除'),('sys_role_add','sys_role','新建','新建'),('sys_role_config','sys_role','权限配置','权限配置'),('sys_role_edit','sys_role','编辑','编辑'),('sys_search_column_add','sys_search','搜索列-新建','搜索列-新建'),('sys_search_column_edit','sys_search','搜索列-编辑','搜索列-编辑'),('sys_search_column_remove','sys_search','搜索列-删除','搜索列-删除'),('sys_search_define_add','sys_search','搜索定义-新建','搜索定义-新建'),('sys_search_define_edit','sys_search','搜索定义-编辑','搜索定义-编辑'),('sys_search_define_remove','sys_search','搜索定义-删除','搜索定义-删除'),('sys_user_add','sys_user','新建','新建'),('sys_user_assignRole','sys_user','分配角色','分配角色'),('sys_user_edit','sys_user','编辑','编辑'),('sys_user_setUserStatus','sys_user','状态','状态'),('tnt_authentication','tnt_authentication','身份认证','身份认证'),('tnt_tenant_authentication','tnt_tenant','身份认证','身份认证'),('tnt_tenant_status','tnt_tenant','修改租户状态','修改租户状态');

/*Table structure for table `sys_parameter_config` */

CREATE TABLE `sys_parameter_config` (
  `parameter_code` varchar(50) NOT NULL COMMENT '参数编码',
  `parameter_value` varchar(1000) NOT NULL COMMENT '参数值',
  PRIMARY KEY (`parameter_code`)
) ENGINE=InnoDB DEFAULT CHARSET=utf8 COMMENT='系统参数配置';

/*Data for the table `sys_parameter_config` */

insert  into `sys_parameter_config`(`parameter_code`,`parameter_value`) values ('image_application_url','http://localhost:8080/TSPIMG');

/*Table structure for table `sys_parameter_define` */

CREATE TABLE `sys_parameter_define` (
  `parameter_code` varchar(50) NOT NULL COMMENT '参数编码',
  `parameter_name` varchar(100) NOT NULL COMMENT '参数名称',
  `parameter_type` varchar(50) NOT NULL COMMENT '参数类型',
  `element_type` varchar(50) NOT NULL COMMENT '元素类型',
  `ddt_code` varchar(50) DEFAULT NULL COMMENT '数据字典类型编码',
  `lov_code` varchar(50) DEFAULT NULL COMMENT '值列表编码',
  `ds_code` varchar(50) DEFAULT NULL COMMENT '数据结构编码',
  `display_order` int(11) NOT NULL COMMENT '显示顺序',
  `description` varchar(100) DEFAULT NULL COMMENT '说明',
  PRIMARY KEY (`parameter_code`),
  KEY `SYS_PARAMETER_DEFINE_N1` (`parameter_type`)
) ENGINE=InnoDB DEFAULT CHARSET=utf8 COMMENT='系统参数定义';

/*Data for the table `sys_parameter_define` */

insert  into `sys_parameter_define`(`parameter_code`,`parameter_name`,`parameter_type`,`element_type`,`ddt_code`,`lov_code`,`ds_code`,`display_order`,`description`) values ('image_application_url','图片应用URL','system_setup','text','','','',10,'');

/*Table structure for table `sys_parameter_type` */

CREATE TABLE `sys_parameter_type` (
  `type_code` varchar(50) NOT NULL COMMENT '参数类型编码',
  `type_name` varchar(100) NOT NULL COMMENT '参数类型名称',
  `display_order` int(11) NOT NULL COMMENT '显示顺序',
  `description` varchar(200) DEFAULT NULL COMMENT '说明',
  PRIMARY KEY (`type_code`)
) ENGINE=InnoDB DEFAULT CHARSET=utf8 COMMENT='系统参数类型';

/*Data for the table `sys_parameter_type` */

insert  into `sys_parameter_type`(`type_code`,`type_name`,`display_order`,`description`) values ('system_setup','系统设置',10,'系统设置');

/*Table structure for table `sys_role` */

CREATE TABLE `sys_role` (
  `role_id` varchar(32) NOT NULL COMMENT '角色ID',
  `role_name` varchar(50) NOT NULL COMMENT '角色名称',
  `description` varchar(100) DEFAULT NULL COMMENT '说明',
  PRIMARY KEY (`role_id`),
  UNIQUE KEY `SYS_ROLE_U1` (`role_name`)
) ENGINE=InnoDB DEFAULT CHARSET=utf8 COMMENT='角色表';

/*Data for the table `sys_role` */

insert  into `sys_role`(`role_id`,`role_name`,`description`) values ('2c08a801b74640d9a98a125dbb973410','超级管理员','超级管理员'),('34d68f3512ba4768ba3214e7736bb225','系统管理员','系统管理员'),('c92ac60341854f39878629d8294b23a5','应用开发员','应用开发员'),('da00bb7200f44018aa34ef94333235f2','TimeSharePlatform','时间分享平台');

/*Table structure for table `sys_role_resource` */

CREATE TABLE `sys_role_resource` (
  `role_id` varchar(32) NOT NULL COMMENT '角色ID',
  `resource_id` varchar(50) NOT NULL COMMENT '资源ID',
  `resource_type` varchar(50) NOT NULL COMMENT '资源类型',
  PRIMARY KEY (`role_id`,`resource_id`,`resource_type`)
) ENGINE=InnoDB DEFAULT CHARSET=utf8 COMMENT='角色菜单关系表';

/*Data for the table `sys_role_resource` */

insert  into `sys_role_resource`(`role_id`,`resource_id`,`resource_type`) values ('2c08a801b74640d9a98a125dbb973410','4a55b2f373364910bdff5f4f01ec213a','operating_entity'),('2c08a801b74640d9a98a125dbb973410','M01','menu'),('2c08a801b74640d9a98a125dbb973410','M0101','menu'),('2c08a801b74640d9a98a125dbb973410','M010101','menu'),('2c08a801b74640d9a98a125dbb973410','M010102','menu'),('2c08a801b74640d9a98a125dbb973410','M0102','menu'),('2c08a801b74640d9a98a125dbb973410','M0103','menu'),('2c08a801b74640d9a98a125dbb973410','M0104','menu'),('2c08a801b74640d9a98a125dbb973410','M0106','menu'),('2c08a801b74640d9a98a125dbb973410','M0107','menu'),('2c08a801b74640d9a98a125dbb973410','M0108','menu'),('2c08a801b74640d9a98a125dbb973410','M0109','menu'),('2c08a801b74640d9a98a125dbb973410','M0110','menu'),('2c08a801b74640d9a98a125dbb973410','M02','menu'),('2c08a801b74640d9a98a125dbb973410','M0201','menu'),('2c08a801b74640d9a98a125dbb973410','M03','menu'),('2c08a801b74640d9a98a125dbb973410','M0301','menu'),('2c08a801b74640d9a98a125dbb973410','M030101','menu'),('2c08a801b74640d9a98a125dbb973410','M030102','menu'),('2c08a801b74640d9a98a125dbb973410','M0302','menu'),('2c08a801b74640d9a98a125dbb973410','M04','menu'),('2c08a801b74640d9a98a125dbb973410','M0401','menu'),('2c08a801b74640d9a98a125dbb973410','M0402','menu'),('2c08a801b74640d9a98a125dbb973410','mbr_member_auth_add','operation'),('2c08a801b74640d9a98a125dbb973410','mbr_member_auth_edit','operation'),('2c08a801b74640d9a98a125dbb973410','mbr_member_auth_remove','operation'),('2c08a801b74640d9a98a125dbb973410','mbr_member_service_add','operation'),('2c08a801b74640d9a98a125dbb973410','mbr_member_service_edit','operation'),('2c08a801b74640d9a98a125dbb973410','mbr_member_service_remove','operation'),('2c08a801b74640d9a98a125dbb973410','menu_resource','menu_struct'),('2c08a801b74640d9a98a125dbb973410','oe_operating_entity_add','operation'),('2c08a801b74640d9a98a125dbb973410','oe_operating_entity_edit','operation'),('2c08a801b74640d9a98a125dbb973410','oe_operating_entity_setStatus','operation'),('2c08a801b74640d9a98a125dbb973410','oe_operating_entity_setWeChatPublic','operation'),('2c08a801b74640d9a98a125dbb973410','sys_data_dict_item_add','operation'),('2c08a801b74640d9a98a125dbb973410','sys_data_dict_item_attribute','operation'),('2c08a801b74640d9a98a125dbb973410','sys_data_dict_item_edit','operation'),('2c08a801b74640d9a98a125dbb973410','sys_data_dict_item_remove','operation'),('2c08a801b74640d9a98a125dbb973410','sys_data_dict_type_add','operation'),('2c08a801b74640d9a98a125dbb973410','sys_data_dict_type_attribute','operation'),('2c08a801b74640d9a98a125dbb973410','sys_data_dict_type_edit','operation'),('2c08a801b74640d9a98a125dbb973410','sys_data_dict_type_remove','operation'),('2c08a801b74640d9a98a125dbb973410','sys_data_struct_add','operation'),('2c08a801b74640d9a98a125dbb973410','sys_data_struct_attribute','operation'),('2c08a801b74640d9a98a125dbb973410','sys_data_struct_edit','operation'),('2c08a801b74640d9a98a125dbb973410','sys_data_struct_node_add','operation'),('2c08a801b74640d9a98a125dbb973410','sys_data_struct_node_attribute','operation'),('2c08a801b74640d9a98a125dbb973410','sys_data_struct_node_edit','operation'),('2c08a801b74640d9a98a125dbb973410','sys_data_struct_node_remove','operation'),('2c08a801b74640d9a98a125dbb973410','sys_data_struct_remove','operation'),('2c08a801b74640d9a98a125dbb973410','sys_function_add','operation'),('2c08a801b74640d9a98a125dbb973410','sys_function_edit','operation'),('2c08a801b74640d9a98a125dbb973410','sys_function_remove','operation'),('2c08a801b74640d9a98a125dbb973410','sys_lov_add','operation'),('2c08a801b74640d9a98a125dbb973410','sys_lov_edit','operation'),('2c08a801b74640d9a98a125dbb973410','sys_operation_add','operation'),('2c08a801b74640d9a98a125dbb973410','sys_operation_edit','operation'),('2c08a801b74640d9a98a125dbb973410','sys_operation_remove','operation'),('2c08a801b74640d9a98a125dbb973410','sys_parameter_define_add','operation'),('2c08a801b74640d9a98a125dbb973410','sys_parameter_define_edit','operation'),('2c08a801b74640d9a98a125dbb973410','sys_parameter_define_remove','operation'),('2c08a801b74640d9a98a125dbb973410','sys_parameter_type_add','operation'),('2c08a801b74640d9a98a125dbb973410','sys_parameter_type_edit','operation'),('2c08a801b74640d9a98a125dbb973410','sys_parameter_type_remove','operation'),('2c08a801b74640d9a98a125dbb973410','sys_role_add','operation'),('2c08a801b74640d9a98a125dbb973410','sys_role_config','operation'),('2c08a801b74640d9a98a125dbb973410','sys_role_edit','operation'),('2c08a801b74640d9a98a125dbb973410','sys_search_column_add','operation'),('2c08a801b74640d9a98a125dbb973410','sys_search_column_edit','operation'),('2c08a801b74640d9a98a125dbb973410','sys_search_column_remove','operation'),('2c08a801b74640d9a98a125dbb973410','sys_search_define_add','operation'),('2c08a801b74640d9a98a125dbb973410','sys_search_define_edit','operation'),('2c08a801b74640d9a98a125dbb973410','sys_search_define_remove','operation'),('2c08a801b74640d9a98a125dbb973410','sys_user_add','operation'),('2c08a801b74640d9a98a125dbb973410','sys_user_assignRole','operation'),('2c08a801b74640d9a98a125dbb973410','sys_user_edit','operation'),('2c08a801b74640d9a98a125dbb973410','sys_user_setUserStatus','operation'),('2c08a801b74640d9a98a125dbb973410','tnt_authentication','operation'),('2c08a801b74640d9a98a125dbb973410','tnt_tenant_authentication','operation'),('2c08a801b74640d9a98a125dbb973410','tnt_tenant_status','operation'),('34d68f3512ba4768ba3214e7736bb225','4a55b2f373364910bdff5f4f01ec213a','operating_entity'),('34d68f3512ba4768ba3214e7736bb225','M01','menu'),('34d68f3512ba4768ba3214e7736bb225','M0101','menu'),('34d68f3512ba4768ba3214e7736bb225','M010102','menu'),('34d68f3512ba4768ba3214e7736bb225','M0102','menu'),('34d68f3512ba4768ba3214e7736bb225','M0103','menu'),('34d68f3512ba4768ba3214e7736bb225','M0106','menu'),('34d68f3512ba4768ba3214e7736bb225','M0108','menu'),('34d68f3512ba4768ba3214e7736bb225','M0109','menu'),('34d68f3512ba4768ba3214e7736bb225','M0110','menu'),('34d68f3512ba4768ba3214e7736bb225','menu_resource','menu_struct'),('34d68f3512ba4768ba3214e7736bb225','sys_data_dict_item_add','operation'),('34d68f3512ba4768ba3214e7736bb225','sys_data_dict_item_attribute','operation'),('34d68f3512ba4768ba3214e7736bb225','sys_data_dict_item_edit','operation'),('34d68f3512ba4768ba3214e7736bb225','sys_data_dict_type_add','operation'),('34d68f3512ba4768ba3214e7736bb225','sys_data_dict_type_attribute','operation'),('34d68f3512ba4768ba3214e7736bb225','sys_data_dict_type_edit','operation'),('34d68f3512ba4768ba3214e7736bb225','sys_data_struct_add','operation'),('34d68f3512ba4768ba3214e7736bb225','sys_data_struct_attribute','operation'),('34d68f3512ba4768ba3214e7736bb225','sys_data_struct_edit','operation'),('34d68f3512ba4768ba3214e7736bb225','sys_data_struct_node_add','operation'),('34d68f3512ba4768ba3214e7736bb225','sys_data_struct_node_attribute','operation'),('34d68f3512ba4768ba3214e7736bb225','sys_data_struct_node_edit','operation'),('34d68f3512ba4768ba3214e7736bb225','sys_role_add','operation'),('34d68f3512ba4768ba3214e7736bb225','sys_role_config','operation'),('34d68f3512ba4768ba3214e7736bb225','sys_role_edit','operation'),('34d68f3512ba4768ba3214e7736bb225','sys_search_column_add','operation'),('34d68f3512ba4768ba3214e7736bb225','sys_search_column_edit','operation'),('34d68f3512ba4768ba3214e7736bb225','sys_search_column_remove','operation'),('34d68f3512ba4768ba3214e7736bb225','sys_search_define_add','operation'),('34d68f3512ba4768ba3214e7736bb225','sys_search_define_edit','operation'),('34d68f3512ba4768ba3214e7736bb225','sys_search_define_remove','operation'),('34d68f3512ba4768ba3214e7736bb225','sys_user_add','operation'),('34d68f3512ba4768ba3214e7736bb225','sys_user_assignRole','operation'),('34d68f3512ba4768ba3214e7736bb225','sys_user_edit','operation'),('34d68f3512ba4768ba3214e7736bb225','sys_user_setUserStatus','operation'),('c92ac60341854f39878629d8294b23a5','M01','menu'),('c92ac60341854f39878629d8294b23a5','M0101','menu'),('c92ac60341854f39878629d8294b23a5','M010101','menu'),('c92ac60341854f39878629d8294b23a5','M010102','menu'),('c92ac60341854f39878629d8294b23a5','M0102','menu'),('c92ac60341854f39878629d8294b23a5','M0103','menu'),('c92ac60341854f39878629d8294b23a5','M0104','menu'),('c92ac60341854f39878629d8294b23a5','M0106','menu'),('c92ac60341854f39878629d8294b23a5','M0107','menu'),('c92ac60341854f39878629d8294b23a5','M0108','menu'),('c92ac60341854f39878629d8294b23a5','M0109','menu'),('c92ac60341854f39878629d8294b23a5','M0110','menu'),('c92ac60341854f39878629d8294b23a5','menu_resource','menu_struct'),('c92ac60341854f39878629d8294b23a5','sys_data_dict_item_add','operation'),('c92ac60341854f39878629d8294b23a5','sys_data_dict_item_attribute','operation'),('c92ac60341854f39878629d8294b23a5','sys_data_dict_item_edit','operation'),('c92ac60341854f39878629d8294b23a5','sys_data_dict_item_remove','operation'),('c92ac60341854f39878629d8294b23a5','sys_data_dict_type_add','operation'),('c92ac60341854f39878629d8294b23a5','sys_data_dict_type_attribute','operation'),('c92ac60341854f39878629d8294b23a5','sys_data_dict_type_edit','operation'),('c92ac60341854f39878629d8294b23a5','sys_data_dict_type_remove','operation'),('c92ac60341854f39878629d8294b23a5','sys_data_struct_add','operation'),('c92ac60341854f39878629d8294b23a5','sys_data_struct_attribute','operation'),('c92ac60341854f39878629d8294b23a5','sys_data_struct_edit','operation'),('c92ac60341854f39878629d8294b23a5','sys_data_struct_node_add','operation'),('c92ac60341854f39878629d8294b23a5','sys_data_struct_node_attribute','operation'),('c92ac60341854f39878629d8294b23a5','sys_data_struct_node_edit','operation'),('c92ac60341854f39878629d8294b23a5','sys_data_struct_node_remove','operation'),('c92ac60341854f39878629d8294b23a5','sys_data_struct_remove','operation'),('c92ac60341854f39878629d8294b23a5','sys_function_add','operation'),('c92ac60341854f39878629d8294b23a5','sys_function_edit','operation'),('c92ac60341854f39878629d8294b23a5','sys_function_remove','operation'),('c92ac60341854f39878629d8294b23a5','sys_lov_add','operation'),('c92ac60341854f39878629d8294b23a5','sys_lov_edit','operation'),('c92ac60341854f39878629d8294b23a5','sys_operation_add','operation'),('c92ac60341854f39878629d8294b23a5','sys_operation_edit','operation'),('c92ac60341854f39878629d8294b23a5','sys_operation_remove','operation'),('c92ac60341854f39878629d8294b23a5','sys_parameter_define_add','operation'),('c92ac60341854f39878629d8294b23a5','sys_parameter_define_edit','operation'),('c92ac60341854f39878629d8294b23a5','sys_parameter_define_remove','operation'),('c92ac60341854f39878629d8294b23a5','sys_parameter_type_add','operation'),('c92ac60341854f39878629d8294b23a5','sys_parameter_type_edit','operation'),('c92ac60341854f39878629d8294b23a5','sys_parameter_type_remove','operation'),('c92ac60341854f39878629d8294b23a5','sys_role_add','operation'),('c92ac60341854f39878629d8294b23a5','sys_role_config','operation'),('c92ac60341854f39878629d8294b23a5','sys_role_edit','operation'),('c92ac60341854f39878629d8294b23a5','sys_search_column_add','operation'),('c92ac60341854f39878629d8294b23a5','sys_search_column_edit','operation'),('c92ac60341854f39878629d8294b23a5','sys_search_column_remove','operation'),('c92ac60341854f39878629d8294b23a5','sys_search_define_add','operation'),('c92ac60341854f39878629d8294b23a5','sys_search_define_edit','operation'),('c92ac60341854f39878629d8294b23a5','sys_search_define_remove','operation'),('c92ac60341854f39878629d8294b23a5','sys_user_add','operation'),('c92ac60341854f39878629d8294b23a5','sys_user_assignRole','operation'),('c92ac60341854f39878629d8294b23a5','sys_user_edit','operation'),('c92ac60341854f39878629d8294b23a5','sys_user_setUserStatus','operation'),('da00bb7200f44018aa34ef94333235f2','4a55b2f373364910bdff5f4f01ec213a','operating_entity'),('da00bb7200f44018aa34ef94333235f2','M02','menu'),('da00bb7200f44018aa34ef94333235f2','M0201','menu'),('da00bb7200f44018aa34ef94333235f2','M03','menu'),('da00bb7200f44018aa34ef94333235f2','M0301','menu'),('da00bb7200f44018aa34ef94333235f2','M0302','menu'),('da00bb7200f44018aa34ef94333235f2','menu_resource','menu_struct'),('da00bb7200f44018aa34ef94333235f2','oe_operating_entity_add','operation'),('da00bb7200f44018aa34ef94333235f2','oe_operating_entity_edit','operation'),('da00bb7200f44018aa34ef94333235f2','oe_operating_entity_setStatus','operation'),('da00bb7200f44018aa34ef94333235f2','oe_operating_entity_setWeChatPublic','operation');

/*Table structure for table `sys_search_column` */

CREATE TABLE `sys_search_column` (
  `column_code` varchar(50) NOT NULL COMMENT '列编码',
  `search_code` varchar(50) NOT NULL COMMENT '搜索编码',
  `column_name` varchar(100) NOT NULL COMMENT '列名称',
  `column_sql` varchar(100) NOT NULL COMMENT '列SQL',
  `operation_symbol` varchar(50) NOT NULL COMMENT '操作符',
  `element_type` varchar(50) NOT NULL COMMENT '元素类型',
  `ddt_code` varchar(50) DEFAULT NULL COMMENT '数据字典类型编码',
  `lov_code` varchar(50) DEFAULT NULL COMMENT '值列表编码',
  `ds_code` varchar(50) DEFAULT NULL COMMENT '数据结构编码',
  `display_order` int(11) NOT NULL COMMENT '显示顺序',
  `description` varchar(100) DEFAULT NULL COMMENT '说明',
  PRIMARY KEY (`column_code`,`search_code`)
) ENGINE=InnoDB DEFAULT CHARSET=utf8 COMMENT='高级搜索列';

/*Data for the table `sys_search_column` */

insert  into `sys_search_column`(`column_code`,`search_code`,`column_name`,`column_sql`,`operation_symbol`,`element_type`,`ddt_code`,`lov_code`,`ds_code`,`display_order`,`description`) values ('authentication_status','TenantMgr','认证状态','tt.authentication_status','equal','select','authentication_status','','',100,''),('entity_id','MemberMgr','运营实体','ooe.entity_id','equal','lov','','lov_operating_entity','',10,''),('entity_id','TenantMgr','运营实体','tt.entity_id','equal','lov','','lov_operating_entity','',10,''),('log_content','LogMgr','日志内容','sl.log_content','include','text','','','',50,'日志内容'),('log_end_time','LogMgr','结束时间','sl.log_time','less_equal','datetime','','','',20,'结束时间'),('log_source','LogMgr','日志来源','sl.log_source','equal','select','log_source','','',30,'日志来源'),('log_start_time','LogMgr','开始时间','sl.log_time','greater_equal','datetime','','','',10,'开始时间'),('log_type','LogMgr','日志类型','sl.log_type','equal','select','log_type','','',40,'日志类型'),('member_type','MemberMgr','会员类型','mm.member_type','equal','select','member_type','','',20,''),('nickname','TenantMgr','昵称','tt.nickname','include','text','','','',30,''),('register_date_from','TenantMgr','注册日期始','tt.register_date','greater_equal','date','','','',70,''),('register_date_to','TenantMgr','注册日期止','tt.register_date','less_equal','date','','','',80,''),('register_time_end','MemberMgr','注册日期止','mm.register_time','less_equal','date','','','',40,''),('register_time_start','MemberMgr','注册日期始','mm.register_time','greater_equal','date','','','',30,''),('sex','TenantMgr','性别','tt.sex','equal','select','sex','','',60,''),('status','TenantMgr','状态','tt.status','equal','select','tenant_status','','',90,''),('telephone','TenantMgr','手机','tt.telephone','include','text','','','',40,''),('username','LogMgr','操作员','sl.username','include','text','','','',60,'操作员'),('username','MemberMgr','租户','tt.username','include','text','','','',50,''),('username','TenantMgr','用户名','tt.username','include','text','','','',20,''),('weixin','TenantMgr','微信号','tt.weixin','include','text','','','',50,'');

/*Table structure for table `sys_search_define` */

CREATE TABLE `sys_search_define` (
  `search_code` varchar(50) NOT NULL COMMENT '搜索编码',
  `search_name` varchar(100) NOT NULL COMMENT '搜索名称',
  `description` varchar(200) DEFAULT NULL COMMENT '说明',
  PRIMARY KEY (`search_code`)
) ENGINE=InnoDB DEFAULT CHARSET=utf8 COMMENT='高级搜索定义表';

/*Data for the table `sys_search_define` */

insert  into `sys_search_define`(`search_code`,`search_name`,`description`) values ('LogMgr','日志管理','日志管理'),('MemberMgr','会员管理','会员管理'),('TenantMgr','租户管理','租户管理');

/*Table structure for table `sys_user` */

CREATE TABLE `sys_user` (
  `user_id` varchar(32) NOT NULL COMMENT '用户ID',
  `username` varchar(30) NOT NULL COMMENT '账号',
  `password` varchar(100) NOT NULL COMMENT '密码',
  `lastname` varchar(50) NOT NULL COMMENT '姓名',
  `email` varchar(50) DEFAULT NULL COMMENT '邮箱',
  `mobilephone` varchar(20) DEFAULT NULL COMMENT '手机',
  `description` varchar(100) DEFAULT NULL COMMENT '说明',
  `skin` varchar(50) NOT NULL COMMENT '皮肤',
  `user_type` varchar(50) NOT NULL COMMENT '用户类型[platform:平台;OperatingEntity:运营实体]',
  `user_status` varchar(50) NOT NULL COMMENT '用户状态[valid:有效;unvalid:无效]',
  `start_date` date NOT NULL COMMENT '有效日期始',
  `end_date` date DEFAULT NULL COMMENT '有效日期止',
  `password_change_date` datetime DEFAULT NULL COMMENT '密码修改时间',
  `default_role_id` varchar(32) DEFAULT NULL COMMENT '默认角色',
  `create_date` datetime NOT NULL COMMENT '创建日期',
  `last_update_date` datetime NOT NULL COMMENT '最后更新日期',
  `attribute1` varchar(100) DEFAULT NULL,
  `attribute2` varchar(100) DEFAULT NULL,
  `attribute3` varchar(100) DEFAULT NULL,
  `attribute4` varchar(100) DEFAULT NULL,
  `attribute5` varchar(100) DEFAULT NULL,
  `attribute6` varchar(100) DEFAULT NULL,
  `attribute7` varchar(100) DEFAULT NULL,
  `attribute8` varchar(100) DEFAULT NULL,
  `attribute9` varchar(100) DEFAULT NULL,
  `attribute10` varchar(100) DEFAULT NULL,
  PRIMARY KEY (`user_id`),
  UNIQUE KEY `SYS_USER_U1` (`username`),
  KEY `SYS_USER_N1` (`user_status`),
  KEY `SYS_USER_N2` (`start_date`),
  KEY `SYS_USER_N3` (`end_date`),
  KEY `SYS_USER_N4` (`username`)
) ENGINE=InnoDB DEFAULT CHARSET=utf8 COMMENT='用户';

/*Data for the table `sys_user` */

insert  into `sys_user`(`user_id`,`username`,`password`,`lastname`,`email`,`mobilephone`,`description`,`skin`,`user_type`,`user_status`,`start_date`,`end_date`,`password_change_date`,`default_role_id`,`create_date`,`last_update_date`,`attribute1`,`attribute2`,`attribute3`,`attribute4`,`attribute5`,`attribute6`,`attribute7`,`attribute8`,`attribute9`,`attribute10`) values ('2282a5af0e1f403297948eca95877a03','aizheng','B0710255E8B92F1B1B9121C4214F841D','艾铮','aisunny1986@163.com','15853257351','艾铮','blue','OperatingEntity','valid','2017-03-06',NULL,'2017-03-05 23:18:42','2c08a801b74640d9a98a125dbb973410','2017-03-05 23:15:52','2017-05-19 14:35:10','','','','','','','','','',''),('5fc510bef2a0403a9a3e3e19135be719','sysadmin','48A365B4CE1E322A55AE9017F3DAF0C0','系统管理员','','','系统管理员','blue','platform','valid','2017-03-05',NULL,'2017-03-05 23:06:56',NULL,'2017-03-05 23:06:56','2017-03-07 00:15:17','','','','','','','','','',''),('e5e4304930604842972041473f1e1643','superadmin','17C4520F6CFD1AB53D8745E84681EB49','超级管理员','','','超级管理员','blue','platform','valid','2017-03-05',NULL,'2017-03-05 23:03:45','2c08a801b74640d9a98a125dbb973410','2017-03-05 23:03:45','2017-03-18 23:55:47','','','','','','','','','','');

/*Table structure for table `sys_user_role` */

CREATE TABLE `sys_user_role` (
  `user_id` varchar(32) NOT NULL COMMENT '用户ID',
  `role_id` varchar(32) NOT NULL COMMENT '角色ID',
  PRIMARY KEY (`user_id`,`role_id`)
) ENGINE=InnoDB DEFAULT CHARSET=utf8 COMMENT='用户角色';

/*Data for the table `sys_user_role` */

insert  into `sys_user_role`(`user_id`,`role_id`) values ('2282a5af0e1f403297948eca95877a03','2c08a801b74640d9a98a125dbb973410'),('2282a5af0e1f403297948eca95877a03','34d68f3512ba4768ba3214e7736bb225'),('2282a5af0e1f403297948eca95877a03','c92ac60341854f39878629d8294b23a5'),('2282a5af0e1f403297948eca95877a03','da00bb7200f44018aa34ef94333235f2'),('5fc510bef2a0403a9a3e3e19135be719','34d68f3512ba4768ba3214e7736bb225'),('e5e4304930604842972041473f1e1643','2c08a801b74640d9a98a125dbb973410');

/*Table structure for table `tenant_account` */

CREATE TABLE `tenant_account` (
  `account_id` varchar(32) NOT NULL COMMENT '账户ID',
  `tenant_id` varchar(32) NOT NULL COMMENT '租户ID',
  `account_balance` double NOT NULL COMMENT '账户余额',
  `pay_password` varchar(200) DEFAULT NULL COMMENT '支付密码',
  `wx_pay_account` varchar(100) DEFAULT NULL COMMENT '微信支付账户',
  `ali_pay_account` varchar(100) DEFAULT NULL COMMENT '支付宝支付账户',
  `creation_date` date NOT NULL COMMENT '创建日期',
  `last_update_date` date NOT NULL COMMENT '最后更新日期',
  `attribute1` varchar(500) DEFAULT NULL,
  `attribute2` varchar(500) DEFAULT NULL,
  `attribute3` varchar(500) DEFAULT NULL,
  `attribute4` varchar(500) DEFAULT NULL,
  `attribute5` varchar(500) DEFAULT NULL,
  `attribute6` varchar(500) DEFAULT NULL,
  `attribute7` varchar(500) DEFAULT NULL,
  `attribute8` varchar(500) DEFAULT NULL,
  `attribute9` varchar(500) DEFAULT NULL,
  `attribute10` varchar(500) DEFAULT NULL,
  PRIMARY KEY (`account_id`)
) ENGINE=InnoDB DEFAULT CHARSET=utf8 COMMENT='租户账户表';

/*Data for the table `tenant_account` */

/*Table structure for table `tenant_account_detail` */

CREATE TABLE `tenant_account_detail` (
  `trade_id` int(11) NOT NULL COMMENT '交易ID',
  `account_id` varchar(32) NOT NULL COMMENT '账户ID',
  `trade_type` varchar(30) NOT NULL COMMENT '交易类型[recharge:充值;payment:支付;income:收入;withdraw:提现;MembershipFees:会员费]',
  `trade_amount` double NOT NULL COMMENT '交易金额',
  `trade_time` datetime NOT NULL COMMENT '交易时间',
  `trade_content` varchar(500) NOT NULL COMMENT '交易内容',
  PRIMARY KEY (`trade_id`),
  KEY `tenant_account_detail_n1` (`account_id`),
  KEY `tenant_account_detail_n2` (`trade_type`),
  KEY `tenant_account_detail_n3` (`trade_time`)
) ENGINE=InnoDB DEFAULT CHARSET=utf8 COMMENT='租户账户交易明细表';

/*Data for the table `tenant_account_detail` */

/*Table structure for table `tenant_action` */

CREATE TABLE `tenant_action` (
  `action_id` int(11) NOT NULL COMMENT '动作ID',
  `action_type` varchar(50) NOT NULL COMMENT '动作类型[attention:关注;block:拉黑;report:举报]',
  `action_content` varchar(200) NOT NULL COMMENT '动作内容',
  `source_tenant_id` varchar(32) NOT NULL COMMENT '源租户ID',
  `target_tenant_id` varchar(32) NOT NULL COMMENT '目标租户ID',
  `execute_time` datetime NOT NULL COMMENT '执行时间',
  `attribute1` varchar(500) DEFAULT NULL,
  `attribute2` varchar(500) DEFAULT NULL,
  `attribute3` varchar(500) DEFAULT NULL,
  `attribute4` varchar(500) DEFAULT NULL,
  `attribute5` varchar(500) DEFAULT NULL,
  `attribute6` varchar(500) DEFAULT NULL,
  `attribute7` varchar(500) DEFAULT NULL,
  `attribute8` varchar(500) DEFAULT NULL,
  `attribute9` varchar(500) DEFAULT NULL,
  `attribute10` varchar(500) DEFAULT NULL,
  PRIMARY KEY (`action_id`),
  KEY `tenant_action_n1` (`action_type`),
  KEY `tenant_action_n2` (`source_tenant_id`)
) ENGINE=InnoDB DEFAULT CHARSET=utf8 COMMENT='租户动作表';

/*Data for the table `tenant_action` */

/*Table structure for table `tenant_location` */

CREATE TABLE `tenant_location` (
  `tenant_id` varchar(32) NOT NULL COMMENT '租户ID',
  `longitude` double NOT NULL COMMENT '经度',
  `latitude` double NOT NULL COMMENT '纬度',
  `province` varchar(50) DEFAULT NULL COMMENT '省',
  `city` varchar(50) DEFAULT NULL COMMENT '市',
  `county` varchar(50) DEFAULT NULL COMMENT '县',
  `location` varchar(100) NOT NULL COMMENT '地理位置',
  `creation_date` datetime NOT NULL COMMENT '创建日期',
  `last_update_date` datetime NOT NULL COMMENT '最后更新日期',
  `attribute1` varchar(500) DEFAULT NULL,
  `attribute2` varchar(500) DEFAULT NULL,
  `attribute3` varchar(500) DEFAULT NULL,
  `attribute4` varchar(500) DEFAULT NULL,
  `attribute5` varchar(500) DEFAULT NULL,
  `attribute6` varchar(500) DEFAULT NULL,
  `attribute7` varchar(500) DEFAULT NULL,
  `attribute8` varchar(500) DEFAULT NULL,
  `attribute9` varchar(500) DEFAULT NULL,
  `attribute10` varchar(500) DEFAULT NULL,
  PRIMARY KEY (`tenant_id`),
  KEY `tenant_location_n1` (`longitude`,`latitude`),
  KEY `tenant_location_n2` (`location`)
) ENGINE=InnoDB DEFAULT CHARSET=utf8 COMMENT='租户地理位置表';

/*Data for the table `tenant_location` */

/*Table structure for table `tenant_order` */

CREATE TABLE `tenant_order` (
  `order_id` int(11) NOT NULL COMMENT '订单ID',
  `order_number` varchar(50) NOT NULL COMMENT '订单编号',
  `order_date` datetime NOT NULL COMMENT '订单日期',
  `order_status` varchar(50) NOT NULL COMMENT '订单状态[待确认;已确认;已支付;已完成]',
  `from_tenant_id` varchar(32) NOT NULL COMMENT '发起订单租户ID',
  `to_tenant_id` varchar(32) NOT NULL COMMENT '接受订单租户ID',
  `service_id` varchar(32) NOT NULL COMMENT '服务ID',
  `unit_price` double NOT NULL COMMENT '单价',
  `time_duration` int(11) NOT NULL COMMENT '时长',
  `actual_amount` double NOT NULL COMMENT '实际金额',
  `appointment_time` datetime DEFAULT NULL COMMENT '预约时间',
  `appointment_location` varchar(100) DEFAULT NULL COMMENT '预约地点',
  `remark` varchar(100) DEFAULT NULL COMMENT '备注',
  `creation_date` datetime NOT NULL COMMENT '创建日期',
  `created_by` varchar(32) NOT NULL COMMENT '创建人',
  `last_update_date` datetime NOT NULL COMMENT '最后更新日期',
  `last_updated_by` varchar(32) NOT NULL COMMENT '最后更新人',
  `attribute1` varchar(500) DEFAULT NULL,
  `attribute2` varchar(500) DEFAULT NULL,
  `attribute3` varchar(500) DEFAULT NULL,
  `attribute4` varchar(500) DEFAULT NULL,
  `attribute5` varchar(500) DEFAULT NULL,
  `attribute6` varchar(500) DEFAULT NULL,
  `attribute7` varchar(500) DEFAULT NULL,
  `attribute8` varchar(500) DEFAULT NULL,
  `attribute9` varchar(500) DEFAULT NULL,
  `attribute10` varchar(500) DEFAULT NULL,
  PRIMARY KEY (`order_id`),
  KEY `tenant_order_n1` (`order_number`),
  KEY `tenant_order_n2` (`order_date`),
  KEY `tenant_order_n3` (`order_status`),
  KEY `tenant_order_n4` (`from_tenant_id`),
  KEY `tenant_order_n5` (`to_tenant_id`)
) ENGINE=InnoDB DEFAULT CHARSET=utf8 COMMENT='租户订单表';

/*Data for the table `tenant_order` */

/*Table structure for table `tnt_authentication` */

CREATE TABLE `tnt_authentication` (
  `tenant_id` varchar(32) NOT NULL COMMENT '租户ID',
  `real_name` varchar(20) NOT NULL COMMENT '真实姓名',
  `id_card_no` varchar(18) NOT NULL COMMENT '身份证号',
  `id_card_img_front` varchar(500) NOT NULL COMMENT '身份证正面图片',
  `id_card_img_back` varchar(500) NOT NULL COMMENT '身份证反面图片',
  `submit_time` datetime NOT NULL COMMENT '提交时间',
  `audit_time` datetime DEFAULT NULL COMMENT '审核时间',
  `audit_opinion` varchar(100) DEFAULT NULL COMMENT '审核意见',
  `audited_by` varchar(32) DEFAULT NULL COMMENT '审核人',
  `authentication_status` varchar(50) NOT NULL COMMENT '认证状态[unautherized:未认证;authenticating:认证中;authenticated_pass:认证通过;authenticated_nopass:认证不通过]',
  `attribute1` varchar(500) DEFAULT NULL,
  `attribute2` varchar(500) DEFAULT NULL,
  `attribute3` varchar(500) DEFAULT NULL,
  `attribute4` varchar(500) DEFAULT NULL,
  `attribute5` varchar(500) DEFAULT NULL,
  `attribute6` varchar(500) DEFAULT NULL,
  `attribute7` varchar(500) DEFAULT NULL,
  `attribute8` varchar(500) DEFAULT NULL,
  `attribute9` varchar(500) DEFAULT NULL,
  `attribute10` varchar(500) DEFAULT NULL,
  PRIMARY KEY (`tenant_id`),
  KEY `tnt_authentication_n1` (`authentication_status`)
) ENGINE=InnoDB DEFAULT CHARSET=utf8 COMMENT='租户身份认证';

/*Data for the table `tnt_authentication` */

insert  into `tnt_authentication`(`tenant_id`,`real_name`,`id_card_no`,`id_card_img_front`,`id_card_img_back`,`submit_time`,`audit_time`,`audit_opinion`,`audited_by`,`authentication_status`,`attribute1`,`attribute2`,`attribute3`,`attribute4`,`attribute5`,`attribute6`,`attribute7`,`attribute8`,`attribute9`,`attribute10`) values ('367bd463597b4a2ab23a808088adb750','艾铮','370832198608110019','/img/367bd463597b4a2ab23a808088adb750/id_card_front.png','/img/367bd463597b4a2ab23a808088adb750/id_card_back.png','2017-05-01 17:18:45','2017-05-02 13:27:14','审核通过','2282a5af0e1f403297948eca95877a03','authenticated_pass',NULL,NULL,NULL,NULL,NULL,NULL,NULL,NULL,NULL,NULL);

/*Table structure for table `tnt_tenant` */

CREATE TABLE `tnt_tenant` (
  `tenant_id` varchar(32) NOT NULL COMMENT '租户ID',
  `entity_id` varchar(32) NOT NULL COMMENT '运营实体ID',
  `username` varchar(50) NOT NULL COMMENT '用户名',
  `password` varchar(100) NOT NULL COMMENT '密码',
  `nickname` varchar(50) NOT NULL COMMENT '昵称',
  `telephone` varchar(20) NOT NULL COMMENT '手机',
  `weixin` varchar(50) DEFAULT NULL COMMENT '微信',
  `qq` varchar(20) DEFAULT NULL COMMENT 'QQ',
  `email` varchar(50) DEFAULT NULL COMMENT '邮箱',
  `sex` varchar(50) NOT NULL COMMENT '性别',
  `birthday` date DEFAULT NULL COMMENT '生日',
  `chines_zodiac` varchar(50) DEFAULT NULL COMMENT '生肖',
  `constellation` varchar(50) DEFAULT NULL COMMENT '星座',
  `height` int(11) DEFAULT NULL COMMENT '身高',
  `weight` int(11) DEFAULT NULL COMMENT '体重',
  `jobs` varchar(50) NOT NULL COMMENT '工作',
  `income` varchar(50) DEFAULT NULL COMMENT '收入',
  `head_portrait` varchar(500) DEFAULT NULL COMMENT '头像',
  `self_introduction` varchar(100) DEFAULT NULL COMMENT '自我介绍',
  `register_date` date NOT NULL COMMENT '注册日期',
  `tenant_status` varchar(50) NOT NULL COMMENT '租户状态[valid:有效;invalid:无效]',
  `authentication_status` varchar(50) NOT NULL COMMENT '认证状态[unautherized:未认证;authenticating:认证中;authenticated_pass:认证通过;authenticated_nopass:认证不通过]',
  `attribute1` varchar(500) DEFAULT NULL,
  `attribute2` varchar(500) DEFAULT NULL,
  `attribute3` varchar(500) DEFAULT NULL,
  `attribute4` varchar(500) DEFAULT NULL,
  `attribute5` varchar(500) DEFAULT NULL,
  `attribute6` varchar(500) DEFAULT NULL,
  `attribute7` varchar(500) DEFAULT NULL,
  `attribute8` varchar(500) DEFAULT NULL,
  `attribute9` varchar(500) DEFAULT NULL,
  `attribute10` varchar(500) DEFAULT NULL,
  PRIMARY KEY (`tenant_id`),
  UNIQUE KEY `tnt_tenant_u1` (`username`),
  UNIQUE KEY `tnt_tenant_u2` (`telephone`),
  KEY `tnt_tenant_n1` (`nickname`),
  KEY `tnt_tenant_n2` (`sex`),
  KEY `tnt_tenant_n4` (`jobs`),
  KEY `tnt_tenant_n5` (`entity_id`),
  KEY `tnt_tenant_n6` (`tenant_status`),
  KEY `tnt_tenant_n3` (`birthday`)
) ENGINE=InnoDB DEFAULT CHARSET=utf8 COMMENT='租户';

/*Data for the table `tnt_tenant` */

insert  into `tnt_tenant`(`tenant_id`,`entity_id`,`username`,`password`,`nickname`,`telephone`,`weixin`,`qq`,`email`,`sex`,`birthday`,`chines_zodiac`,`constellation`,`height`,`weight`,`jobs`,`income`,`head_portrait`,`self_introduction`,`register_date`,`tenant_status`,`authentication_status`,`attribute1`,`attribute2`,`attribute3`,`attribute4`,`attribute5`,`attribute6`,`attribute7`,`attribute8`,`attribute9`,`attribute10`) values ('367bd463597b4a2ab23a808088adb750','4a55b2f373364910bdff5f4f01ec213a','zoran.ai','E280B6440983E8EA95251BA2B9BE3970','AI','15853257351','zoran.ai','397629407','397629407@qq.com','male','1986-09-14','tiger','virgo',178,90,'IT','15K/月','/img/367bd463597b4a2ab23a808088adb750/head_portrait.jpg',NULL,'2017-04-30','valid','authenticated_pass',NULL,NULL,NULL,NULL,NULL,NULL,NULL,NULL,NULL,NULL);

/*Table structure for table `ts_service` */

CREATE TABLE `ts_service` (
  `service_id` varchar(32) NOT NULL COMMENT '服务ID',
  `tenant_id` varchar(32) NOT NULL COMMENT '租户ID',
  `privacy_flag` char(1) NOT NULL COMMENT '隐私标识',
  `commit_date` datetime DEFAULT NULL COMMENT '提交日期',
  `audit_date` datetime DEFAULT NULL COMMENT '审核日期',
  `publish_date` datetime DEFAULT NULL COMMENT '发布日期',
  `revocation_date` datetime DEFAULT NULL COMMENT '撤销日期',
  `audited_by` varchar(32) DEFAULT NULL COMMENT '审核人',
  `audit_opinion` varchar(100) DEFAULT NULL COMMENT '审核意见',
  `audit_status` varchar(50) NOT NULL COMMENT '审核状态[unaudited:未审核;audit_pass:审核通过;audit_nopass:审核不通过]',
  `service_status` varchar(50) NOT NULL COMMENT '服务状态[unpublished:未发布;published:已发布;]',
  `create_date` datetime NOT NULL COMMENT '创建日期',
  `last_update_date` datetime NOT NULL COMMENT '最后更新日期',
  `attribute1` varchar(500) DEFAULT NULL,
  `attribute2` varchar(500) DEFAULT NULL,
  `attribute3` varchar(500) DEFAULT NULL,
  `attribute4` varchar(500) DEFAULT NULL,
  `attribute5` varchar(500) DEFAULT NULL,
  `attribute6` varchar(500) DEFAULT NULL,
  `attribute7` varchar(500) DEFAULT NULL,
  `attribute8` varchar(500) DEFAULT NULL,
  `attribute9` varchar(500) DEFAULT NULL,
  `attribute10` varchar(500) DEFAULT NULL,
  PRIMARY KEY (`service_id`),
  KEY `ts_service_n1` (`tenant_id`),
  KEY `ts_service_n2` (`service_status`),
  KEY `ts_service_n3` (`privacy_flag`),
  KEY `ts_service_n4` (`audit_status`),
  KEY `ts_service_n5` (`publish_date`)
) ENGINE=InnoDB DEFAULT CHARSET=utf8 COMMENT='时间服务表';

/*Data for the table `ts_service` */

insert  into `ts_service`(`service_id`,`tenant_id`,`privacy_flag`,`commit_date`,`audit_date`,`publish_date`,`revocation_date`,`audited_by`,`audit_opinion`,`audit_status`,`service_status`,`create_date`,`last_update_date`,`attribute1`,`attribute2`,`attribute3`,`attribute4`,`attribute5`,`attribute6`,`attribute7`,`attribute8`,`attribute9`,`attribute10`) values ('dd1466b3552b4530ae0c6b18ab62e73c','367bd463597b4a2ab23a808088adb750','Y',NULL,NULL,NULL,NULL,NULL,NULL,'unaudited','unpublished','0000-00-00 00:00:00','0000-00-00 00:00:00',NULL,NULL,NULL,NULL,NULL,NULL,NULL,NULL,NULL,NULL);

/*Table structure for table `ts_service_image` */

CREATE TABLE `ts_service_image` (
  `image_id` varchar(32) NOT NULL COMMENT '图片ID',
  `service_id` varchar(32) NOT NULL COMMENT '服务ID',
  `service_image` varchar(1000) NOT NULL COMMENT '服务图片',
  `display_order` int(11) NOT NULL COMMENT '显示顺序',
  PRIMARY KEY (`image_id`),
  KEY `ts_service_image_n1` (`service_id`),
  KEY `ts_service_image_n2` (`display_order`)
) ENGINE=InnoDB DEFAULT CHARSET=utf8 COMMENT='时间服务照片表';

/*Data for the table `ts_service_image` */

insert  into `ts_service_image`(`image_id`,`service_id`,`service_image`,`display_order`) values ('52673f80adc4476f9b3bdce41000899f','dd1466b3552b4530ae0c6b18ab62e73c','/img/367bd463597b4a2ab23a808088adb750/52673f80adc4476f9b3bdce41000899f.jpg',20),('746f739160784e5da6fb0e6ec093387d','dd1466b3552b4530ae0c6b18ab62e73c','/img/367bd463597b4a2ab23a808088adb750/746f739160784e5da6fb0e6ec093387d.jpg',40),('d22811a319114c0389b846bd34c80313','dd1466b3552b4530ae0c6b18ab62e73c','/img/367bd463597b4a2ab23a808088adb750/d22811a319114c0389b846bd34c80313.jpg',30),('dd0efa54c0cf42faa1c11d40637b362c','dd1466b3552b4530ae0c6b18ab62e73c','/img/367bd463597b4a2ab23a808088adb750/dd0efa54c0cf42faa1c11d40637b362c.jpg',50),('e69f1ae5b04a4b738274abb58cc90baa','dd1466b3552b4530ae0c6b18ab62e73c','/img/367bd463597b4a2ab23a808088adb750/e69f1ae5b04a4b738274abb58cc90baa.jpg',10);

/*Table structure for table `ts_service_label` */

CREATE TABLE `ts_service_label` (
  `label_id` varchar(32) NOT NULL COMMENT '出租标签ID',
  `service_id` varchar(32) NOT NULL COMMENT '服务ID',
  `label_source` varchar(50) NOT NULL COMMENT '出租标签来源[platform:平台;tenant:租户;]',
  `label_code` varchar(50) NOT NULL COMMENT '出租标签编码[平台]',
  `label_name` varchar(50) NOT NULL COMMENT '出租标签名称',
  `label_img` varchar(1000) DEFAULT NULL COMMENT '标签背景图片',
  `delete_flag` varchar(1) NOT NULL COMMENT '删除标识',
  `attribute1` varchar(500) DEFAULT NULL,
  `attribute2` varchar(500) DEFAULT NULL,
  `attribute3` varchar(500) DEFAULT NULL,
  `attribute4` varchar(500) DEFAULT NULL,
  `attribute5` varchar(500) DEFAULT NULL,
  `attribute6` varchar(500) DEFAULT NULL,
  `attribute7` varchar(500) DEFAULT NULL,
  `attribute8` varchar(500) DEFAULT NULL,
  `attribute9` varchar(500) DEFAULT NULL,
  `attribute10` varchar(500) DEFAULT NULL,
  PRIMARY KEY (`label_id`),
  KEY `ts_service_label_n1` (`service_id`),
  KEY `ts_service_label_n2` (`label_source`),
  KEY `ts_service_label_n3` (`delete_flag`)
) ENGINE=InnoDB DEFAULT CHARSET=utf8 COMMENT='时间服务出租标签';

/*Data for the table `ts_service_label` */

insert  into `ts_service_label`(`label_id`,`service_id`,`label_source`,`label_code`,`label_name`,`label_img`,`delete_flag`,`attribute1`,`attribute2`,`attribute3`,`attribute4`,`attribute5`,`attribute6`,`attribute7`,`attribute8`,`attribute9`,`attribute10`) values ('2522f20e58874f0aa5084824b06cc812','dd1466b3552b4530ae0c6b18ab62e73c','platform','41','80后',NULL,'',NULL,NULL,NULL,NULL,NULL,NULL,NULL,NULL,NULL,NULL),('ea77539afc32476083c45d86ca445b2a','dd1466b3552b4530ae0c6b18ab62e73c','platform','34','程序猿',NULL,'',NULL,NULL,NULL,NULL,NULL,NULL,NULL,NULL,NULL,NULL);

/*Table structure for table `ts_service_scope` */

CREATE TABLE `ts_service_scope` (
  `scope_id` varchar(32) NOT NULL COMMENT '出租范围ID',
  `service_id` varchar(32) NOT NULL COMMENT '服务ID',
  `scope_source` varchar(50) NOT NULL COMMENT '出租范围来源[platform:平台;tenant:租户;]',
  `scope_code` varchar(50) NOT NULL COMMENT '出租范围编码[平台]',
  `scope_name` varchar(50) NOT NULL COMMENT '出租范围名称',
  `scope_img` varchar(1000) DEFAULT NULL COMMENT '出租范围背景图片',
  `hourly_wage` int(11) NOT NULL COMMENT '时薪',
  `upside_down_flag` char(1) NOT NULL COMMENT '倒贴标识',
  `delete_flag` char(1) NOT NULL COMMENT '删除标识',
  `attribute1` varchar(500) DEFAULT NULL,
  `attribute2` varchar(500) DEFAULT NULL,
  `attribute3` varchar(500) DEFAULT NULL,
  `attribute4` varchar(500) DEFAULT NULL,
  `attribute5` varchar(500) DEFAULT NULL,
  `attribute6` varchar(500) DEFAULT NULL,
  `attribute7` varchar(500) DEFAULT NULL,
  `attribute8` varchar(500) DEFAULT NULL,
  `attribute9` varchar(500) DEFAULT NULL,
  `attribute10` varchar(500) DEFAULT NULL,
  PRIMARY KEY (`scope_id`),
  KEY `ts_service_scope_n1` (`service_id`),
  KEY `ts_service_scope_n2` (`scope_source`),
  KEY `ts_service_scope_n3` (`delete_flag`)
) ENGINE=InnoDB DEFAULT CHARSET=utf8 COMMENT='时间服务出租范围表';

/*Data for the table `ts_service_scope` */

insert  into `ts_service_scope`(`scope_id`,`service_id`,`scope_source`,`scope_code`,`scope_name`,`scope_img`,`hourly_wage`,`upside_down_flag`,`delete_flag`,`attribute1`,`attribute2`,`attribute3`,`attribute4`,`attribute5`,`attribute6`,`attribute7`,`attribute8`,`attribute9`,`attribute10`) values ('21ba670d45a54556ae5cb46309483aa4','dd1466b3552b4530ae0c6b18ab62e73c','platform','10','聊天',NULL,100,'N','N',NULL,NULL,NULL,NULL,NULL,NULL,NULL,NULL,NULL,NULL),('ef2e59bc1b264783a7915fc552528b50','dd1466b3552b4530ae0c6b18ab62e73c','platform','20','约饭',NULL,200,'N','N',NULL,NULL,NULL,NULL,NULL,NULL,NULL,NULL,NULL,NULL);

/*Table structure for table `lov_data_dict_v` */

DROP TABLE IF EXISTS `lov_data_dict_v`;

/*!50001 CREATE TABLE  `lov_data_dict_v`(
 `type_code` varchar(50) ,
 `type_name` varchar(100) ,
 `description` varchar(200) 
)*/;

/*Table structure for table `lov_data_struct_v` */

DROP TABLE IF EXISTS `lov_data_struct_v`;

/*!50001 CREATE TABLE  `lov_data_struct_v`(
 `struct_code` varchar(50) ,
 `struct_name` varchar(100) ,
 `description` varchar(200) 
)*/;

/*Table structure for table `lov_font_icon_v` */

DROP TABLE IF EXISTS `lov_font_icon_v`;

/*!50001 CREATE TABLE  `lov_font_icon_v`(
 `item_code` varchar(50) ,
 `display` varchar(156) 
)*/;

/*Table structure for table `lov_function_v` */

DROP TABLE IF EXISTS `lov_function_v`;

/*!50001 CREATE TABLE  `lov_function_v`(
 `function_code` varchar(50) ,
 `function_name` varchar(100) ,
 `function_url` varchar(500) ,
 `description` varchar(200) 
)*/;

/*Table structure for table `lov_list_of_value_v` */

DROP TABLE IF EXISTS `lov_list_of_value_v`;

/*!50001 CREATE TABLE  `lov_list_of_value_v`(
 `lov_code` varchar(50) ,
 `lov_name` varchar(100) ,
 `view_name` varchar(50) ,
 `description` varchar(200) 
)*/;

/*Table structure for table `lov_operating_entity_v` */

DROP TABLE IF EXISTS `lov_operating_entity_v`;

/*!50001 CREATE TABLE  `lov_operating_entity_v`(
 `entity_id` varchar(32) ,
 `entity_name` varchar(100) ,
 `operator` varchar(20) ,
 `email` varchar(50) ,
 `mobilephone` varchar(20) ,
 `start_date` varchar(10) ,
 `end_date` varchar(10) 
)*/;

/*Table structure for table `lov_role_v` */

DROP TABLE IF EXISTS `lov_role_v`;

/*!50001 CREATE TABLE  `lov_role_v`(
 `role_id` varchar(32) ,
 `role_name` varchar(50) ,
 `description` varchar(100) 
)*/;

/*View structure for view lov_data_dict_v */

/*!50001 DROP TABLE IF EXISTS `lov_data_dict_v` */;
/*!50001 CREATE ALGORITHM=UNDEFINED DEFINER=`adf`@`localhost` SQL SECURITY DEFINER VIEW `lov_data_dict_v` AS (select `sys_data_dict_type`.`type_code` AS `type_code`,`sys_data_dict_type`.`type_name` AS `type_name`,`sys_data_dict_type`.`description` AS `description` from `sys_data_dict_type` order by `sys_data_dict_type`.`type_code`) */;

/*View structure for view lov_data_struct_v */

/*!50001 DROP TABLE IF EXISTS `lov_data_struct_v` */;
/*!50001 CREATE ALGORITHM=UNDEFINED DEFINER=`adf`@`localhost` SQL SECURITY DEFINER VIEW `lov_data_struct_v` AS (select `dsd`.`struct_code` AS `struct_code`,`dsd`.`struct_name` AS `struct_name`,`dsd`.`description` AS `description` from `sys_data_struct_define` `dsd` order by `dsd`.`struct_code`) */;

/*View structure for view lov_font_icon_v */

/*!50001 DROP TABLE IF EXISTS `lov_font_icon_v` */;
/*!50001 CREATE ALGORITHM=UNDEFINED DEFINER=`adf`@`localhost` SQL SECURITY DEFINER VIEW `lov_font_icon_v` AS (select `ddi`.`item_code` AS `item_code`,concat('<i class="fa ',`ddi`.`item_code`,'"></i><span>&nbsp;&nbsp;',`ddi`.`item_code`,'&nbsp;&nbsp;</span>') AS `display` from `sys_data_dict_item` `ddi` where (`ddi`.`type_code` = 'font_icon') order by `ddi`.`item_code`) */;

/*View structure for view lov_function_v */

/*!50001 DROP TABLE IF EXISTS `lov_function_v` */;
/*!50001 CREATE ALGORITHM=UNDEFINED DEFINER=`adf`@`localhost` SQL SECURITY DEFINER VIEW `lov_function_v` AS (select `sf`.`function_code` AS `function_code`,`sf`.`function_name` AS `function_name`,`sf`.`function_url` AS `function_url`,`sf`.`description` AS `description` from `sys_function` `sf` order by `sf`.`function_code`) */;

/*View structure for view lov_list_of_value_v */

/*!50001 DROP TABLE IF EXISTS `lov_list_of_value_v` */;
/*!50001 CREATE ALGORITHM=UNDEFINED DEFINER=`adf`@`localhost` SQL SECURITY DEFINER VIEW `lov_list_of_value_v` AS (select `sys_lov_define`.`lov_code` AS `lov_code`,`sys_lov_define`.`lov_name` AS `lov_name`,`sys_lov_define`.`view_name` AS `view_name`,`sys_lov_define`.`description` AS `description` from `sys_lov_define` order by `sys_lov_define`.`lov_code`) */;

/*View structure for view lov_operating_entity_v */

/*!50001 DROP TABLE IF EXISTS `lov_operating_entity_v` */;
/*!50001 CREATE ALGORITHM=UNDEFINED DEFINER=`tsp`@`localhost` SQL SECURITY DEFINER VIEW `lov_operating_entity_v` AS (select `oe`.`entity_id` AS `entity_id`,`oe`.`entity_name` AS `entity_name`,`oe`.`operator` AS `operator`,`oe`.`email` AS `email`,`oe`.`mobilephone` AS `mobilephone`,date_format(`oe`.`start_date`,'%Y-%m-%d') AS `start_date`,date_format(`oe`.`end_date`,'%Y-%m-%d') AS `end_date` from `oe_operating_entity` `oe` where (`oe`.`status` = 'valid') order by `oe`.`entity_name`) */;

/*View structure for view lov_role_v */

/*!50001 DROP TABLE IF EXISTS `lov_role_v` */;
/*!50001 CREATE ALGORITHM=UNDEFINED DEFINER=`root`@`localhost` SQL SECURITY DEFINER VIEW `lov_role_v` AS (select `sys_role`.`role_id` AS `role_id`,`sys_role`.`role_name` AS `role_name`,`sys_role`.`description` AS `description` from `sys_role` order by `sys_role`.`role_name`) */;

/*!40101 SET SQL_MODE=@OLD_SQL_MODE */;
/*!40014 SET UNIQUE_CHECKS=@OLD_UNIQUE_CHECKS */;
/*!40111 SET SQL_NOTES=@OLD_SQL_NOTES */;
